user_id,signup_date,acquisition_channel,device_type,country,plan_type,funnel_stage,session_count,session_duration_min,features_used,support_tickets,user_feedback,satisfaction_score,upgraded,churned,onboarding_completed,bugs_reported,referral_count,trial_days_left,last_active_days
1,2025-10-17,Paid,Mobile,Canada,Free,Onboarding,4.0,25.0,2.0,0.0,It's fine for now,2.5,0,1,1,1.0,0.0,0.0,6.0
2,2025-06-24,Organic,Mobile,India,Free,First Feature Use,10.0,41.0,5.0,0.0,Love how everything is customisable,4.5,0,1,1,1.0,1.0,0.0,11.0
3,2025-08-02,Referral,Mobile,USA,Free,Sign-up,4.0,24.0,1.0,0.0,Still evaluating whether premium is worth it,2.5,0,1,0,0.0,0.0,0.0,3.0
4,2025-02-04,Organic,Mobile,UK,Free,First Feature Use,9.0,44.0,3.0,0.0,Easy onboarding experience,4.3,0,1,1,2.0,,0.0,12.0
5,2025-08-09,Referral,Mobile,USA,Free,Landing,2.0,,0.0,1.0,No dark mode,1.6,0,1,0,0.0,0.0,0.0,5.0
6,2025-02-24,Organic,Desktop,USA,Free,Landing,1.0,6.0,0.0,0.0,No dark mode,1.6,0,1,0,0.0,0.0,0.0,4.0
7,2025-10-28,Paid,Desktop,India,Basic,First Feature Use,5.0,58.0,5.0,0.0,Similar to other tools,3.8,0,0,1,1.0,0.0,1.0,18.0
8,2025-12-15,Paid,Mobile,UK,Free,Sign-up,2.0,13.0,0.0,1.0,Customer support unhelpful,1.1,0,1,0,0.0,0.0,0.0,2.0
9,2025-08-10,Paid,Desktop,USA,Free,First Feature Use,7.0,48.0,6.0,1.0,Average experience so far,3.7,0,1,1,1.0,0.0,0.0,7.0
10,2026-02-09,Organic,Tablet,India,Basic,First Feature Use,9.0,48.0,7.0,1.0,Helped our team productivity,4.3,0,0,1,1.0,0.0,6.0,5.0
11,2025-08-13,Paid,Mobile,USA,Basic,Onboarding,5.0,27.0,3.0,1.0,Ok for basic use,3.2,0,0,1,0.0,0.0,10.0,8.0
12,2025-01-21,Organic,Mobile,USA,Premium,Upgrade,23.0,106.0,17.0,0.0,Worth every penny,4.9,1,0,1,1.0,0.0,0.0,29.0
13,2026-03-05,Paid,Mobile,USA,Free,Onboarding,3.0,30.0,2.0,0.0,Works most of the time,3.4,0,1,1,0.0,0.0,0.0,10.0
14,2025-07-15,Paid,Desktop,Germany,Free,First Feature Use,5.0,66.0,3.0,3.0,Decent but not great,3.9,0,1,1,1.0,0.0,0.0,7.0
15,2025-01-22,Referral,Desktop,Germany,Premium,Upgrade,14.0,100.0,7.0,1.0,Worth every penny,4.5,1,0,1,0.0,0.0,0.0,23.0
16,2026-02-17,Paid,Desktop,USA,Basic,Onboarding,7.0,20.0,2.0,0.0,"Works as expected, nothing special",3.9,0,0,1,2.0,1.0,11.0,5.0
17,2025-01-23,Organic,Mobile,USA,Free,Landing,1.0,9.0,0.0,0.0,Data sync is unreliable,2.1,0,1,0,0.0,0.0,0.0,5.0
18,2025-06-25,Paid,Desktop,UK,Free,First Feature Use,7.0,57.0,3.0,1.0,Standard SaaS experience,3.8,0,1,1,4.0,0.0,,3.0
19,2025-05-13,Paid,Mobile,India,Free,Sign-up,4.0,,,0.0,Decent but not great,3.4,0,1,0,0.0,1.0,0.0,4.0
20,2026-04-26,Referral,Mobile,USA,Basic,First Feature Use,11.0,53.0,4.0,0.0,Simple and effective design,4.9,0,1,1,0.0,0.0,0.0,19.0
21,2025-01-24,Referral,Mobile,USA,Basic,Onboarding,3.0,,,1.0,Basic features work fine so far,3.0,0,0,1,0.0,0.0,12.0,4.0
22,2025-01-29,Paid,Mobile,Canada,Basic,First Feature Use,9.0,43.0,3.0,0.0,Highly recommend to other teams,4.4,0,0,1,0.0,0.0,1.0,12.0
23,2025-02-11,Organic,Desktop,UK,Free,Landing,1.0,5.0,0.0,1.0,Frequent downtime,1.2,0,1,0,1.0,0.0,0.0,6.0
24,2025-01-30,Paid,Desktop,USA,Free,Onboarding,3.0,44.0,3.0,0.0,Will evaluate again next month,3.8,0,1,1,0.0,0.0,0.0,3.0
25,2025-07-06,Paid,Tablet,UK,Premium,Upgrade,20.0,92.0,10.0,0.0,Integration with Slack was seamless,4.7,1,0,1,0.0,0.0,0.0,28.0
26,2025-06-27,Referral,Mobile,USA,Free,Sign-up,4.0,15.0,1.0,0.0,Good enough for my use case,3.4,0,1,0,2.0,0.0,0.0,1.0
27,2026-02-01,Organic,Tablet,USA,Free,Sign-up,3.0,10.0,0.0,0.0,Will decide after trial ends,3.7,0,1,0,0.0,0.0,0.0,1.0
28,2025-12-22,Organic,Desktop,Germany,Free,Sign-up,3.0,20.0,0.0,0.0,Will decide after trial ends,3.4,0,1,0,0.0,0.0,0.0,2.0
29,2025-07-25,Organic,Mobile,USA,Free,First Feature Use,7.0,33.0,5.0,0.0,Still evaluating whether premium is worth it,3.1,0,1,1,1.0,0.0,0.0,1.0
30,2025-10-14,Paid,Desktop,USA,Premium,Upgrade,16.0,97.0,16.0,1.0,Customer support was excellent,4.5,1,0,1,1.0,0.0,0.0,8.0
31,2025-06-25,Referral,Desktop,UK,Basic,First Feature Use,8.0,41.0,5.0,0.0,Needs a few more integrations,3.2,0,0,1,2.0,1.0,2.0,12.0
32,2025-01-22,Organic,Mobile,Germany,Free,Landing,2.0,5.0,0.0,0.0,Too many steps during setup process,1.9,0,1,0,0.0,0.0,0.0,5.0
33,2025-09-02,Paid,Desktop,India,Free,First Feature Use,6.0,36.0,3.0,1.0,Still evaluating whether premium is worth it,3.8,0,1,1,3.0,0.0,0.0,16.0
34,2026-01-22,Paid,Desktop,USA,Basic,Onboarding,,43.0,2.0,0.0,Not sure if I'll continue,3.6,0,0,1,1.0,0.0,5.0,11.0
35,2025-12-11,Paid,Desktop,India,Free,Sign-up,4.0,13.0,1.0,0.0,Still exploring features,3.4,0,1,0,0.0,0.0,0.0,6.0
36,2025-11-21,Organic,Desktop,UK,Free,Sign-up,4.0,17.0,0.0,0.0,Not sure if I'll continue,3.5,0,1,0,2.0,0.0,0.0,8.0
37,2026-02-04,Referral,Mobile,USA,Premium,Upgrade,23.0,69.0,16.0,0.0,Helped our team productivity,4.8,1,0,1,0.0,0.0,0.0,19.0
38,2025-01-26,Organic,Desktop,India,Basic,Upgrade,17.0,72.0,18.0,1.0,Automated reports are a lifesaver,4.9,1,0,1,0.0,0.0,0.0,
39,2025-05-08,Paid,Desktop,USA,Free,Onboarding,4.0,41.0,3.0,0.0,Still evaluating whether premium is worth it,4.0,0,1,1,0.0,0.0,0.0,11.0
40,2025-07-27,Organic,Mobile,Canada,Free,Sign-up,4.0,17.0,1.0,0.0,Standard SaaS experience,2.5,0,1,0,0.0,0.0,0.0,6.0
41,2025-04-08,Paid,Mobile,UK,Free,First Feature Use,7.0,55.0,6.0,1.0,Meets minimum requirements,3.1,0,1,1,0.0,1.0,0.0,10.0
42,2026-01-15,Referral,Desktop,USA,Free,First Feature Use,6.0,66.0,3.0,0.0,It's fine for now,3.0,0,1,1,0.0,0.0,0.0,11.0
43,2025-03-03,Organic,Mobile,UK,Free,Landing,2.0,9.0,0.0,0.0,Email notifications are spammy,2.5,0,1,0,1.0,0.0,0.0,5.0
44,2025-02-24,Organic,Desktop,USA,Free,Onboarding,6.0,44.0,3.0,0.0,Decent but not great,3.7,0,1,1,0.0,0.0,0.0,2.0
45,2026-03-26,Paid,Tablet,UK,Free,Landing,2.0,,0.0,0.0,Too many bugs on mobile,2.4,0,1,0,0.0,0.0,0.0,5.0
46,2025-12-02,Paid,Mobile,USA,Free,Sign-up,2.0,18.0,0.0,0.0,Dashboard loads slowly,2.1,0,1,0,0.0,0.0,0.0,8.0
47,2025-08-12,Paid,Mobile,USA,Free,Sign-up,2.0,23.0,0.0,0.0,Support response time is slow,1.3,0,1,0,0.0,0.0,0.0,5.0
48,2026-04-17,Organic,Mobile,India,Free,Landing,2.0,13.0,0.0,0.0,Mobile app crashes while exporting reports,1.5,0,1,0,,0.0,0.0,2.0
49,2025-12-26,Organic,Desktop,India,Free,Landing,1.0,6.0,0.0,1.0,Cannot customize reports enough,2.3,0,1,0,0.0,0.0,,4.0
50,2026-02-24,Organic,Tablet,USA,Free,First Feature Use,6.0,34.0,5.0,1.0,Ok for basic use,3.4,0,1,1,0.0,0.0,0.0,17.0
51,2025-08-08,Organic,Mobile,UK,Free,Sign-up,3.0,18.0,0.0,0.0,Needs a few more integrations,,0,1,0,1.0,0.0,0.0,1.0
52,2025-01-17,Referral,Mobile,UK,Free,First Feature Use,8.0,54.0,4.0,0.0,Not blown away but not disappointed,2.7,0,1,1,,1.0,0.0,15.0
53,2025-03-26,Organic,Desktop,USA,Free,Landing,1.0,13.0,0.0,0.0,UI feels outdated,1.2,0,1,0,0.0,0.0,0.0,4.0
54,2026-02-24,Organic,Desktop,USA,Free,Landing,2.0,5.0,0.0,0.0,Mobile app crashes while exporting reports,1.2,0,1,0,0.0,0.0,0.0,1.0
55,2025-02-01,Organic,Mobile,India,Free,Sign-up,2.0,11.0,0.0,1.0,Pricing too high for small businesses,1.9,0,1,0,1.0,0.0,0.0,4.0
56,2025-12-10,Organic,Desktop,USA,Free,Landing,2.0,6.0,0.0,0.0,UI feels outdated,2.2,0,1,0,0.0,0.0,0.0,6.0
57,2025-02-17,Paid,Mobile,Germany,Free,Landing,1.0,14.0,0.0,0.0,Pricing too high for small businesses,1.6,0,1,0,0.0,0.0,0.0,1.0
58,2025-04-29,Paid,Desktop,UK,Free,Onboarding,3.0,37.0,2.0,2.0,Will decide after trial ends,3.9,0,1,1,,0.0,0.0,8.0
59,2026-01-22,Organic,Mobile,Germany,Free,Sign-up,3.0,20.0,1.0,2.0,Standard SaaS experience,3.0,0,1,0,0.0,0.0,0.0,7.0
60,2026-01-27,Organic,Mobile,USA,Free,Landing,2.0,14.0,0.0,1.0,Too many bugs on mobile,2.0,0,1,0,1.0,0.0,0.0,4.0
61,2026-02-06,Organic,Desktop,India,Free,First Feature Use,,57.0,4.0,0.0,It's fine for now,3.1,0,1,1,1.0,0.0,0.0,10.0
62,2026-03-22,Paid,Mobile,USA,Free,Onboarding,3.0,26.0,2.0,0.0,Could be better but not terrible,2.7,0,1,1,0.0,0.0,0.0,6.0
63,2025-11-21,Paid,Mobile,India,Free,Onboarding,5.0,30.0,1.0,0.0,Average experience so far,3.3,0,1,1,0.0,0.0,0.0,13.0
64,2025-10-24,Organic,Tablet,USA,Free,Landing,2.0,11.0,0.0,0.0,Too many bugs on mobile,2.0,0,1,0,0.0,0.0,,1.0
65,2026-03-20,Paid,Desktop,USA,Free,First Feature Use,6.0,,7.0,0.0,Not sure if I'll continue,3.0,0,1,1,1.0,0.0,0.0,16.0
66,2025-04-21,Paid,Mobile,USA,Free,Sign-up,2.0,19.0,0.0,0.0,Pricing feels too expensive,2.1,0,1,0,0.0,0.0,0.0,7.0
67,2025-09-26,Referral,Desktop,USA,Basic,First Feature Use,5.0,34.0,6.0,0.0,Meets minimum requirements,3.8,0,0,1,3.0,0.0,2.0,1.0
68,2025-03-20,Referral,Desktop,India,Premium,Upgrade,11.0,100.0,8.0,0.0,Best SaaS tool I've used,4.4,1,0,1,0.0,1.0,0.0,4.0
69,2025-08-14,Organic,Desktop,UK,Free,Landing,2.0,13.0,0.0,0.0,No dark mode,2.2,0,1,0,1.0,0.0,0.0,6.0
70,2025-05-09,Organic,Mobile,UK,Basic,Upgrade,22.0,74.0,15.0,1.0,Reporting module saves a lot of time,4.8,1,0,1,0.0,0.0,0.0,27.0
71,2025-09-29,Organic,Desktop,USA,Free,Landing,1.0,7.0,0.0,0.0,Billing system is confusing,1.0,0,1,0,0.0,0.0,0.0,4.0
72,2026-02-26,Paid,Desktop,USA,Free,First Feature Use,10.0,49.0,6.0,1.0,Very intuitive UI,4.3,0,1,1,0.0,0.0,0.0,
73,2025-09-20,Referral,Desktop,India,Free,Onboarding,4.0,28.0,3.0,0.0,Could be better but not terrible,3.2,0,1,1,0.0,2.0,0.0,4.0
74,2025-06-24,Paid,Mobile,India,Basic,Upgrade,12.0,88.0,10.0,0.0,Analytics dashboard is insightful,4.2,1,0,1,1.0,0.0,0.0,21.0
75,2025-04-17,Organic,Desktop,USA,Free,Landing,2.0,10.0,0.0,0.0,Mobile app crashes while exporting reports,2.5,0,1,0,0.0,0.0,0.0,4.0
76,2025-04-21,Organic,Mobile,UK,Premium,Upgrade,23.0,142.0,14.0,0.0,Worth every penny,4.9,1,0,1,0.0,,0.0,13.0
77,2025-12-26,Organic,Desktop,India,Premium,Upgrade,19.0,107.0,16.0,0.0,Highly recommend to other teams,4.7,1,0,1,0.0,0.0,0.0,3.0
78,2026-02-01,Organic,Tablet,Germany,Free,Landing,2.0,6.0,0.0,0.0,Missing basic integrations,1.4,0,1,0,0.0,0.0,0.0,5.0
79,2025-10-12,Paid,Mobile,USA,Free,Sign-up,4.0,11.0,1.0,1.0,Will decide after trial ends,3.5,0,1,0,,0.0,0.0,7.0
80,2025-09-30,Organic,Mobile,India,Free,First Feature Use,9.0,69.0,7.0,,Automated reports are a lifesaver,4.5,0,1,1,1.0,1.0,0.0,16.0
81,2025-04-09,Organic,Desktop,USA,Free,Sign-up,4.0,10.0,0.0,1.0,Still exploring features,3.1,0,1,0,0.0,,0.0,3.0
82,2025-10-16,Paid,Desktop,India,Basic,First Feature Use,10.0,57.0,6.0,0.0,Mobile experience is smooth,4.9,0,0,1,1.0,0.0,4.0,19.0
83,2025-09-24,Organic,Mobile,USA,Free,First Feature Use,10.0,45.0,4.0,,Customer support was excellent,4.2,0,1,1,1.0,0.0,0.0,14.0
84,2025-05-26,Organic,Desktop,UK,Free,Sign-up,2.0,17.0,0.0,0.0,Cannot customize reports enough,2.0,0,1,0,1.0,0.0,0.0,6.0
85,2026-02-17,Organic,Desktop,UK,Free,Onboarding,4.0,44.0,1.0,0.0,Not sure if I'll continue,3.0,0,1,1,0.0,0.0,0.0,4.0
86,2025-12-30,Referral,Desktop,USA,Basic,Onboarding,7.0,28.0,2.0,0.0,Will decide after trial ends,3.8,0,0,1,0.0,0.0,12.0,13.0
87,2025-07-23,Paid,Desktop,UK,Basic,First Feature Use,10.0,50.0,4.0,1.0,Very intuitive UI,4.1,0,0,1,0.0,0.0,2.0,17.0
88,2025-05-17,Organic,Mobile,India,Free,Landing,2.0,14.0,0.0,0.0,UI feels outdated,1.6,0,1,0,0.0,0.0,,3.0
89,2025-09-22,Paid,Tablet,USA,Premium,Upgrade,10.0,138.0,14.0,0.0,Great value for money,4.9,1,0,1,0.0,0.0,0.0,19.0
90,2025-03-28,Organic,Mobile,USA,Premium,Upgrade,19.0,66.0,16.0,1.0,Automated reports are a lifesaver,4.8,1,0,1,0.0,0.0,0.0,2.0
91,2025-09-02,Paid,Mobile,USA,Free,Sign-up,2.0,21.0,0.0,0.0,Support response time is slow,2.0,0,1,0,0.0,0.0,0.0,6.0
92,2026-03-07,Paid,Mobile,India,Free,Onboarding,6.0,42.0,2.0,0.0,Ok for basic use,3.0,0,1,1,1.0,0.0,0.0,8.0
93,2025-06-13,Referral,Desktop,India,Free,Landing,1.0,13.0,0.0,0.0,Support response time is slow,,0,1,0,0.0,0.0,0.0,5.0
94,2025-07-12,Paid,Desktop,India,Free,Sign-up,3.0,22.0,1.0,0.0,Average experience so far,3.1,0,1,0,0.0,0.0,0.0,5.0
95,2025-11-12,Referral,Mobile,USA,Premium,Upgrade,12.0,89.0,10.0,0.0,Data export works perfectly,4.7,1,0,1,1.0,0.0,0.0,13.0
96,2025-06-10,Referral,Desktop,USA,Free,First Feature Use,9.0,69.0,5.0,0.0,Reporting module saves a lot of time,4.4,0,1,1,,0.0,0.0,7.0
97,2026-04-15,Referral,Desktop,USA,Free,Landing,1.0,11.0,0.0,0.0,Export functionality is limited,2.0,0,1,0,1.0,0.0,0.0,6.0
98,2026-01-02,Paid,Desktop,Canada,Free,Onboarding,3.0,40.0,1.0,1.0,"Works as expected, nothing special",3.5,0,1,1,1.0,0.0,0.0,9.0
99,2026-02-26,Organic,Desktop,USA,Basic,First Feature Use,7.0,63.0,5.0,1.0,Average experience so far,3.3,0,0,1,0.0,0.0,7.0,9.0
100,2025-01-12,Organic,Mobile,USA,Free,Sign-up,2.0,19.0,1.0,0.0,Pricing feels too expensive,1.0,0,1,0,1.0,0.0,0.0,8.0
101,2025-01-03,Organic,Mobile,India,Free,Landing,2.0,8.0,0.0,0.0,Export functionality is limited,1.7,0,1,0,0.0,0.0,0.0,3.0
102,2026-03-04,Organic,Desktop,Germany,Basic,First Feature Use,7.0,37.0,6.0,0.0,Meets minimum requirements,3.1,0,0,1,1.0,1.0,2.0,8.0
103,2025-05-02,Paid,Mobile,USA,Free,Onboarding,3.0,40.0,3.0,0.0,Standard SaaS experience,3.5,0,1,1,0.0,1.0,0.0,13.0
104,2025-05-21,Paid,Mobile,USA,Free,Sign-up,2.0,21.0,1.0,0.0,Trial period too short,1.1,0,1,0,,0.0,0.0,4.0
105,2025-03-22,Referral,Desktop,UK,Free,First Feature Use,11.0,32.0,6.0,2.0,Easy onboarding experience,4.1,0,1,1,1.0,0.0,0.0,19.0
106,2025-09-08,Organic,Desktop,UK,Free,First Feature Use,5.0,45.0,4.0,0.0,Ok for basic use,2.6,0,1,1,1.0,0.0,0.0,2.0
107,2025-08-31,Organic,Desktop,USA,Free,Landing,2.0,6.0,0.0,0.0,Too many bugs on mobile,1.3,0,1,0,0.0,0.0,0.0,4.0
108,2025-07-10,Paid,Mobile,India,Free,Onboarding,3.0,31.0,1.0,0.0,Need more time before upgrading,3.5,0,1,1,0.0,0.0,0.0,7.0
109,2025-11-26,Organic,Mobile,UK,Free,Sign-up,4.0,16.0,1.0,0.0,Good enough for my use case,3.1,0,1,0,0.0,0.0,0.0,8.0
110,2025-03-11,Organic,Desktop,India,Free,Landing,2.0,8.0,0.0,0.0,Mobile app crashes while exporting reports,2.3,0,1,0,0.0,0.0,0.0,2.0
111,2025-11-11,Referral,Mobile,USA,Free,Landing,2.0,8.0,0.0,0.0,Too many steps during setup process,1.7,0,1,0,0.0,0.0,0.0,5.0
112,2025-05-12,Paid,Mobile,USA,Basic,First Feature Use,5.0,50.0,3.0,1.0,Need more time before upgrading,4.0,0,0,1,1.0,0.0,4.0,15.0
113,2025-08-23,Organic,Mobile,India,Basic,Upgrade,22.0,105.0,17.0,1.0,The API documentation is clear,4.8,1,0,1,1.0,0.0,0.0,
114,2025-08-01,Referral,Desktop,India,Free,Landing,1.0,8.0,0.0,0.0,Too many bugs on mobile,2.0,0,1,0,0.0,0.0,0.0,2.0
115,2025-06-05,Paid,Mobile,India,Free,First Feature Use,11.0,50.0,6.0,1.0,Integration with Slack was seamless,4.1,0,1,1,0.0,0.0,0.0,11.0
116,2026-01-21,Paid,Mobile,India,Free,Onboarding,4.0,43.0,3.0,1.0,Need more time before upgrading,3.0,0,1,1,0.0,0.0,0.0,6.0
117,2025-10-26,Referral,Mobile,USA,Free,Sign-up,3.0,14.0,0.0,0.0,Average experience so far,3.0,0,1,0,0.0,0.0,0.0,8.0
118,2025-05-09,Organic,Mobile,USA,Free,Landing,2.0,12.0,0.0,0.0,No dark mode,1.4,0,1,0,0.0,0.0,0.0,1.0
119,2025-10-13,Paid,Mobile,USA,Basic,Upgrade,19.0,106.0,14.0,0.0,Support team solved my issue quickly,4.8,1,0,1,,0.0,0.0,18.0
120,2025-12-19,Organic,Mobile,Germany,Free,First Feature Use,7.0,57.0,3.0,0.0,Still exploring features,3.1,0,1,1,0.0,0.0,0.0,7.0
121,2026-02-26,Organic,Desktop,USA,Free,Sign-up,4.0,17.0,1.0,0.0,Standard SaaS experience,2.7,0,1,0,0.0,0.0,0.0,9.0
122,2026-03-28,Referral,Mobile,USA,Free,Sign-up,3.0,12.0,0.0,0.0,"Works as expected, nothing special",3.1,0,1,0,1.0,1.0,0.0,
123,2025-08-21,Paid,Mobile,USA,Basic,Onboarding,4.0,40.0,2.0,0.0,"Works as expected, nothing special",3.0,0,0,1,0.0,1.0,8.0,13.0
124,2025-11-02,Paid,Mobile,Germany,Free,Onboarding,7.0,30.0,2.0,0.0,Not blown away but not disappointed,3.3,0,1,1,1.0,0.0,0.0,8.0
125,2025-01-31,Referral,Mobile,India,Basic,Upgrade,22.0,135.0,19.0,0.0,The mobile app is surprisingly good,4.8,1,0,1,0.0,,0.0,7.0
126,2026-02-21,Referral,Mobile,Germany,Free,First Feature Use,10.0,44.0,5.0,0.0,Onboarding tutorial was straightforward,4.9,0,1,1,2.0,1.0,0.0,10.0
127,2025-06-01,Referral,Mobile,USA,Free,Onboarding,3.0,43.0,1.0,0.0,Ok for basic use,3.0,0,1,1,1.0,0.0,0.0,12.0
128,2025-02-04,Paid,Mobile,UK,Free,Sign-up,4.0,13.0,1.0,0.0,Decent but not great,3.1,0,1,0,0.0,1.0,0.0,2.0
129,2025-06-24,Organic,Tablet,USA,Free,Sign-up,4.0,16.0,0.0,0.0,Good enough for my use case,3.3,0,1,0,0.0,0.0,0.0,8.0
130,2026-04-27,Organic,Mobile,USA,Free,Onboarding,4.0,32.0,1.0,0.0,Still evaluating whether premium is worth it,3.7,0,1,1,0.0,0.0,0.0,7.0
131,2025-03-22,Organic,Tablet,USA,Free,Landing,,11.0,0.0,0.0,Pricing feels too expensive,2.3,0,1,0,1.0,0.0,0.0,3.0
132,2025-06-19,Organic,Mobile,USA,Free,Sign-up,2.0,18.0,0.0,0.0,App crashes during report export,1.3,0,1,0,0.0,0.0,0.0,7.0
133,2026-01-13,Paid,Mobile,UK,Free,First Feature Use,8.0,68.0,7.0,2.0,Not sure if I'll continue,3.6,0,1,1,0.0,0.0,0.0,15.0
134,2025-04-09,Paid,Desktop,Germany,Free,Onboarding,3.0,31.0,3.0,0.0,Nothing exceptional,2.9,0,1,1,0.0,1.0,0.0,10.0
135,2026-02-05,Referral,Mobile,USA,Free,Landing,1.0,6.0,0.0,0.0,Mobile UI is cluttered,2.2,0,1,0,0.0,0.0,0.0,6.0
136,2025-03-15,Paid,Mobile,Germany,Free,First Feature Use,7.0,41.0,7.0,1.0,Learning curve is medium,2.5,0,1,1,0.0,0.0,0.0,15.0
137,2026-01-09,Paid,Tablet,USA,Free,First Feature Use,10.0,49.0,6.0,0.0,Best SaaS tool I've used,4.2,0,1,1,0.0,0.0,0.0,15.0
138,2026-03-17,Organic,Mobile,USA,Free,Landing,1.0,5.0,0.0,0.0,Billing system is confusing,2.3,0,1,0,1.0,0.0,0.0,1.0
139,2025-06-07,Organic,Mobile,USA,Free,Onboarding,4.0,23.0,2.0,1.0,Decent but not great,3.6,0,1,1,1.0,1.0,0.0,3.0
140,2025-08-08,Organic,Mobile,USA,Basic,Onboarding,7.0,34.0,3.0,0.0,Similar to other tools,2.5,0,0,1,,1.0,11.0,3.0
141,2025-11-20,Paid,Tablet,USA,Free,Landing,1.0,6.0,0.0,0.0,Export functionality is limited,1.9,0,1,0,0.0,0.0,0.0,2.0
142,2025-01-18,Organic,Desktop,India,Free,Sign-up,2.0,22.0,0.0,0.0,Missing key features compared to competitors,1.6,0,1,0,1.0,1.0,0.0,3.0
143,2025-05-11,Paid,Mobile,India,Free,Landing,,9.0,0.0,0.0,Data sync is unreliable,2.0,0,1,0,0.0,0.0,0.0,4.0
144,2025-03-06,Paid,Mobile,India,Free,Sign-up,2.0,11.0,1.0,1.0,Cannot customize reports enough,2.5,0,1,0,0.0,0.0,0.0,3.0
145,2025-09-01,Organic,Desktop,USA,Free,Landing,1.0,10.0,0.0,0.0,Mobile app crashes while exporting reports,1.8,0,1,0,0.0,0.0,0.0,3.0
146,2025-01-09,Organic,Mobile,India,Basic,Onboarding,5.0,35.0,3.0,0.0,Learning curve is medium,2.8,0,0,1,0.0,0.0,14.0,8.0
147,2025-12-04,Paid,Mobile,UK,Free,Landing,1.0,8.0,0.0,0.0,App crashes during report export,1.1,0,1,0,0.0,0.0,0.0,3.0
148,2026-01-11,Organic,Desktop,Canada,Free,Sign-up,2.0,19.0,1.0,0.0,Too many bugs on mobile,1.3,0,1,0,0.0,0.0,0.0,9.0
149,2025-04-16,Paid,Mobile,USA,Free,Onboarding,4.0,43.0,3.0,0.0,Learning curve is medium,3.7,0,1,1,1.0,0.0,0.0,3.0
150,2026-03-13,Paid,Desktop,Canada,Free,First Feature Use,11.0,47.0,7.0,0.0,Worth every penny,4.8,0,1,1,0.0,0.0,0.0,17.0
151,2025-03-08,Paid,Desktop,India,Free,Landing,2.0,6.0,0.0,0.0,Pricing feels too expensive,2.2,0,1,0,0.0,0.0,0.0,4.0
152,2025-10-07,Referral,Desktop,India,Free,Sign-up,4.0,12.0,0.0,0.0,Similar to other tools,2.7,0,1,0,,0.0,0.0,6.0
153,2025-05-09,Paid,Mobile,USA,Free,Onboarding,4.0,31.0,3.0,0.0,Ok for basic use,3.2,0,1,1,1.0,1.0,0.0,10.0
154,2025-11-25,Referral,Mobile,USA,Free,Landing,1.0,10.0,0.0,0.0,UI feels outdated,2.1,0,1,0,0.0,0.0,0.0,4.0
155,2025-01-24,Organic,Mobile,UK,Free,Onboarding,5.0,39.0,1.0,0.0,Ok for basic use,3.1,0,1,1,0.0,0.0,0.0,12.0
156,2025-11-08,Paid,Mobile,USA,Premium,Upgrade,24.0,82.0,17.0,1.0,Automated reports are a lifesaver,4.3,1,0,1,1.0,0.0,0.0,6.0
157,2026-01-21,Organic,Mobile,USA,Free,Sign-up,4.0,12.0,1.0,0.0,Decent but not great,3.0,0,1,0,1.0,0.0,0.0,9.0
158,2025-12-02,Organic,Mobile,Canada,Basic,First Feature Use,8.0,49.0,4.0,0.0,Standard SaaS experience,3.0,0,0,1,0.0,0.0,7.0,6.0
159,2025-09-18,Organic,Mobile,USA,Free,First Feature Use,11.0,31.0,6.0,0.0,Simple and effective design,4.8,0,1,1,2.0,0.0,0.0,2.0
160,2025-06-14,Paid,Mobile,USA,Free,Sign-up,3.0,14.0,1.0,0.0,Still exploring features,3.3,0,1,0,0.0,0.0,0.0,7.0
161,2025-11-09,Organic,Mobile,UK,Free,Sign-up,4.0,21.0,,0.0,Nothing exceptional,3.0,0,1,0,1.0,0.0,0.0,8.0
162,2025-08-09,Organic,Desktop,USA,Free,First Feature Use,11.0,69.0,5.0,2.0,Customer support was excellent,4.3,0,1,1,1.0,0.0,0.0,11.0
163,2025-11-21,Referral,Desktop,UK,Free,Sign-up,3.0,24.0,1.0,0.0,Ok for basic use,3.8,0,1,0,0.0,1.0,0.0,9.0
164,2025-07-20,Referral,Mobile,UK,Free,Sign-up,4.0,21.0,1.0,0.0,Similar to other tools,3.7,0,1,0,0.0,,0.0,3.0
165,2025-08-09,Paid,Desktop,USA,Free,Sign-up,3.0,13.0,0.0,0.0,Will decide after trial ends,2.6,0,1,0,2.0,0.0,0.0,8.0
166,2025-03-17,Paid,Desktop,India,Free,First Feature Use,8.0,56.0,5.0,0.0,Meets minimum requirements,2.6,0,1,1,0.0,0.0,0.0,2.0
167,2025-06-12,Referral,Mobile,USA,Free,Onboarding,7.0,20.0,1.0,0.0,Still evaluating whether premium is worth it,3.0,0,1,1,0.0,0.0,0.0,12.0
168,2025-07-10,Paid,Mobile,Germany,Free,Landing,1.0,12.0,0.0,0.0,UI feels outdated,2.2,0,1,0,0.0,0.0,0.0,1.0
169,2025-07-14,Organic,Mobile,Canada,Free,Landing,2.0,11.0,0.0,0.0,Too many steps during setup process,1.7,0,1,0,0.0,0.0,0.0,3.0
170,2025-05-12,Referral,Mobile,USA,Free,Sign-up,2.0,,1.0,0.0,Missing basic integrations,1.6,0,1,0,0.0,0.0,0.0,8.0
171,2025-01-28,Paid,Mobile,India,Free,Sign-up,4.0,18.0,1.0,0.0,Could be better but not terrible,3.0,0,1,0,2.0,0.0,0.0,3.0
172,2025-09-05,Organic,Tablet,UK,Free,Sign-up,3.0,18.0,0.0,0.0,Good enough for my use case,3.4,0,1,0,0.0,0.0,0.0,7.0
173,2025-01-17,Paid,Mobile,USA,Premium,Upgrade,18.0,140.0,19.0,0.0,Customer support was excellent,4.7,1,0,1,0.0,0.0,0.0,9.0
174,2025-04-09,Organic,Desktop,USA,Free,Landing,1.0,8.0,0.0,0.0,Missing basic integrations,2.1,0,1,0,1.0,0.0,0.0,1.0
175,2025-10-11,Referral,Mobile,USA,Free,Sign-up,2.0,19.0,1.0,0.0,Billing system is confusing,2.4,0,1,0,0.0,2.0,0.0,6.0
176,2025-09-26,Organic,Mobile,Canada,Free,First Feature Use,5.0,54.0,3.0,0.0,No strong opinion yet,3.5,0,1,1,0.0,0.0,0.0,8.0
177,2025-08-18,Referral,Mobile,USA,Free,First Feature Use,9.0,61.0,5.0,0.0,Data export works perfectly,4.7,0,1,1,0.0,0.0,0.0,18.0
178,2025-02-28,Referral,Desktop,USA,Free,First Feature Use,5.0,52.0,5.0,0.0,Ok for basic use,3.9,0,1,1,1.0,0.0,0.0,13.0
179,2025-06-06,Paid,Mobile,USA,Free,Landing,1.0,8.0,0.0,,Mobile app crashes while exporting reports,2.3,0,1,0,0.0,0.0,0.0,4.0
180,2025-06-26,Paid,Mobile,UK,Free,First Feature Use,10.0,45.0,,0.0,Great value for money,4.5,0,1,1,0.0,1.0,0.0,11.0
181,2025-08-19,Organic,Tablet,Germany,Free,Sign-up,2.0,21.0,1.0,0.0,Trial period too short,1.1,0,1,0,1.0,0.0,0.0,8.0
182,2025-06-22,Organic,Mobile,UK,Free,Sign-up,2.0,23.0,1.0,0.0,Too many bugs on mobile,1.8,0,1,0,0.0,0.0,0.0,7.0
183,2026-04-22,Organic,Mobile,USA,Free,Onboarding,5.0,43.0,1.0,0.0,Standard SaaS experience,2.7,0,1,1,0.0,0.0,0.0,2.0
184,2025-01-21,Paid,Mobile,USA,Free,Landing,1.0,6.0,0.0,0.0,Email notifications are spammy,1.8,0,1,0,,0.0,0.0,2.0
185,2025-06-21,Paid,Desktop,USA,Free,Onboarding,7.0,40.0,1.0,3.0,"Works as expected, nothing special",,0,1,1,1.0,0.0,0.0,11.0
186,2025-03-17,Organic,Mobile,USA,Free,Onboarding,4.0,40.0,2.0,0.0,Could be better but not terrible,3.3,0,1,1,1.0,0.0,0.0,6.0
187,2026-01-16,Organic,Mobile,UK,Premium,Upgrade,22.0,100.0,18.0,0.0,Customer support was excellent,4.1,1,0,1,0.0,1.0,0.0,5.0
188,2025-08-06,Referral,Mobile,USA,Basic,First Feature Use,9.0,40.0,7.0,0.0,Helped our team productivity,4.1,0,0,1,0.0,0.0,5.0,9.0
189,2025-11-06,Organic,Mobile,India,Free,First Feature Use,9.0,57.0,3.0,1.0,Very intuitive UI,4.7,0,1,1,0.0,0.0,0.0,18.0
190,2025-10-15,Referral,Desktop,UK,Premium,Upgrade,24.0,149.0,13.0,0.0,The API documentation is clear,4.1,1,0,1,1.0,0.0,0.0,25.0
191,2025-06-16,Organic,Desktop,India,Basic,First Feature Use,6.0,47.0,4.0,0.0,Standard SaaS experience,2.9,0,1,1,0.0,2.0,0.0,16.0
192,2025-11-03,Paid,Mobile,Canada,Free,Onboarding,,31.0,2.0,1.0,Still evaluating whether premium is worth it,3.0,0,1,1,0.0,1.0,0.0,4.0
193,2026-02-26,Organic,Mobile,Germany,Basic,Onboarding,6.0,29.0,3.0,0.0,Will decide after trial ends,2.5,0,0,1,0.0,0.0,6.0,10.0
194,2025-06-22,Paid,Mobile,USA,Free,Landing,2.0,11.0,0.0,0.0,No dark mode,2.0,0,1,0,0.0,0.0,0.0,5.0
195,2025-05-01,Paid,Desktop,Germany,Free,Landing,2.0,6.0,0.0,0.0,Pricing too high for small businesses,1.6,0,1,0,0.0,0.0,0.0,2.0
196,2026-04-27,Organic,Mobile,India,Free,Sign-up,4.0,17.0,1.0,1.0,Nothing exceptional,2.9,0,1,0,0.0,0.0,0.0,1.0
197,2025-06-10,Paid,Mobile,India,Free,Onboarding,5.0,38.0,3.0,0.0,Need more time before upgrading,2.7,0,1,1,0.0,0.0,0.0,10.0
198,2025-12-03,Paid,Tablet,USA,Free,Onboarding,4.0,,2.0,0.0,Average experience so far,2.5,0,1,1,0.0,0.0,0.0,2.0
199,2025-08-02,Paid,Mobile,USA,Free,Sign-up,4.0,,0.0,0.0,Basic features work fine so far,2.9,0,1,0,1.0,0.0,0.0,2.0
200,2025-07-14,Paid,Tablet,Canada,Free,Sign-up,4.0,24.0,1.0,0.0,Meets minimum requirements,2.9,0,1,0,0.0,0.0,0.0,1.0
201,2026-04-04,Organic,Mobile,USA,Free,Sign-up,3.0,17.0,0.0,0.0,"Works as expected, nothing special",3.0,0,1,0,0.0,0.0,0.0,7.0
202,2025-03-31,Paid,Mobile,USA,Free,Landing,2.0,10.0,0.0,0.0,Feature X is broken for weeks,2.2,0,1,0,0.0,0.0,0.0,6.0
203,2025-03-06,Referral,Mobile,USA,Free,Sign-up,4.0,21.0,1.0,,Will evaluate again next month,2.5,0,1,0,0.0,0.0,0.0,4.0
204,2025-06-26,Referral,Mobile,Germany,Free,Sign-up,4.0,10.0,0.0,0.0,Could be better but not terrible,3.8,0,1,0,1.0,0.0,0.0,5.0
205,2025-11-05,Referral,Mobile,USA,Free,First Feature Use,,46.0,5.0,0.0,Analytics dashboard is insightful,4.5,0,1,1,1.0,1.0,0.0,13.0
206,2025-02-24,Organic,Mobile,Germany,Free,Landing,,11.0,0.0,0.0,Missing key features compared to competitors,2.2,0,1,0,0.0,0.0,0.0,3.0
207,2025-06-26,Paid,Tablet,USA,Free,First Feature Use,6.0,59.0,5.0,0.0,Will evaluate again next month,3.2,0,1,1,0.0,1.0,0.0,1.0
208,2025-03-11,Paid,Mobile,USA,Premium,Upgrade,24.0,78.0,13.0,0.0,Support team solved my issue quickly,4.5,1,0,1,0.0,0.0,0.0,5.0
209,2025-07-24,Organic,Desktop,USA,Free,Landing,1.0,9.0,0.0,0.0,No offline access,1.2,0,1,0,0.0,0.0,0.0,4.0
210,2026-04-07,Referral,Desktop,UK,Free,First Feature Use,5.0,39.0,5.0,1.0,Room for improvement in UI,3.9,0,1,1,0.0,0.0,0.0,13.0
211,2025-11-30,Paid,Desktop,USA,Free,Onboarding,7.0,39.0,3.0,3.0,Needs a few more integrations,3.4,0,1,1,0.0,,0.0,6.0
212,2025-10-27,Organic,Desktop,USA,Free,Landing,1.0,8.0,0.0,0.0,Trial period too short,1.9,0,1,0,0.0,0.0,0.0,4.0
213,2026-04-11,Organic,Mobile,USA,Free,Onboarding,3.0,39.0,2.0,0.0,Will evaluate again next month,3.0,0,1,1,0.0,0.0,0.0,1.0
214,2025-10-12,Referral,Mobile,USA,Free,Onboarding,4.0,22.0,2.0,1.0,It's fine for now,3.4,0,1,1,0.0,0.0,0.0,11.0
215,2025-11-28,Organic,Mobile,India,Free,Onboarding,4.0,41.0,2.0,0.0,Ok for basic use,2.9,0,1,1,1.0,0.0,0.0,8.0
216,2025-01-21,Organic,Mobile,USA,Free,Sign-up,2.0,17.0,0.0,1.0,App crashes during report export,2.4,0,1,0,0.0,0.0,0.0,5.0
217,2025-11-04,Organic,Mobile,USA,Free,Sign-up,3.0,17.0,0.0,1.0,Meets minimum requirements,2.9,0,1,0,1.0,0.0,0.0,5.0
218,2025-06-05,Organic,Mobile,USA,Free,Landing,2.0,8.0,0.0,0.0,Frequent downtime,1.6,0,1,0,0.0,0.0,0.0,2.0
219,2026-01-05,Referral,Tablet,USA,Free,First Feature Use,9.0,57.0,3.0,1.0,Best SaaS tool I've used,4.0,0,1,1,1.0,0.0,0.0,4.0
220,2026-04-10,Paid,Tablet,Germany,Basic,Upgrade,19.0,88.0,18.0,0.0,Saves me hours every week,4.7,1,0,1,0.0,0.0,0.0,16.0
221,2025-09-15,Paid,Mobile,USA,Premium,Upgrade,19.0,113.0,14.0,2.0,The dashboard analytics are extremely useful,5.0,1,0,1,2.0,1.0,0.0,5.0
222,2026-04-20,Referral,Mobile,USA,Free,Onboarding,3.0,43.0,2.0,0.0,Good enough for my use case,3.5,0,1,1,0.0,0.0,0.0,6.0
223,2025-11-23,Paid,Mobile,USA,Free,First Feature Use,11.0,38.0,4.0,1.0,The API documentation is clear,4.3,0,1,1,0.0,0.0,0.0,17.0
224,2025-07-11,Organic,Mobile,India,Basic,Onboarding,4.0,20.0,2.0,1.0,Good enough for my use case,4.0,0,0,1,0.0,0.0,6.0,5.0
225,2026-04-06,Paid,Mobile,UK,Free,Onboarding,3.0,33.0,1.0,1.0,"Works as expected, nothing special",3.6,0,1,1,1.0,1.0,0.0,13.0
226,2026-04-15,Organic,Tablet,USA,Free,Landing,2.0,,0.0,0.0,Feature X is broken for weeks,1.1,0,1,0,1.0,0.0,0.0,2.0
227,2025-09-10,Organic,Mobile,India,Basic,First Feature Use,7.0,49.0,4.0,0.0,Could be better but not terrible,3.2,0,0,1,2.0,0.0,1.0,16.0
228,2025-08-12,Paid,Mobile,UK,Premium,Upgrade,13.0,134.0,14.0,0.0,Helped our team productivity,4.9,1,0,1,1.0,0.0,0.0,3.0
229,2025-04-15,Referral,Mobile,USA,Premium,Upgrade,17.0,130.0,12.0,1.0,Support team solved my issue quickly,4.7,1,0,1,1.0,1.0,0.0,9.0
230,2025-03-10,Paid,Tablet,USA,Free,First Feature Use,9.0,66.0,4.0,0.0,Support team solved my issue quickly,4.7,0,1,1,0.0,1.0,0.0,14.0
231,2025-01-07,Referral,Tablet,UK,Free,First Feature Use,8.0,68.0,6.0,0.0,Average experience so far,3.4,0,1,1,0.0,0.0,0.0,2.0
232,2026-03-03,Paid,Desktop,India,Premium,Upgrade,21.0,73.0,14.0,0.0,Customer support was excellent,4.0,1,0,1,1.0,0.0,0.0,18.0
233,2025-06-04,Paid,Mobile,Canada,Free,First Feature Use,10.0,30.0,3.0,0.0,Very intuitive UI,4.9,0,1,1,1.0,0.0,0.0,16.0
234,2026-04-05,Referral,Mobile,USA,Basic,First Feature Use,7.0,54.0,3.0,2.0,No strong opinion yet,2.7,0,0,1,1.0,3.0,5.0,19.0
235,2025-11-13,Organic,Mobile,India,Free,Landing,2.0,11.0,0.0,0.0,Feature X is broken for weeks,1.5,0,1,0,0.0,0.0,0.0,4.0
236,2025-02-19,Organic,Mobile,USA,Free,Landing,1.0,11.0,0.0,0.0,UI feels outdated,1.4,0,1,0,0.0,0.0,0.0,1.0
237,2025-02-27,Paid,Desktop,Germany,Free,Onboarding,6.0,23.0,2.0,0.0,Learning curve is medium,3.9,0,1,1,0.0,0.0,0.0,7.0
238,2025-11-14,Paid,Mobile,UK,Free,Sign-up,3.0,23.0,1.0,0.0,"Works as expected, nothing special",2.8,0,1,0,0.0,0.0,0.0,9.0
239,2025-08-06,Organic,Mobile,UK,Free,Sign-up,3.0,16.0,1.0,0.0,Nothing exceptional,3.1,0,1,0,0.0,0.0,0.0,7.0
240,2025-10-31,Organic,Desktop,USA,Basic,First Feature Use,8.0,58.0,3.0,0.0,Decent but not great,3.0,0,0,1,0.0,0.0,7.0,11.0
241,2025-11-28,Organic,Mobile,USA,Free,Landing,2.0,8.0,0.0,0.0,App crashes during report export,1.6,0,1,0,0.0,0.0,0.0,1.0
242,2026-01-28,Paid,Desktop,India,Free,Landing,1.0,10.0,0.0,0.0,Billing system is confusing,1.9,0,1,0,0.0,0.0,0.0,3.0
243,2025-08-17,Referral,Mobile,USA,Free,Sign-up,3.0,10.0,1.0,0.0,Ok for basic use,4.0,0,1,0,1.0,0.0,0.0,9.0
244,2025-01-09,Referral,Mobile,USA,Free,First Feature Use,6.0,69.0,,1.0,Basic features work fine so far,3.2,0,1,1,3.0,0.0,0.0,2.0
245,2025-04-14,Paid,Mobile,USA,Free,First Feature Use,10.0,51.0,7.0,0.0,The mobile app is surprisingly good,4.5,0,1,1,1.0,1.0,0.0,17.0
246,2025-11-10,Referral,Tablet,USA,Free,Onboarding,5.0,35.0,2.0,1.0,Not blown away but not disappointed,2.8,0,1,1,0.0,0.0,0.0,6.0
247,2025-12-05,Paid,Mobile,UK,Free,Sign-up,3.0,15.0,1.0,0.0,No strong opinion yet,3.6,0,1,0,1.0,0.0,0.0,8.0
248,2026-01-27,Organic,Mobile,USA,Free,Sign-up,4.0,23.0,0.0,0.0,"Works as expected, nothing special",2.8,0,1,0,0.0,0.0,0.0,5.0
249,2025-08-21,Organic,Mobile,USA,Free,Landing,2.0,5.0,0.0,0.0,Cannot customize reports enough,1.8,0,1,0,0.0,0.0,0.0,5.0
250,2025-06-30,Paid,Desktop,USA,Free,First Feature Use,11.0,69.0,5.0,2.0,Data export works perfectly,4.0,0,1,1,0.0,1.0,0.0,11.0
251,2026-03-19,Organic,Desktop,India,Free,Sign-up,3.0,22.0,0.0,0.0,Nothing exceptional,3.1,0,1,0,0.0,1.0,0.0,3.0
252,2026-01-06,Paid,Mobile,Germany,Basic,Upgrade,20.0,97.0,,0.0,The API documentation is clear,4.5,1,0,1,0.0,1.0,0.0,29.0
253,2025-06-10,Paid,Mobile,USA,Basic,Onboarding,5.0,27.0,1.0,0.0,Haven't used all features yet,3.8,0,0,1,1.0,1.0,8.0,12.0
254,2026-02-21,Organic,Tablet,UK,Free,Landing,1.0,,0.0,0.0,Export functionality is limited,1.5,0,1,0,0.0,0.0,0.0,1.0
255,2026-02-19,Referral,Desktop,USA,Free,First Feature Use,5.0,36.0,3.0,2.0,Will decide after trial ends,3.4,0,1,1,1.0,0.0,0.0,1.0
256,2026-03-11,Paid,Desktop,UK,Free,First Feature Use,7.0,34.0,7.0,0.0,Standard SaaS experience,2.5,0,1,1,0.0,0.0,0.0,19.0
257,2025-11-25,Organic,Mobile,India,Free,Sign-up,4.0,12.0,0.0,0.0,Learning curve is medium,3.3,0,1,0,0.0,0.0,0.0,4.0
258,2025-12-27,Paid,Mobile,USA,Free,Sign-up,2.0,,0.0,0.0,Too many steps during setup process,2.0,0,1,0,0.0,0.0,0.0,7.0
259,2026-04-10,Paid,Desktop,USA,Free,Landing,2.0,5.0,0.0,0.0,Mobile UI is cluttered,1.2,0,1,0,0.0,0.0,0.0,6.0
260,2026-04-29,Organic,Mobile,UK,Free,Onboarding,5.0,28.0,3.0,0.0,Standard SaaS experience,2.6,0,1,1,1.0,0.0,0.0,1.0
261,2025-12-31,Organic,Mobile,Germany,Free,Landing,2.0,7.0,0.0,0.0,Customer support unhelpful,2.3,0,1,0,1.0,0.0,0.0,6.0
262,2025-03-11,Paid,Mobile,Germany,Free,Sign-up,3.0,11.0,0.0,0.0,No strong opinion yet,3.3,0,1,0,0.0,0.0,0.0,9.0
263,2026-02-16,Referral,Mobile,India,Free,Onboarding,5.0,23.0,3.0,1.0,Still evaluating whether premium is worth it,3.4,0,1,1,1.0,0.0,0.0,9.0
264,2025-01-01,Paid,Desktop,USA,Basic,Upgrade,11.0,146.0,16.0,0.0,The API documentation is clear,4.2,1,0,1,1.0,0.0,0.0,5.0
265,2026-04-02,Referral,Tablet,USA,Free,Sign-up,4.0,15.0,0.0,0.0,Good enough for my use case,3.4,0,1,0,1.0,0.0,0.0,2.0
266,2025-05-23,Referral,Mobile,India,Basic,First Feature Use,6.0,33.0,7.0,1.0,Not blown away but not disappointed,3.2,0,0,1,0.0,0.0,7.0,2.0
267,2025-04-12,Organic,Desktop,USA,Free,Sign-up,2.0,17.0,0.0,1.0,Feature X is broken for weeks,2.4,0,1,0,1.0,0.0,0.0,4.0
268,2025-12-02,Paid,Desktop,UK,Premium,Upgrade,23.0,83.0,14.0,0.0,The API documentation is clear,,1,0,1,0.0,0.0,0.0,26.0
269,2025-10-27,Organic,Desktop,USA,Free,Landing,2.0,6.0,0.0,0.0,Mobile app crashes while exporting reports,1.7,0,1,0,0.0,0.0,0.0,4.0
270,2025-03-09,Organic,Desktop,USA,Free,Landing,1.0,14.0,0.0,0.0,Mobile UI is cluttered,1.8,0,1,0,0.0,0.0,0.0,1.0
271,2025-05-26,Paid,Tablet,USA,Free,Sign-up,2.0,20.0,0.0,0.0,Support response time is slow,1.5,0,1,0,,0.0,0.0,8.0
272,2025-01-31,Paid,Tablet,Germany,Free,First Feature Use,7.0,59.0,5.0,0.0,Standard SaaS experience,3.9,0,1,1,1.0,0.0,0.0,5.0
273,2025-12-05,Organic,Mobile,USA,Basic,First Feature Use,7.0,61.0,4.0,3.0,Could be better but not terrible,3.0,0,1,1,2.0,0.0,1.0,9.0
274,2025-09-15,Referral,Desktop,India,Free,First Feature Use,5.0,61.0,,0.0,"Works as expected, nothing special",3.2,0,1,1,0.0,1.0,0.0,18.0
275,2025-02-17,Paid,Mobile,India,Free,Sign-up,2.0,11.0,1.0,1.0,Too many bugs on mobile,1.9,0,1,0,0.0,0.0,0.0,4.0
276,2025-12-29,Referral,Mobile,Germany,Premium,Upgrade,18.0,102.0,11.0,0.0,Integration with Slack was seamless,4.4,1,0,1,0.0,1.0,,19.0
277,2025-12-18,Organic,Mobile,USA,Free,Sign-up,3.0,17.0,0.0,0.0,Meets minimum requirements,2.6,0,1,0,0.0,,0.0,4.0
278,2025-01-22,Referral,Mobile,UK,Free,Sign-up,2.0,20.0,1.0,0.0,Steep learning curve,2.2,0,1,0,0.0,0.0,0.0,7.0
279,2025-06-25,Organic,Desktop,Canada,Free,Onboarding,6.0,29.0,3.0,2.0,Room for improvement in UI,,0,1,1,,0.0,0.0,11.0
280,2026-01-10,Organic,Mobile,USA,Free,First Feature Use,6.0,,3.0,0.0,Works most of the time,2.8,0,1,1,1.0,0.0,0.0,4.0
281,2025-04-23,Paid,Desktop,UK,Free,First Feature Use,6.0,59.0,3.0,0.0,Not sure if I'll continue,3.4,0,1,1,0.0,0.0,0.0,4.0
282,2025-07-14,Paid,Desktop,USA,Free,Landing,1.0,13.0,0.0,0.0,Pricing feels too expensive,1.9,0,1,0,0.0,0.0,0.0,5.0
283,2025-08-02,Paid,Desktop,USA,Free,Sign-up,3.0,10.0,1.0,0.0,"Works as expected, nothing special",3.2,0,1,0,0.0,0.0,0.0,8.0
284,2025-05-02,Paid,Mobile,USA,Free,Sign-up,4.0,14.0,1.0,0.0,Nothing exceptional,2.5,0,1,0,,,0.0,7.0
285,2026-01-04,Organic,Mobile,India,Free,Sign-up,4.0,16.0,1.0,2.0,Need more time before upgrading,3.2,0,1,0,1.0,0.0,0.0,3.0
286,2025-06-09,Paid,Mobile,India,Free,Landing,2.0,10.0,0.0,0.0,App crashes during report export,1.7,0,1,0,1.0,0.0,0.0,3.0
287,2026-04-28,Organic,Mobile,USA,Free,Sign-up,2.0,,0.0,0.0,Steep learning curve,2.5,0,1,0,0.0,0.0,0.0,6.0
288,2026-04-03,Paid,Desktop,India,Free,Onboarding,4.0,33.0,3.0,0.0,Good enough for my use case,3.2,0,1,1,0.0,0.0,0.0,13.0
289,2025-03-10,Organic,Desktop,USA,Free,Landing,2.0,13.0,0.0,0.0,Pricing feels too expensive,2.1,0,1,0,1.0,0.0,0.0,5.0
290,2025-04-09,Referral,Mobile,UK,Free,Landing,1.0,11.0,0.0,0.0,Missing basic integrations,1.5,0,1,0,0.0,0.0,0.0,4.0
291,2025-01-27,Paid,Desktop,Canada,Free,First Feature Use,8.0,61.0,3.0,0.0,No strong opinion yet,2.9,0,1,1,3.0,1.0,0.0,1.0
292,2025-05-15,Paid,Mobile,USA,Free,First Feature Use,,50.0,6.0,0.0,Not blown away but not disappointed,3.4,0,1,1,0.0,1.0,0.0,8.0
293,2026-03-25,Referral,Mobile,India,Free,First Feature Use,5.0,46.0,4.0,1.0,Good enough for my use case,3.7,0,1,1,2.0,1.0,0.0,6.0
294,2025-01-26,Paid,Desktop,UK,Free,First Feature Use,9.0,63.0,4.0,1.0,Highly recommend to other teams,4.6,0,1,1,2.0,0.0,0.0,16.0
295,2025-11-24,Organic,Mobile,India,Free,Sign-up,3.0,12.0,,0.0,Not sure if I'll continue,2.8,0,1,0,0.0,0.0,0.0,4.0
296,2025-11-09,Organic,Desktop,USA,Free,Landing,2.0,7.0,0.0,,No dark mode,1.8,0,1,0,0.0,0.0,0.0,1.0
297,2025-11-19,Paid,Desktop,USA,Free,Onboarding,7.0,43.0,1.0,1.0,Not blown away but not disappointed,3.7,0,1,1,0.0,1.0,0.0,12.0
298,2026-03-31,Organic,Desktop,UK,Free,Landing,1.0,9.0,0.0,0.0,Data sync is unreliable,1.8,0,1,0,0.0,0.0,0.0,2.0
299,2025-09-05,Paid,Mobile,USA,Free,Sign-up,2.0,13.0,0.0,0.0,Too many bugs on mobile,1.8,0,1,0,1.0,0.0,0.0,6.0
300,2025-12-02,Organic,Mobile,USA,Free,Sign-up,3.0,10.0,1.0,0.0,Standard SaaS experience,3.2,0,1,0,0.0,0.0,0.0,1.0
301,2025-10-12,Organic,Mobile,India,Free,Landing,1.0,5.0,0.0,1.0,App crashes during report export,2.3,0,1,0,0.0,0.0,0.0,6.0
302,2026-03-31,Paid,Tablet,USA,Premium,Upgrade,19.0,77.0,10.0,3.0,Support team solved my issue quickly,4.9,1,0,1,,0.0,0.0,24.0
303,2025-04-08,Referral,Mobile,India,Premium,Upgrade,23.0,77.0,11.0,1.0,Worth every penny,4.1,1,0,1,0.0,0.0,0.0,12.0
304,2026-02-20,Paid,Mobile,USA,Free,Landing,2.0,9.0,0.0,0.0,Mobile app crashes while exporting reports,1.1,0,1,0,0.0,0.0,0.0,1.0
305,2026-02-04,Referral,Desktop,UK,Free,Sign-up,2.0,16.0,1.0,1.0,Export functionality is limited,1.2,0,1,0,0.0,0.0,0.0,1.0
306,2026-01-05,Referral,Desktop,Canada,Basic,First Feature Use,6.0,50.0,4.0,1.0,Meets minimum requirements,3.8,0,0,1,0.0,0.0,2.0,16.0
307,2025-10-29,Organic,Desktop,Canada,Premium,Upgrade,10.0,100.0,9.0,1.0,Real-time sync is fast,4.8,1,0,1,0.0,0.0,0.0,12.0
308,2026-04-22,Organic,Tablet,USA,Free,Landing,1.0,11.0,,0.0,Dashboard loads slowly,1.5,0,1,0,1.0,0.0,0.0,3.0
309,2026-04-29,Paid,Mobile,Germany,Free,First Feature Use,10.0,63.0,4.0,1.0,Automated reports are a lifesaver,4.5,0,1,1,0.0,0.0,0.0,15.0
310,2025-01-14,Referral,Mobile,USA,Free,First Feature Use,10.0,31.0,5.0,0.0,Support team solved my issue quickly,4.2,0,1,1,1.0,1.0,0.0,
311,2026-01-19,Paid,Mobile,USA,Free,Onboarding,7.0,34.0,2.0,0.0,Meets minimum requirements,2.8,0,1,1,1.0,0.0,0.0,1.0
312,2025-11-21,Referral,Mobile,UK,Free,First Feature Use,10.0,35.0,6.0,0.0,The API documentation is clear,4.0,0,1,1,2.0,0.0,0.0,8.0
313,2025-10-30,Organic,Desktop,Canada,Free,Landing,2.0,14.0,0.0,0.0,Mobile app crashes while exporting reports,,0,1,0,0.0,0.0,0.0,3.0
314,2025-07-09,Organic,Mobile,Canada,Free,Sign-up,2.0,13.0,1.0,0.0,Mobile UI is cluttered,2.4,0,1,0,2.0,0.0,0.0,1.0
315,2025-07-28,Paid,Desktop,USA,Free,First Feature Use,8.0,66.0,5.0,1.0,Needs a few more integrations,2.9,0,1,1,0.0,0.0,0.0,4.0
316,2025-09-26,Paid,Mobile,India,Free,Sign-up,2.0,12.0,0.0,0.0,Email notifications are spammy,1.7,0,1,0,1.0,0.0,0.0,9.0
317,2025-05-07,Organic,Mobile,India,Free,Onboarding,7.0,32.0,3.0,0.0,Needs a few more integrations,2.8,0,1,1,0.0,0.0,0.0,7.0
318,2025-12-09,Organic,Desktop,USA,Free,First Feature Use,7.0,35.0,7.0,1.0,Needs a few more integrations,3.9,0,1,1,0.0,0.0,0.0,4.0
319,2025-08-15,Organic,Mobile,India,Basic,Onboarding,6.0,21.0,,0.0,Still exploring features,3.2,0,0,1,2.0,0.0,12.0,10.0
320,2026-04-24,Paid,Desktop,USA,Premium,Upgrade,15.0,129.0,8.0,1.0,Worth every penny,4.4,1,0,1,0.0,0.0,0.0,17.0
321,2025-03-29,Referral,Tablet,USA,Free,Onboarding,4.0,40.0,2.0,0.0,Need more time before upgrading,2.5,0,1,1,0.0,0.0,0.0,4.0
322,2026-01-31,Referral,Desktop,India,Free,First Feature Use,7.0,48.0,3.0,1.0,It's fine for now,3.7,0,1,1,1.0,0.0,0.0,3.0
323,2025-03-27,Paid,Mobile,USA,Free,First Feature Use,10.0,46.0,3.0,2.0,Customer support was excellent,4.3,0,1,1,2.0,1.0,0.0,1.0
324,2025-08-13,Paid,Tablet,USA,Basic,First Feature Use,8.0,58.0,5.0,1.0,No strong opinion yet,3.7,0,1,1,0.0,0.0,0.0,15.0
325,2025-01-30,Paid,Mobile,USA,Free,Onboarding,3.0,27.0,1.0,0.0,Could be better but not terrible,3.7,0,1,1,0.0,0.0,0.0,8.0
326,2025-09-17,Organic,Desktop,India,Free,Sign-up,4.0,11.0,0.0,1.0,Basic features work fine so far,4.0,0,1,0,0.0,0.0,0.0,6.0
327,2025-09-02,Organic,Mobile,USA,Free,First Feature Use,5.0,49.0,3.0,0.0,No strong opinion yet,3.7,0,1,1,1.0,0.0,0.0,18.0
328,2026-04-28,Organic,Mobile,USA,Free,Onboarding,6.0,39.0,3.0,0.0,Could be better but not terrible,2.7,0,1,1,0.0,0.0,0.0,3.0
329,2025-04-01,Referral,Tablet,UK,Free,Landing,1.0,11.0,0.0,1.0,No offline access,2.2,0,1,0,0.0,0.0,0.0,4.0
330,2025-03-10,Referral,Mobile,USA,Free,First Feature Use,11.0,43.0,4.0,0.0,Easy onboarding experience,4.3,0,1,1,0.0,0.0,0.0,3.0
331,2025-12-23,Paid,Desktop,Germany,Free,Sign-up,3.0,21.0,0.0,0.0,Need more time before upgrading,3.9,0,1,0,0.0,0.0,,6.0
332,2025-04-28,Paid,Mobile,USA,Free,Landing,1.0,5.0,0.0,0.0,Missing basic integrations,1.2,0,1,0,0.0,0.0,0.0,3.0
333,2026-04-23,Organic,Desktop,USA,Free,Landing,1.0,7.0,0.0,1.0,Pricing too high for small businesses,1.6,0,1,0,0.0,0.0,0.0,2.0
334,2025-12-19,Paid,Tablet,USA,Free,Sign-up,4.0,14.0,1.0,0.0,Good enough for my use case,3.9,0,1,0,1.0,1.0,0.0,7.0
335,2025-02-03,Paid,Mobile,USA,Free,Onboarding,7.0,21.0,2.0,1.0,Standard SaaS experience,3.3,0,1,1,2.0,0.0,0.0,
336,2026-04-27,Paid,Desktop,Germany,Free,First Feature Use,10.0,55.0,5.0,0.0,Automated reports are a lifesaver,5.0,0,1,1,3.0,0.0,0.0,18.0
337,2025-07-15,Organic,Desktop,USA,Free,Sign-up,4.0,20.0,,0.0,Will decide after trial ends,3.3,0,1,0,0.0,0.0,0.0,8.0
338,2025-07-27,Referral,Tablet,India,Free,First Feature Use,5.0,39.0,4.0,1.0,Decent but not great,3.4,0,1,1,0.0,0.0,0.0,6.0
339,2025-03-23,Paid,Mobile,USA,Free,First Feature Use,6.0,49.0,4.0,0.0,Meets minimum requirements,3.8,0,1,1,0.0,0.0,0.0,3.0
340,2025-06-22,Referral,Desktop,UK,Free,Sign-up,4.0,12.0,0.0,0.0,It's fine for now,2.9,0,1,0,0.0,0.0,0.0,3.0
341,2025-09-28,Referral,Mobile,Germany,Free,Onboarding,6.0,23.0,3.0,0.0,Not sure if I'll continue,2.6,0,1,1,1.0,0.0,0.0,6.0
342,2025-05-08,Referral,Mobile,USA,Free,Onboarding,6.0,27.0,1.0,0.0,Will evaluate again next month,3.1,0,1,1,0.0,0.0,0.0,11.0
343,2025-05-28,Organic,Mobile,UK,Basic,Onboarding,3.0,21.0,,0.0,Will decide after trial ends,3.2,0,0,1,0.0,0.0,11.0,1.0
344,2025-08-08,Organic,Desktop,Germany,Free,Landing,2.0,12.0,0.0,0.0,Feature X is broken for weeks,1.8,0,1,0,0.0,0.0,0.0,6.0
345,2026-01-09,Organic,Desktop,India,Free,Landing,2.0,13.0,0.0,0.0,Steep learning curve,2.5,0,1,0,0.0,0.0,0.0,4.0
346,2025-04-27,Organic,Mobile,USA,Free,Landing,1.0,8.0,0.0,0.0,Export functionality is limited,2.1,0,1,0,0.0,0.0,0.0,1.0
347,2025-06-13,Paid,Desktop,USA,Basic,First Feature Use,9.0,61.0,7.0,1.0,Customer support was excellent,5.0,0,0,1,1.0,0.0,2.0,18.0
348,2025-02-22,Paid,Desktop,USA,Free,Onboarding,5.0,25.0,2.0,0.0,Learning curve is medium,3.6,0,1,1,1.0,0.0,0.0,11.0
349,2025-04-05,Paid,Mobile,Germany,Free,First Feature Use,5.0,34.0,3.0,0.0,Good enough for my use case,3.0,0,1,1,1.0,0.0,0.0,13.0
350,2025-09-01,Organic,Tablet,UK,Free,First Feature Use,7.0,61.0,4.0,0.0,Meets minimum requirements,3.9,0,1,1,1.0,0.0,0.0,18.0
351,2026-02-21,Referral,Mobile,Canada,Free,Onboarding,5.0,41.0,3.0,1.0,Good enough for my use case,3.5,0,1,1,1.0,0.0,0.0,4.0
352,2026-03-13,Organic,Mobile,USA,Free,Landing,2.0,5.0,0.0,0.0,Pricing too high for small businesses,1.2,0,1,0,0.0,0.0,0.0,4.0
353,2025-10-28,Organic,Mobile,USA,Basic,Upgrade,20.0,60.0,13.0,0.0,Support team solved my issue quickly,4.4,1,0,1,0.0,0.0,0.0,19.0
354,2026-02-11,Paid,Desktop,USA,Free,Onboarding,4.0,,2.0,0.0,Needs a few more integrations,2.9,0,1,1,0.0,0.0,0.0,13.0
355,2025-02-10,Paid,Tablet,USA,Free,Onboarding,6.0,20.0,3.0,2.0,Learning curve is medium,3.6,0,1,1,0.0,0.0,0.0,13.0
356,2026-04-20,Organic,Mobile,USA,Free,Sign-up,3.0,13.0,0.0,0.0,Meets minimum requirements,2.7,0,1,0,0.0,0.0,0.0,7.0
357,2026-03-26,Organic,Mobile,USA,Free,Onboarding,6.0,38.0,3.0,0.0,Meets minimum requirements,3.4,0,1,1,0.0,0.0,0.0,4.0
358,2025-06-25,Paid,Mobile,India,Free,Onboarding,7.0,22.0,1.0,0.0,Needs a few more integrations,3.6,0,1,1,0.0,0.0,0.0,1.0
359,2025-08-15,Organic,Desktop,USA,Free,Sign-up,3.0,18.0,1.0,0.0,Decent but not great,2.8,0,1,0,0.0,1.0,0.0,1.0
360,2025-06-27,Organic,Desktop,USA,Free,Onboarding,7.0,41.0,1.0,0.0,Similar to other tools,3.6,0,1,1,1.0,0.0,0.0,3.0
361,2025-09-07,Paid,Tablet,Germany,Free,Onboarding,6.0,32.0,3.0,0.0,Need more time before upgrading,3.6,0,1,1,0.0,0.0,0.0,1.0
362,2025-09-23,Organic,Desktop,Canada,Basic,Onboarding,7.0,23.0,2.0,1.0,No strong opinion yet,2.6,0,0,1,0.0,1.0,10.0,8.0
363,2025-02-16,Organic,Desktop,USA,Free,Onboarding,7.0,31.0,2.0,0.0,Haven't used all features yet,3.1,0,1,1,1.0,0.0,0.0,13.0
364,2025-10-07,Paid,Mobile,Germany,Free,Sign-up,2.0,19.0,1.0,0.0,Steep learning curve,1.6,0,1,0,,0.0,0.0,8.0
365,2025-11-17,Referral,Mobile,USA,Free,First Feature Use,10.0,46.0,5.0,1.0,Onboarding tutorial was straightforward,4.1,0,1,1,,0.0,0.0,15.0
366,2026-02-17,Referral,Desktop,USA,Free,First Feature Use,6.0,33.0,6.0,1.0,No strong opinion yet,3.6,0,1,1,0.0,1.0,0.0,11.0
367,2025-05-02,Organic,Mobile,Germany,Free,Sign-up,2.0,21.0,0.0,0.0,Data sync is unreliable,1.1,0,1,0,0.0,0.0,,1.0
368,2025-09-30,Organic,Mobile,India,Free,Landing,,13.0,0.0,0.0,Frequent downtime,1.7,0,1,0,0.0,,0.0,6.0
369,2026-04-11,Organic,Mobile,Germany,Free,Sign-up,2.0,17.0,1.0,0.0,Billing system is confusing,1.1,0,1,0,2.0,0.0,0.0,4.0
370,2025-04-17,Organic,Mobile,India,Free,First Feature Use,8.0,43.0,6.0,1.0,Standard SaaS experience,2.9,0,1,1,0.0,0.0,0.0,7.0
371,2026-04-06,Paid,Desktop,USA,Basic,Upgrade,22.0,103.0,14.0,0.0,Automated reports are a lifesaver,4.6,1,0,1,0.0,0.0,0.0,24.0
372,2025-05-26,Paid,Desktop,UK,Free,Landing,1.0,8.0,0.0,0.0,Email notifications are spammy,1.5,0,1,0,0.0,0.0,0.0,1.0
373,2025-11-04,Paid,Mobile,USA,Basic,First Feature Use,10.0,56.0,5.0,0.0,Easy onboarding experience,4.4,0,0,1,3.0,1.0,3.0,18.0
374,2025-09-03,Organic,Desktop,USA,Free,Sign-up,3.0,21.0,1.0,0.0,Still exploring features,3.0,0,1,0,0.0,0.0,0.0,1.0
375,2025-11-07,Organic,Mobile,USA,Premium,Upgrade,24.0,75.0,11.0,0.0,Onboarding tutorial was straightforward,4.1,1,0,1,0.0,0.0,0.0,20.0
376,2025-05-30,Paid,Desktop,USA,Free,Onboarding,5.0,30.0,3.0,0.0,Need more time before upgrading,3.4,0,1,1,1.0,0.0,0.0,5.0
377,2026-03-11,Organic,Mobile,Germany,Free,Onboarding,6.0,40.0,2.0,1.0,Not sure if I'll continue,3.1,0,1,1,1.0,0.0,0.0,8.0
378,2025-12-17,Paid,Desktop,Germany,Free,Sign-up,4.0,24.0,1.0,0.0,Still evaluating whether premium is worth it,3.4,0,1,0,0.0,0.0,0.0,3.0
379,2026-01-05,Paid,Desktop,UK,Free,Onboarding,4.0,29.0,2.0,1.0,Still evaluating whether premium is worth it,3.1,0,1,1,1.0,0.0,0.0,7.0
380,2025-04-04,Paid,Desktop,USA,Free,Sign-up,4.0,20.0,0.0,0.0,Nothing exceptional,3.1,0,1,0,0.0,0.0,0.0,2.0
381,2025-10-04,Paid,Desktop,India,Free,First Feature Use,7.0,43.0,4.0,0.0,Learning curve is medium,,0,1,1,2.0,1.0,0.0,18.0
382,2025-08-02,Paid,Desktop,UK,Free,First Feature Use,10.0,49.0,3.0,1.0,The dashboard analytics are extremely useful,4.5,0,1,1,0.0,0.0,0.0,13.0
383,2025-04-22,,Mobile,Canada,Free,Landing,1.0,8.0,0.0,0.0,Export functionality is limited,1.3,0,1,0,1.0,0.0,0.0,3.0
384,2025-06-07,Organic,Desktop,USA,Free,First Feature Use,11.0,41.0,5.0,1.0,Love how everything is customisable,4.4,0,1,1,1.0,1.0,0.0,12.0
385,2025-09-06,Paid,Mobile,USA,Premium,Upgrade,18.0,135.0,17.0,0.0,Highly recommend to other teams,4.8,1,0,1,0.0,1.0,0.0,22.0
386,2025-03-09,Organic,Mobile,Germany,Free,Landing,2.0,11.0,0.0,0.0,Feature X is broken for weeks,1.7,0,1,0,1.0,0.0,0.0,1.0
387,2026-04-16,Paid,Mobile,Germany,Free,Onboarding,,36.0,1.0,0.0,"Works as expected, nothing special",3.4,0,1,1,1.0,0.0,0.0,4.0
388,2026-02-24,Paid,Tablet,USA,Free,Landing,1.0,10.0,0.0,0.0,Trial period too short,2.0,0,1,0,0.0,0.0,0.0,5.0
389,2026-04-23,Referral,Mobile,USA,Premium,Upgrade,19.0,119.0,8.0,0.0,Best SaaS tool I've used,4.7,1,0,1,0.0,0.0,0.0,3.0
390,2026-04-18,Referral,Mobile,India,Free,First Feature Use,9.0,39.0,3.0,0.0,Best SaaS tool I've used,4.8,0,1,1,0.0,0.0,0.0,14.0
391,2025-04-23,Organic,Tablet,UK,Premium,Upgrade,16.0,122.0,8.0,0.0,Data export works perfectly,4.6,1,0,1,0.0,0.0,0.0,12.0
392,2025-10-11,Referral,Desktop,India,Free,First Feature Use,5.0,35.0,3.0,2.0,Still evaluating whether premium is worth it,3.2,0,1,1,3.0,0.0,0.0,17.0
393,2025-04-19,Paid,Mobile,USA,Free,First Feature Use,9.0,46.0,6.0,0.0,Easy onboarding experience,4.6,0,1,1,0.0,0.0,0.0,16.0
394,2025-02-28,Paid,Tablet,USA,Free,First Feature Use,6.0,56.0,3.0,,Good enough for my use case,3.0,0,1,1,1.0,0.0,0.0,17.0
395,2025-09-05,Organic,Mobile,USA,Free,Sign-up,3.0,13.0,1.0,0.0,Room for improvement in UI,3.7,0,1,0,0.0,0.0,0.0,7.0
396,2025-08-06,Referral,Desktop,UK,Free,First Feature Use,8.0,61.0,3.0,1.0,Room for improvement in UI,3.9,0,1,1,0.0,1.0,,2.0
397,2026-04-07,Organic,Desktop,USA,Free,First Feature Use,11.0,34.0,4.0,1.0,Great value for money,4.1,0,1,1,1.0,1.0,0.0,18.0
398,2025-10-20,Referral,Mobile,USA,Free,Sign-up,2.0,21.0,1.0,1.0,Customer support unhelpful,1.7,0,1,0,0.0,0.0,0.0,6.0
399,2025-07-16,Organic,Desktop,USA,Free,Landing,2.0,5.0,0.0,0.0,No dark mode,1.5,0,1,0,0.0,0.0,0.0,1.0
400,2026-02-05,Paid,Mobile,USA,Free,Onboarding,6.0,29.0,3.0,2.0,Learning curve is medium,2.9,0,1,1,1.0,0.0,0.0,13.0
401,2026-01-28,Organic,Mobile,USA,Free,Sign-up,4.0,24.0,1.0,0.0,Average experience so far,4.0,0,1,0,0.0,0.0,0.0,8.0
402,2025-02-24,Organic,Desktop,USA,Free,Onboarding,5.0,36.0,1.0,0.0,Will decide after trial ends,3.2,0,1,1,0.0,0.0,0.0,13.0
403,2025-04-15,Organic,Mobile,Germany,Free,Landing,2.0,10.0,,0.0,App crashes during report export,1.7,0,1,0,0.0,0.0,0.0,4.0
404,2025-09-17,Organic,Tablet,USA,Free,Onboarding,4.0,25.0,3.0,0.0,Will evaluate again next month,2.7,0,1,1,0.0,1.0,0.0,9.0
405,2025-10-13,Organic,Mobile,USA,Free,Onboarding,7.0,30.0,2.0,0.0,"Works as expected, nothing special",3.2,0,1,1,0.0,0.0,0.0,2.0
406,2025-11-04,Paid,Mobile,USA,Free,First Feature Use,6.0,58.0,4.0,2.0,Basic features work fine so far,3.9,0,1,1,0.0,1.0,,1.0
407,2025-03-23,Paid,Desktop,Germany,Free,Sign-up,4.0,23.0,0.0,,Decent but not great,3.7,0,1,0,1.0,1.0,0.0,7.0
408,2026-03-30,Referral,Mobile,USA,Free,Sign-up,4.0,10.0,1.0,1.0,Still exploring features,3.7,0,1,0,0.0,0.0,0.0,1.0
409,2025-06-03,Paid,Mobile,USA,Free,Sign-up,2.0,23.0,0.0,0.0,Pricing too high for small businesses,1.5,0,1,0,1.0,0.0,0.0,7.0
410,2025-12-15,Organic,Mobile,USA,Premium,Upgrade,15.0,118.0,16.0,0.0,Highly recommend to other teams,4.1,1,0,1,1.0,0.0,0.0,2.0
411,2025-03-20,Organic,Tablet,India,Free,Landing,1.0,8.0,0.0,0.0,The onboarding tutorial was confusing,2.0,0,1,0,0.0,0.0,0.0,1.0
412,2025-05-16,Organic,Mobile,India,Basic,First Feature Use,10.0,40.0,7.0,0.0,Real-time sync is fast,4.8,0,1,1,1.0,0.0,0.0,18.0
413,2025-10-12,Referral,Mobile,USA,Free,Sign-up,4.0,11.0,1.0,1.0,Good enough for my use case,4.0,0,1,0,1.0,0.0,0.0,8.0
414,2025-11-17,Referral,Mobile,USA,Free,Onboarding,4.0,26.0,2.0,1.0,It's fine for now,3.3,0,1,1,2.0,,0.0,12.0
415,2025-08-14,Organic,Mobile,USA,Free,First Feature Use,5.0,50.0,7.0,1.0,Learning curve is medium,,0,1,1,0.0,0.0,0.0,16.0
416,2026-02-18,Organic,Mobile,UK,Free,First Feature Use,6.0,62.0,4.0,1.0,Similar to other tools,3.0,0,1,1,0.0,0.0,0.0,3.0
417,2025-10-05,Referral,Desktop,India,Free,Onboarding,7.0,35.0,3.0,0.0,It's fine for now,3.6,0,1,1,0.0,0.0,0.0,12.0
418,2025-03-04,Referral,Tablet,USA,Free,First Feature Use,10.0,40.0,4.0,1.0,Integration with Slack was seamless,4.7,0,1,1,0.0,0.0,0.0,10.0
419,2025-09-25,Referral,Mobile,UK,Free,Onboarding,4.0,39.0,2.0,0.0,Still exploring features,3.9,0,1,1,1.0,0.0,0.0,13.0
420,2025-06-14,Referral,Mobile,USA,Basic,Onboarding,7.0,21.0,3.0,0.0,Will decide after trial ends,2.8,0,0,1,1.0,0.0,9.0,8.0
421,2025-08-09,Paid,Tablet,UK,Free,First Feature Use,10.0,62.0,4.0,0.0,The API documentation is clear,4.7,0,1,1,0.0,1.0,0.0,5.0
422,2026-04-02,Organic,Mobile,UK,Free,Onboarding,4.0,23.0,1.0,1.0,Learning curve is medium,2.5,0,1,1,0.0,0.0,0.0,4.0
423,2025-12-24,Paid,Mobile,Germany,Free,Landing,1.0,5.0,0.0,0.0,Pricing feels too expensive,2.1,0,1,0,0.0,0.0,0.0,5.0
424,2025-08-16,Paid,Tablet,USA,Basic,First Feature Use,6.0,55.0,6.0,0.0,Basic features work fine so far,3.1,0,0,1,0.0,2.0,4.0,12.0
425,2025-06-24,Paid,Desktop,UK,Premium,Upgrade,23.0,76.0,11.0,,Feature updates are frequent and useful,4.7,1,0,1,0.0,,0.0,20.0
426,2026-01-25,Paid,Mobile,USA,Free,Onboarding,5.0,26.0,2.0,2.0,Learning curve is medium,3.6,0,1,1,0.0,0.0,0.0,13.0
427,2025-06-03,Organic,Mobile,USA,Free,Sign-up,2.0,16.0,0.0,1.0,Feature X is broken for weeks,2.5,0,1,0,1.0,0.0,,3.0
428,2025-01-22,Organic,Mobile,USA,Free,Landing,1.0,12.0,0.0,0.0,Email notifications are spammy,2.3,0,1,0,0.0,0.0,0.0,3.0
429,2025-07-02,Organic,Mobile,USA,Free,Landing,2.0,8.0,0.0,0.0,Too many steps during setup process,1.5,0,1,0,0.0,0.0,0.0,2.0
430,2026-03-19,Organic,Desktop,USA,Free,Onboarding,7.0,34.0,3.0,0.0,"Works as expected, nothing special",3.6,0,1,1,0.0,0.0,0.0,7.0
431,2025-12-18,Paid,Desktop,Canada,Free,Onboarding,6.0,38.0,2.0,0.0,Meets minimum requirements,4.0,0,1,1,1.0,0.0,0.0,9.0
432,2025-06-12,Referral,Desktop,UK,Basic,Onboarding,6.0,32.0,1.0,1.0,"Works as expected, nothing special",3.3,0,0,1,0.0,1.0,,
433,2025-10-29,Referral,Mobile,USA,Free,Sign-up,2.0,20.0,1.0,0.0,UI feels outdated,2.4,0,1,0,1.0,,0.0,9.0
434,2026-03-09,Organic,Mobile,USA,Basic,First Feature Use,8.0,66.0,6.0,1.0,Good enough for my use case,3.7,0,0,1,0.0,0.0,2.0,6.0
435,2025-04-09,Paid,Mobile,USA,Premium,Upgrade,12.0,118.0,17.0,0.0,The mobile app is surprisingly good,5.0,1,0,1,1.0,0.0,0.0,8.0
436,2025-11-15,Organic,Desktop,USA,Free,Sign-up,2.0,18.0,1.0,0.0,Email notifications are spammy,1.2,0,1,0,0.0,0.0,0.0,8.0
437,2025-10-28,Paid,Desktop,USA,Premium,Upgrade,24.0,86.0,14.0,1.0,The API documentation is clear,4.8,1,0,1,0.0,0.0,0.0,26.0
438,2025-05-20,Organic,Mobile,USA,Basic,Onboarding,7.0,31.0,3.0,4.0,Similar to other tools,3.2,0,1,1,1.0,1.0,5.0,1.0
439,2025-10-29,Organic,Mobile,Germany,Free,Landing,2.0,8.0,0.0,0.0,Export functionality is limited,2.0,0,1,0,0.0,0.0,0.0,5.0
440,2025-10-22,Referral,Desktop,UK,Basic,Upgrade,19.0,142.0,14.0,0.0,Support team solved my issue quickly,4.1,1,0,1,,1.0,0.0,
441,2025-11-24,Paid,Mobile,UK,Free,Sign-up,2.0,13.0,1.0,0.0,Email notifications are spammy,1.6,0,1,0,0.0,0.0,0.0,4.0
442,2026-02-11,Organic,Mobile,India,Free,Sign-up,4.0,22.0,1.0,1.0,Decent but not great,3.9,0,1,0,1.0,0.0,0.0,4.0
443,2026-03-03,Organic,Mobile,USA,Free,Sign-up,4.0,21.0,1.0,0.0,Not blown away but not disappointed,3.1,0,1,0,1.0,0.0,0.0,
444,2025-03-23,Paid,Mobile,USA,Free,Landing,1.0,13.0,0.0,0.0,No dark mode,1.4,0,1,0,0.0,0.0,0.0,4.0
445,2025-01-23,Organic,Desktop,USA,Basic,Upgrade,16.0,138.0,17.0,0.0,Best SaaS tool I've used,4.4,1,0,1,0.0,0.0,0.0,10.0
446,2025-01-07,Referral,Desktop,India,Free,First Feature Use,9.0,51.0,4.0,0.0,Data export works perfectly,4.9,0,1,1,0.0,0.0,0.0,11.0
447,2025-11-09,Paid,Desktop,USA,Free,First Feature Use,11.0,35.0,4.0,0.0,The mobile app is surprisingly good,4.6,0,1,1,0.0,1.0,0.0,17.0
448,2025-05-12,Paid,Desktop,USA,Free,First Feature Use,5.0,64.0,3.0,0.0,Meets minimum requirements,2.9,0,1,1,,1.0,0.0,15.0
449,2026-02-24,Paid,Tablet,Germany,Premium,Upgrade,22.0,130.0,19.0,0.0,Love how everything is customisable,5.0,1,0,1,1.0,0.0,0.0,14.0
450,2026-01-30,Organic,Mobile,USA,Basic,First Feature Use,11.0,48.0,6.0,2.0,Love the reporting features,4.8,0,0,1,0.0,1.0,1.0,1.0
451,2025-03-04,Organic,Mobile,India,Free,Onboarding,5.0,26.0,2.0,0.0,Needs a few more integrations,3.7,0,1,1,0.0,0.0,0.0,12.0
452,2025-12-26,Organic,Mobile,Germany,Free,Sign-up,3.0,24.0,1.0,0.0,Ok for basic use,3.9,0,1,0,0.0,0.0,0.0,2.0
453,2025-01-21,Paid,Mobile,USA,Free,Sign-up,2.0,,1.0,0.0,No dark mode,2.2,0,1,0,0.0,0.0,0.0,9.0
454,2025-01-28,Organic,Desktop,India,Free,Landing,2.0,9.0,0.0,0.0,Mobile UI is cluttered,2.1,0,1,0,1.0,0.0,0.0,4.0
455,2025-01-17,Referral,Desktop,India,Premium,Upgrade,21.0,108.0,7.0,0.0,Easy onboarding experience,4.6,1,0,1,0.0,1.0,0.0,9.0
456,2026-02-24,Organic,Desktop,Germany,Free,Landing,1.0,8.0,0.0,0.0,No dark mode,1.4,0,1,0,0.0,0.0,0.0,1.0
457,2025-11-30,Organic,Mobile,USA,Free,Landing,1.0,9.0,0.0,0.0,Too many steps during setup process,1.5,0,1,0,1.0,0.0,0.0,6.0
458,2026-03-27,Organic,Mobile,Germany,Free,Sign-up,4.0,24.0,1.0,0.0,No strong opinion yet,3.2,0,1,0,0.0,0.0,0.0,5.0
459,2025-01-19,Organic,Mobile,USA,Free,First Feature Use,5.0,31.0,3.0,1.0,Room for improvement in UI,2.8,0,1,1,3.0,1.0,0.0,19.0
460,2025-08-02,Organic,Desktop,India,Free,Sign-up,3.0,17.0,0.0,0.0,Not blown away but not disappointed,2.6,0,1,0,1.0,0.0,0.0,5.0
461,2025-02-17,Organic,Mobile,USA,Free,Sign-up,4.0,16.0,0.0,0.0,Nothing exceptional,2.5,0,1,0,0.0,0.0,0.0,2.0
462,2026-01-02,Organic,Mobile,USA,Free,Onboarding,3.0,44.0,2.0,0.0,Average experience so far,2.7,0,1,1,1.0,0.0,0.0,9.0
463,2025-02-28,Paid,Mobile,USA,Free,Sign-up,2.0,19.0,1.0,0.0,UI feels outdated,2.1,0,1,0,1.0,0.0,0.0,8.0
464,2026-03-11,Paid,Tablet,USA,Basic,Upgrade,10.0,87.0,12.0,0.0,Onboarding tutorial was straightforward,4.6,1,0,1,0.0,0.0,0.0,1.0
465,2026-04-22,Organic,Desktop,USA,Free,Sign-up,2.0,18.0,1.0,0.0,Too many bugs on mobile,2.3,0,1,0,0.0,0.0,0.0,1.0
466,2025-05-04,Paid,Tablet,USA,Free,Onboarding,4.0,24.0,2.0,1.0,Learning curve is medium,2.8,0,1,1,0.0,0.0,0.0,9.0
467,2026-03-24,Paid,Desktop,USA,Free,First Feature Use,8.0,63.0,6.0,0.0,Basic features work fine so far,3.0,0,1,1,0.0,0.0,0.0,4.0
468,2025-11-17,Referral,Mobile,USA,Free,Onboarding,5.0,23.0,2.0,2.0,Haven't used all features yet,2.7,0,1,1,1.0,0.0,0.0,6.0
469,2025-02-19,Paid,Mobile,USA,Free,First Feature Use,6.0,46.0,5.0,1.0,Average experience so far,2.9,0,1,1,0.0,0.0,0.0,16.0
470,2026-03-28,Organic,Mobile,USA,Basic,First Feature Use,,49.0,6.0,0.0,Onboarding tutorial was straightforward,5.0,0,1,1,0.0,0.0,0.0,15.0
471,2026-01-16,Paid,Desktop,Germany,Free,Landing,1.0,11.0,0.0,0.0,Mobile app crashes while exporting reports,1.8,0,1,0,0.0,0.0,0.0,4.0
472,2026-03-07,Paid,Desktop,UK,Basic,First Feature Use,10.0,59.0,3.0,0.0,The API documentation is clear,4.8,0,0,1,1.0,0.0,5.0,5.0
473,2025-10-02,Organic,Mobile,USA,Basic,First Feature Use,8.0,33.0,3.0,0.0,It's fine for now,2.7,0,0,1,1.0,0.0,4.0,16.0
474,2026-04-15,Referral,Mobile,UK,Free,First Feature Use,7.0,66.0,6.0,1.0,Ok for basic use,2.9,0,1,1,0.0,0.0,0.0,6.0
475,2025-02-06,Organic,Desktop,India,Free,Landing,1.0,5.0,0.0,0.0,Billing system is confusing,1.5,0,1,0,1.0,0.0,0.0,4.0
476,2025-07-06,Referral,Mobile,USA,Free,Sign-up,2.0,17.0,0.0,0.0,App crashes during report export,1.2,0,1,0,0.0,0.0,0.0,3.0
477,2026-02-28,Paid,Desktop,USA,Free,Landing,1.0,6.0,0.0,0.0,Customer support unhelpful,2.2,0,1,0,0.0,0.0,0.0,
478,2025-09-24,Paid,Mobile,USA,Premium,Upgrade,19.0,82.0,10.0,1.0,Automated reports are a lifesaver,4.2,1,0,1,1.0,1.0,0.0,23.0
479,2025-06-03,Paid,Mobile,Canada,Free,Onboarding,6.0,27.0,2.0,0.0,Similar to other tools,3.0,0,1,1,0.0,0.0,0.0,10.0
480,2025-10-09,Paid,Mobile,USA,Free,First Feature Use,,55.0,3.0,0.0,Automated reports are a lifesaver,4.6,0,1,1,1.0,0.0,0.0,18.0
481,2025-04-14,Paid,Desktop,India,Basic,First Feature Use,6.0,38.0,6.0,0.0,It's fine for now,3.2,0,0,1,1.0,0.0,2.0,12.0
482,2025-10-09,Referral,Mobile,USA,Basic,Upgrade,13.0,67.0,17.0,0.0,Support team solved my issue quickly,4.1,1,0,1,1.0,0.0,0.0,14.0
483,2026-02-12,Paid,Mobile,India,Free,Sign-up,2.0,16.0,1.0,0.0,Pricing too high for small businesses,2.5,0,1,0,1.0,0.0,0.0,5.0
484,2025-10-15,Referral,Desktop,USA,Free,Onboarding,5.0,29.0,1.0,0.0,Basic features work fine so far,3.9,0,1,1,1.0,0.0,0.0,3.0
485,2025-01-16,Referral,Mobile,USA,Free,First Feature Use,10.0,43.0,3.0,0.0,The mobile app is surprisingly good,4.1,0,1,1,1.0,0.0,0.0,16.0
486,2026-02-27,Referral,Mobile,USA,Basic,First Feature Use,11.0,51.0,5.0,1.0,Data export works perfectly,4.6,0,0,1,0.0,1.0,6.0,15.0
487,2025-01-03,,Desktop,Germany,Free,Onboarding,5.0,25.0,3.0,0.0,No strong opinion yet,3.7,0,1,1,0.0,1.0,0.0,1.0
488,2025-02-06,Paid,Mobile,USA,Free,First Feature Use,7.0,37.0,7.0,,Haven't used all features yet,3.4,0,1,1,1.0,1.0,0.0,17.0
489,2026-02-06,Organic,Mobile,USA,Free,Onboarding,3.0,43.0,2.0,1.0,Not blown away but not disappointed,2.7,0,1,1,0.0,,0.0,6.0
490,2025-11-20,Paid,Tablet,India,Free,Onboarding,3.0,37.0,2.0,0.0,Similar to other tools,2.9,0,1,1,0.0,0.0,0.0,9.0
491,2025-05-20,Organic,Desktop,UK,Free,First Feature Use,8.0,61.0,6.0,0.0,Could be better but not terrible,2.7,0,1,1,0.0,0.0,0.0,19.0
492,2025-08-12,Organic,Desktop,USA,Free,Landing,2.0,6.0,0.0,0.0,Frequent downtime,1.7,0,1,0,0.0,0.0,0.0,6.0
493,2025-04-14,Organic,Desktop,USA,Free,Landing,1.0,8.0,0.0,0.0,Export functionality is limited,1.3,0,1,0,0.0,0.0,0.0,4.0
494,2025-03-26,Referral,Mobile,USA,Free,Sign-up,3.0,11.0,1.0,0.0,Needs a few more integrations,3.0,0,1,0,,0.0,0.0,8.0
495,2025-02-15,Referral,Mobile,USA,Free,Sign-up,4.0,21.0,0.0,,Decent but not great,3.5,0,1,0,0.0,0.0,0.0,3.0
496,2025-10-14,,Mobile,India,Free,First Feature Use,7.0,46.0,6.0,,Still exploring features,2.8,0,1,1,0.0,0.0,0.0,
497,2026-01-10,Paid,Tablet,USA,Basic,First Feature Use,5.0,52.0,7.0,1.0,Works most of the time,,0,0,1,0.0,0.0,1.0,4.0
498,2025-04-23,Paid,Mobile,Germany,Free,Onboarding,3.0,25.0,2.0,1.0,Will decide after trial ends,2.6,0,1,1,2.0,0.0,0.0,5.0
499,2025-02-08,Paid,Mobile,USA,Free,Landing,1.0,10.0,0.0,0.0,Mobile app crashes while exporting reports,1.4,0,1,0,0.0,0.0,0.0,1.0
500,2025-12-04,Organic,Tablet,USA,Free,Onboarding,4.0,,3.0,0.0,Decent but not great,3.3,0,1,1,0.0,0.0,0.0,2.0
501,2025-12-03,Organic,Desktop,UK,Free,Sign-up,2.0,17.0,1.0,0.0,Too many steps during setup process,1.0,0,1,0,0.0,0.0,0.0,3.0
502,2026-01-16,Organic,Tablet,India,Free,Landing,2.0,12.0,0.0,0.0,Steep learning curve,2.4,0,1,0,1.0,0.0,0.0,2.0
503,2025-02-05,Paid,Desktop,USA,Free,Landing,1.0,8.0,0.0,2.0,Dashboard loads slowly,1.7,0,1,0,1.0,0.0,0.0,3.0
504,2025-02-17,Paid,Mobile,India,Basic,Onboarding,5.0,42.0,3.0,2.0,Good enough for my use case,2.7,0,0,1,0.0,0.0,5.0,9.0
505,2025-02-28,Paid,Desktop,India,Free,Sign-up,2.0,18.0,1.0,0.0,Missing key features compared to competitors,1.9,0,1,0,0.0,0.0,0.0,4.0
506,2026-01-21,Referral,Mobile,USA,Basic,Upgrade,18.0,134.0,13.0,0.0,Real-time sync is fast,4.0,1,0,1,1.0,,0.0,13.0
507,2025-10-19,Organic,Mobile,USA,Free,Landing,1.0,12.0,0.0,1.0,Mobile UI is cluttered,2.1,0,1,0,0.0,0.0,0.0,5.0
508,2025-08-12,Organic,Desktop,USA,Basic,First Feature Use,9.0,38.0,4.0,1.0,Love how everything is customisable,4.1,0,0,1,0.0,0.0,2.0,9.0
509,2025-01-07,Organic,Desktop,India,Free,Landing,1.0,13.0,0.0,0.0,Pricing too high for small businesses,1.0,0,1,0,0.0,0.0,0.0,5.0
510,2025-02-17,Organic,Desktop,USA,Basic,Upgrade,12.0,134.0,15.0,0.0,Analytics dashboard is insightful,4.4,1,0,1,1.0,0.0,0.0,19.0
511,2025-08-19,Organic,Tablet,India,Free,Sign-up,3.0,20.0,0.0,0.0,Standard SaaS experience,2.6,0,1,0,0.0,0.0,0.0,5.0
512,2026-04-16,Organic,Desktop,UK,Free,Sign-up,4.0,23.0,0.0,0.0,It's fine for now,3.7,0,1,0,0.0,1.0,0.0,4.0
513,2025-03-23,Paid,Mobile,India,Free,First Feature Use,5.0,63.0,,0.0,Learning curve is medium,2.5,0,1,1,0.0,0.0,0.0,5.0
514,2026-03-21,Organic,Desktop,UK,Premium,Upgrade,14.0,142.0,19.0,0.0,Mobile experience is smooth,4.1,1,0,1,1.0,,0.0,7.0
515,2025-05-26,Paid,Desktop,USA,Free,First Feature Use,8.0,61.0,3.0,0.0,Works most of the time,3.6,0,1,1,0.0,0.0,0.0,6.0
516,2025-03-06,Paid,Tablet,Germany,Free,Sign-up,4.0,10.0,1.0,0.0,Need more time before upgrading,2.7,0,1,0,0.0,0.0,0.0,6.0
517,2025-02-03,Organic,Mobile,India,Free,Landing,2.0,11.0,0.0,0.0,Mobile app crashes while exporting reports,2.4,0,1,0,0.0,0.0,0.0,3.0
518,2025-06-21,Paid,Mobile,USA,Basic,First Feature Use,5.0,68.0,4.0,0.0,Ok for basic use,2.8,0,0,1,0.0,0.0,2.0,13.0
519,2025-03-18,Organic,Desktop,UK,Free,Landing,2.0,11.0,0.0,0.0,Billing system is confusing,2.1,0,1,0,0.0,0.0,0.0,4.0
520,2025-01-14,Referral,Mobile,UK,Free,Onboarding,5.0,34.0,1.0,0.0,Could be better but not terrible,3.8,0,1,1,2.0,0.0,0.0,1.0
521,2026-01-22,Referral,Desktop,USA,Premium,Upgrade,20.0,79.0,18.0,0.0,Very intuitive UI,4.9,1,0,1,0.0,0.0,0.0,
522,2025-03-02,Organic,Mobile,USA,Free,Onboarding,4.0,39.0,2.0,0.0,Room for improvement in UI,2.9,0,1,1,0.0,0.0,0.0,11.0
523,2025-01-27,Referral,Mobile,USA,Free,Onboarding,5.0,34.0,1.0,2.0,Not sure if I'll continue,2.6,0,1,1,1.0,1.0,0.0,2.0
524,2025-10-29,Paid,Desktop,Canada,Free,First Feature Use,11.0,55.0,4.0,1.0,Mobile experience is smooth,4.7,0,1,1,2.0,0.0,0.0,4.0
525,2025-05-12,Referral,Mobile,UK,Free,Sign-up,4.0,24.0,1.0,0.0,Good enough for my use case,3.0,0,1,0,0.0,0.0,0.0,1.0
526,2025-10-13,Paid,Desktop,USA,Free,First Feature Use,6.0,43.0,7.0,1.0,Standard SaaS experience,3.1,0,1,1,0.0,0.0,0.0,14.0
527,2025-02-09,Organic,Mobile,UK,Free,Onboarding,5.0,28.0,3.0,1.0,Will evaluate again next month,2.9,0,1,1,1.0,0.0,0.0,2.0
528,2025-06-18,Referral,Mobile,USA,Free,First Feature Use,10.0,55.0,5.0,1.0,Data export works perfectly,4.3,0,1,1,0.0,0.0,0.0,10.0
529,2025-05-31,Organic,Mobile,USA,Free,Landing,1.0,12.0,0.0,0.0,Trial period too short,1.3,0,1,0,1.0,0.0,0.0,3.0
530,2025-01-01,Organic,Desktop,USA,Free,Sign-up,4.0,12.0,1.0,0.0,Basic features work fine so far,3.8,0,1,0,0.0,0.0,0.0,2.0
531,2025-10-06,Organic,Mobile,UK,Free,Landing,2.0,11.0,0.0,0.0,App crashes during report export,1.1,0,1,0,0.0,0.0,0.0,5.0
532,2025-04-26,Organic,Desktop,Canada,Free,Landing,2.0,6.0,0.0,0.0,Customer support unhelpful,1.8,0,1,0,0.0,0.0,0.0,6.0
533,2025-11-25,Paid,Desktop,Canada,Free,Landing,2.0,8.0,0.0,0.0,Dashboard loads slowly,2.1,0,1,0,0.0,0.0,0.0,1.0
534,2025-09-27,Paid,Desktop,USA,Free,Sign-up,3.0,20.0,0.0,0.0,It's fine for now,3.2,0,1,0,0.0,0.0,0.0,8.0
535,2025-01-30,Referral,Desktop,UK,Free,First Feature Use,9.0,59.0,6.0,0.0,Integration with Slack was seamless,4.3,0,1,1,1.0,0.0,0.0,3.0
536,2025-04-06,Organic,Mobile,India,Free,First Feature Use,6.0,65.0,7.0,0.0,Will evaluate again next month,3.2,0,1,1,0.0,0.0,0.0,18.0
537,2026-01-18,Referral,Mobile,USA,Free,First Feature Use,11.0,55.0,7.0,0.0,Love how everything is customisable,4.2,0,1,1,1.0,1.0,0.0,10.0
538,2025-05-29,Referral,Desktop,India,Free,Sign-up,2.0,20.0,0.0,0.0,Missing basic integrations,1.7,0,1,0,0.0,0.0,0.0,4.0
539,2025-06-30,Organic,Mobile,Germany,Free,Sign-up,2.0,,0.0,0.0,Mobile UI is cluttered,1.2,0,1,0,0.0,0.0,,6.0
540,2025-02-20,Organic,Desktop,India,Free,First Feature Use,5.0,51.0,4.0,0.0,Good enough for my use case,3.9,0,1,1,0.0,0.0,0.0,19.0
541,2025-06-17,Referral,Desktop,USA,Basic,Upgrade,14.0,60.0,10.0,1.0,Analytics dashboard is insightful,4.2,1,0,1,1.0,1.0,0.0,15.0
542,2025-04-11,Paid,Mobile,Germany,Free,Onboarding,7.0,34.0,1.0,1.0,Room for improvement in UI,3.9,0,1,1,1.0,0.0,0.0,12.0
543,2025-02-07,Paid,Desktop,Germany,Premium,Upgrade,15.0,92.0,,0.0,Feature updates are frequent and useful,4.2,1,0,1,0.0,2.0,0.0,21.0
544,2026-03-22,Paid,Tablet,India,Free,Landing,2.0,10.0,0.0,0.0,Cannot customize reports enough,2.2,0,1,0,1.0,0.0,0.0,2.0
545,2026-04-03,Paid,Mobile,USA,Free,Onboarding,6.0,35.0,2.0,0.0,"Works as expected, nothing special",3.7,0,1,1,2.0,0.0,0.0,2.0
546,2025-08-15,Organic,Desktop,India,Free,Sign-up,2.0,11.0,0.0,0.0,Support response time is slow,,0,1,0,0.0,0.0,0.0,4.0
547,2025-12-17,Paid,Mobile,USA,Basic,Upgrade,15.0,129.0,19.0,0.0,The mobile app is surprisingly good,4.4,1,0,1,0.0,0.0,0.0,3.0
548,2025-04-28,Organic,Mobile,USA,Basic,Upgrade,19.0,86.0,14.0,0.0,The dashboard analytics are extremely useful,4.5,1,0,1,1.0,,,
549,2026-02-10,Paid,Desktop,UK,Free,Onboarding,5.0,21.0,3.0,0.0,Room for improvement in UI,3.7,0,1,1,1.0,0.0,0.0,2.0
550,2025-06-11,Referral,Desktop,Canada,Free,Sign-up,2.0,21.0,1.0,0.0,No dark mode,1.9,0,1,0,2.0,0.0,0.0,9.0
551,2025-11-09,Paid,Desktop,India,Free,Sign-up,3.0,11.0,1.0,1.0,Could be better but not terrible,,0,1,0,0.0,0.0,0.0,8.0
552,2025-05-06,Referral,Tablet,India,Premium,Upgrade,10.0,134.0,14.0,0.0,The API documentation is clear,4.1,1,0,1,1.0,0.0,0.0,12.0
553,2025-09-06,Paid,Desktop,USA,Free,First Feature Use,6.0,51.0,6.0,1.0,Needs a few more integrations,2.6,0,1,1,0.0,2.0,0.0,12.0
554,2025-02-03,Paid,Desktop,USA,Free,Landing,2.0,12.0,0.0,0.0,Trial period too short,2.0,0,1,0,0.0,0.0,0.0,1.0
555,2025-06-10,Paid,Desktop,Germany,Basic,First Feature Use,11.0,69.0,6.0,0.0,Data export works perfectly,4.0,0,1,1,1.0,0.0,0.0,15.0
556,2025-06-09,Referral,Desktop,UK,Free,First Feature Use,6.0,69.0,6.0,1.0,Works most of the time,3.7,0,1,1,2.0,0.0,0.0,19.0
557,2026-02-03,Paid,Desktop,India,Basic,Onboarding,4.0,41.0,1.0,0.0,Need more time before upgrading,3.4,0,0,1,0.0,0.0,13.0,13.0
558,2025-04-09,Organic,Tablet,USA,Free,Sign-up,3.0,14.0,0.0,0.0,Ok for basic use,4.0,0,1,0,0.0,0.0,0.0,6.0
559,2025-06-11,Referral,Desktop,India,Free,First Feature Use,11.0,68.0,7.0,0.0,Saves me hours every week,5.0,0,1,1,0.0,0.0,0.0,13.0
560,2025-09-06,Paid,Desktop,Germany,Free,Onboarding,7.0,24.0,2.0,1.0,Haven't used all features yet,3.4,0,1,1,1.0,0.0,0.0,4.0
561,2025-06-02,Organic,Mobile,USA,Free,Landing,1.0,12.0,0.0,0.0,Support response time is slow,2.1,0,1,0,0.0,0.0,0.0,2.0
562,2026-01-21,Paid,Desktop,USA,Basic,First Feature Use,11.0,51.0,5.0,0.0,The dashboard analytics are extremely useful,4.9,0,0,1,1.0,0.0,1.0,12.0
563,2026-01-14,Referral,Desktop,USA,Free,Onboarding,5.0,26.0,3.0,1.0,Haven't used all features yet,3.8,0,1,1,0.0,0.0,0.0,9.0
564,2025-04-02,Paid,Desktop,Germany,Basic,First Feature Use,9.0,62.0,6.0,0.0,Integration with Slack was seamless,4.8,0,0,1,0.0,0.0,7.0,1.0
565,2025-12-31,Organic,Mobile,India,Free,Onboarding,5.0,20.0,1.0,0.0,Good enough for my use case,3.5,0,1,1,0.0,0.0,0.0,9.0
566,2026-02-16,Referral,Tablet,India,Free,First Feature Use,6.0,38.0,7.0,0.0,Needs a few more integrations,3.2,0,1,1,1.0,0.0,0.0,12.0
567,2025-05-13,Paid,Mobile,USA,Free,First Feature Use,11.0,63.0,4.0,0.0,Saves me hours every week,4.1,0,1,1,1.0,1.0,0.0,2.0
568,2026-01-15,Paid,Mobile,India,Premium,Upgrade,,91.0,11.0,0.0,Love how everything is customisable,4.4,1,0,1,0.0,0.0,0.0,4.0
569,2025-02-14,Organic,Desktop,UK,Free,Sign-up,2.0,19.0,1.0,0.0,The onboarding tutorial was confusing,2.0,0,1,0,0.0,0.0,0.0,8.0
570,2026-04-06,Organic,Desktop,USA,Free,Sign-up,3.0,22.0,0.0,0.0,Nothing exceptional,2.9,0,1,0,0.0,0.0,0.0,6.0
571,2026-01-23,Paid,Mobile,Canada,Free,Landing,1.0,5.0,0.0,1.0,Steep learning curve,2.3,0,1,0,0.0,,0.0,3.0
572,2025-04-27,Referral,Desktop,USA,Free,Landing,1.0,10.0,0.0,0.0,Pricing feels too expensive,1.8,0,1,0,0.0,0.0,0.0,4.0
573,2025-05-02,Organic,Mobile,USA,Premium,Upgrade,19.0,76.0,14.0,0.0,Easy onboarding experience,4.9,1,0,1,1.0,0.0,0.0,23.0
574,2025-09-03,Organic,Mobile,USA,Free,Onboarding,5.0,40.0,3.0,1.0,Average experience so far,3.3,0,1,1,1.0,0.0,0.0,9.0
575,2025-04-30,Organic,Mobile,USA,Premium,Upgrade,23.0,92.0,8.0,0.0,Highly recommend to other teams,4.4,1,0,1,0.0,1.0,0.0,21.0
576,2025-04-13,Paid,Desktop,UK,Free,Sign-up,3.0,13.0,0.0,0.0,Not blown away but not disappointed,3.1,0,1,0,0.0,0.0,0.0,3.0
577,2025-01-13,Organic,Mobile,USA,Free,Sign-up,2.0,15.0,0.0,0.0,No dark mode,2.1,0,1,0,1.0,1.0,0.0,8.0
578,2025-01-20,Organic,Mobile,India,Premium,Upgrade,13.0,65.0,17.0,0.0,Love the reporting features,4.2,1,0,1,0.0,1.0,0.0,29.0
579,2025-01-25,Organic,Desktop,USA,Basic,Onboarding,5.0,33.0,2.0,2.0,It's fine for now,3.1,0,0,1,1.0,0.0,8.0,3.0
580,2026-02-15,Paid,Mobile,USA,Free,Landing,2.0,7.0,0.0,0.0,Billing system is confusing,1.5,0,1,0,0.0,0.0,0.0,3.0
581,2026-02-11,Organic,Desktop,UK,Free,Onboarding,5.0,31.0,3.0,0.0,Good enough for my use case,3.5,0,1,1,0.0,0.0,0.0,3.0
582,2025-01-09,Organic,Desktop,India,Free,Sign-up,4.0,19.0,0.0,0.0,Good enough for my use case,2.6,0,1,0,0.0,0.0,0.0,2.0
583,2025-04-25,Referral,Desktop,USA,Free,Sign-up,4.0,12.0,1.0,0.0,Average experience so far,3.8,0,1,0,1.0,0.0,0.0,8.0
584,2026-02-27,Organic,Mobile,Canada,Free,Landing,1.0,11.0,0.0,1.0,Feature X is broken for weeks,2.2,0,1,0,0.0,0.0,0.0,2.0
585,2025-01-19,Organic,Mobile,UK,Basic,Onboarding,7.0,40.0,3.0,1.0,Nothing exceptional,4.0,0,0,1,0.0,0.0,6.0,13.0
586,2025-05-25,Referral,Desktop,USA,Free,Sign-up,2.0,10.0,1.0,0.0,Support response time is slow,1.7,0,1,0,0.0,0.0,0.0,5.0
587,2025-08-27,Organic,Mobile,USA,Basic,First Feature Use,8.0,63.0,7.0,2.0,Room for improvement in UI,3.6,0,1,1,0.0,0.0,0.0,18.0
588,2025-07-15,Paid,Mobile,USA,Free,First Feature Use,11.0,48.0,7.0,1.0,Customer support was excellent,4.8,0,1,1,2.0,0.0,0.0,14.0
589,2025-05-30,Organic,Mobile,India,Free,Sign-up,4.0,12.0,0.0,0.0,Learning curve is medium,2.6,0,1,0,1.0,0.0,0.0,5.0
590,2026-03-29,Paid,Mobile,USA,Premium,Upgrade,18.0,82.0,15.0,0.0,Mobile experience is smooth,5.0,1,0,1,1.0,0.0,0.0,15.0
591,2025-08-12,Organic,Tablet,USA,Free,Sign-up,4.0,10.0,1.0,0.0,Similar to other tools,3.5,0,1,0,0.0,0.0,0.0,8.0
592,2025-03-22,Referral,Desktop,USA,Free,Sign-up,3.0,14.0,,0.0,"Works as expected, nothing special",3.0,0,1,0,0.0,0.0,0.0,7.0
593,2025-10-20,Organic,Mobile,USA,Free,Onboarding,4.0,26.0,1.0,0.0,Similar to other tools,2.9,0,1,1,1.0,0.0,0.0,12.0
594,2026-04-22,Organic,Mobile,India,Free,Sign-up,2.0,15.0,1.0,0.0,Frequent downtime,2.0,0,1,0,0.0,0.0,0.0,1.0
595,2025-05-29,Paid,Tablet,UK,Free,First Feature Use,10.0,51.0,3.0,0.0,Onboarding tutorial was straightforward,4.1,0,1,1,1.0,1.0,0.0,15.0
596,2025-10-16,Referral,Mobile,USA,Free,Sign-up,4.0,12.0,1.0,0.0,Standard SaaS experience,2.8,0,1,0,0.0,0.0,0.0,8.0
597,2026-04-23,Organic,Desktop,USA,Free,Onboarding,3.0,44.0,3.0,0.0,Similar to other tools,,0,1,1,0.0,1.0,0.0,
598,2025-03-08,Referral,Mobile,USA,Free,Sign-up,3.0,11.0,0.0,0.0,Haven't used all features yet,3.9,0,1,0,0.0,0.0,0.0,2.0
599,2025-12-09,Organic,Desktop,India,Premium,Upgrade,21.0,71.0,9.0,0.0,The API documentation is clear,4.8,1,0,1,0.0,0.0,0.0,21.0
600,2025-11-10,Paid,Desktop,India,Basic,Upgrade,20.0,148.0,8.0,0.0,Love the reporting features,4.8,1,0,1,0.0,0.0,0.0,4.0
601,2025-03-10,Organic,Mobile,USA,Free,Sign-up,4.0,23.0,1.0,0.0,Room for improvement in UI,3.6,0,1,0,,0.0,0.0,5.0
602,2026-03-04,Paid,Mobile,USA,Basic,First Feature Use,5.0,32.0,3.0,0.0,Not blown away but not disappointed,3.9,0,0,1,0.0,1.0,6.0,16.0
603,2025-09-30,Organic,Desktop,USA,Free,Landing,2.0,13.0,0.0,0.0,Too many bugs on mobile,1.5,0,1,0,0.0,0.0,0.0,5.0
604,2025-07-01,Organic,Tablet,Germany,Basic,Onboarding,7.0,37.0,3.0,0.0,Standard SaaS experience,3.2,0,0,1,1.0,1.0,10.0,10.0
605,2025-06-03,Organic,Mobile,UK,Premium,Upgrade,20.0,105.0,15.0,0.0,Highly recommend to other teams,4.9,1,0,1,0.0,0.0,0.0,27.0
606,2025-01-01,Organic,Desktop,USA,Basic,Upgrade,15.0,65.0,18.0,1.0,Highly recommend to other teams,4.6,1,0,1,1.0,0.0,0.0,21.0
607,2025-04-09,Referral,Mobile,USA,Free,Landing,1.0,7.0,0.0,0.0,Too many steps during setup process,1.8,0,1,0,1.0,0.0,0.0,1.0
608,2025-01-07,Referral,Desktop,USA,Free,Onboarding,6.0,39.0,1.0,1.0,Nothing exceptional,3.2,0,1,1,0.0,0.0,0.0,12.0
609,2025-02-22,Paid,Desktop,India,Free,Sign-up,2.0,10.0,1.0,0.0,Feature X is broken for weeks,2.4,0,1,0,0.0,0.0,0.0,3.0
610,2025-01-29,Organic,Mobile,USA,Free,Sign-up,,18.0,1.0,1.0,Nothing exceptional,3.3,0,1,0,0.0,0.0,0.0,7.0
611,2025-11-16,Organic,Mobile,USA,Free,First Feature Use,5.0,35.0,3.0,0.0,Nothing exceptional,3.3,0,1,1,0.0,1.0,0.0,15.0
612,2025-12-15,Paid,Mobile,UK,Free,Landing,2.0,12.0,0.0,0.0,Cannot customize reports enough,2.2,0,1,0,0.0,0.0,0.0,6.0
613,2026-03-13,Referral,Desktop,USA,Free,Landing,1.0,14.0,0.0,0.0,Trial period too short,1.4,0,1,0,0.0,,0.0,2.0
614,2025-11-30,Paid,Mobile,UK,Premium,Upgrade,14.0,85.0,18.0,1.0,The mobile app is surprisingly good,5.0,1,0,1,1.0,0.0,0.0,13.0
615,2026-04-06,Referral,Mobile,USA,Free,Sign-up,3.0,17.0,0.0,0.0,Not sure if I'll continue,3.9,0,1,0,0.0,0.0,0.0,5.0
616,2025-10-28,Referral,Tablet,India,Free,Sign-up,2.0,10.0,1.0,0.0,Too many bugs on mobile,1.3,0,1,0,1.0,1.0,0.0,
617,2025-04-05,Referral,Mobile,USA,Basic,Onboarding,7.0,23.0,1.0,0.0,Decent but not great,3.7,0,0,1,0.0,0.0,12.0,13.0
618,2026-04-23,Organic,Desktop,Germany,Free,Landing,1.0,14.0,0.0,0.0,Dashboard loads slowly,1.6,0,1,0,0.0,0.0,0.0,6.0
619,2025-07-27,Organic,Mobile,USA,Free,Onboarding,4.0,20.0,2.0,0.0,Haven't used all features yet,3.0,0,1,1,1.0,0.0,0.0,8.0
620,2025-06-21,Paid,Mobile,USA,Free,Onboarding,3.0,40.0,3.0,0.0,Could be better but not terrible,3.0,0,1,1,0.0,0.0,0.0,13.0
621,2025-03-28,Paid,Mobile,India,Free,Onboarding,3.0,,1.0,0.0,It's fine for now,3.0,0,1,1,0.0,0.0,0.0,3.0
622,2025-10-30,Organic,Desktop,Germany,Basic,First Feature Use,9.0,58.0,6.0,0.0,Integration with Slack was seamless,4.9,0,0,1,0.0,2.0,3.0,19.0
623,2025-04-27,Organic,Mobile,USA,Free,Landing,2.0,13.0,0.0,1.0,Too many steps during setup process,2.0,0,1,0,0.0,0.0,0.0,1.0
624,2025-01-19,Paid,Desktop,Germany,Basic,First Feature Use,6.0,39.0,5.0,0.0,Need more time before upgrading,2.7,0,0,1,1.0,0.0,1.0,6.0
625,2025-08-29,Paid,Mobile,USA,Basic,Onboarding,3.0,24.0,3.0,0.0,Meets minimum requirements,3.2,0,0,1,1.0,0.0,,11.0
626,2025-08-04,Organic,Mobile,UK,Premium,Upgrade,10.0,131.0,16.0,1.0,Simple and effective design,4.4,1,0,1,0.0,0.0,0.0,5.0
627,2025-10-21,Paid,Tablet,USA,Free,First Feature Use,8.0,45.0,6.0,1.0,Still evaluating whether premium is worth it,2.6,0,1,1,1.0,0.0,0.0,10.0
628,2026-02-26,Paid,Mobile,USA,Free,Sign-up,2.0,10.0,0.0,1.0,UI feels outdated,1.2,0,1,0,0.0,0.0,0.0,1.0
629,2025-03-31,Paid,Mobile,USA,Free,Onboarding,3.0,41.0,3.0,0.0,"Works as expected, nothing special",2.7,0,1,1,0.0,1.0,0.0,6.0
630,2025-08-02,Organic,Mobile,UK,Free,Onboarding,4.0,34.0,3.0,0.0,Basic features work fine so far,3.0,0,1,1,0.0,0.0,0.0,10.0
631,2026-03-12,Paid,Desktop,UK,Free,Onboarding,3.0,26.0,2.0,0.0,Needs a few more integrations,2.6,0,1,1,1.0,0.0,0.0,4.0
632,2025-05-19,Paid,Desktop,USA,Basic,First Feature Use,6.0,54.0,4.0,1.0,It's fine for now,3.5,0,0,1,0.0,1.0,4.0,12.0
633,2025-07-01,Organic,Mobile,Canada,Free,Landing,2.0,6.0,0.0,0.0,Steep learning curve,1.9,0,1,0,0.0,0.0,0.0,5.0
634,2025-12-17,Paid,Mobile,USA,Free,First Feature Use,6.0,,5.0,1.0,Good enough for my use case,4.0,0,1,1,0.0,0.0,0.0,13.0
635,2025-10-19,Organic,Desktop,USA,Free,Sign-up,3.0,13.0,1.0,0.0,Room for improvement in UI,2.7,0,1,0,0.0,0.0,0.0,1.0
636,2025-08-07,Organic,Tablet,India,Free,Onboarding,4.0,37.0,1.0,0.0,Haven't used all features yet,2.9,0,1,1,1.0,0.0,0.0,8.0
637,2025-12-31,Organic,Mobile,USA,Free,Landing,2.0,11.0,0.0,0.0,Support response time is slow,1.9,0,1,0,0.0,0.0,0.0,1.0
638,2025-04-30,Organic,Desktop,USA,Free,Onboarding,4.0,26.0,2.0,3.0,Still evaluating whether premium is worth it,3.5,0,1,1,0.0,0.0,0.0,6.0
639,2025-10-07,Organic,Mobile,USA,Free,Sign-up,3.0,20.0,1.0,0.0,Meets minimum requirements,3.8,0,1,0,0.0,0.0,0.0,7.0
640,2026-04-13,Referral,Mobile,USA,Basic,First Feature Use,9.0,55.0,6.0,2.0,Reporting module saves a lot of time,5.0,0,0,1,2.0,0.0,4.0,18.0
641,2025-09-21,Organic,Mobile,Germany,Free,Onboarding,4.0,25.0,2.0,1.0,Still evaluating whether premium is worth it,3.5,0,1,1,0.0,0.0,0.0,3.0
642,2026-03-26,Referral,Mobile,USA,Free,Onboarding,4.0,27.0,3.0,1.0,Will evaluate again next month,2.7,0,1,1,1.0,0.0,0.0,12.0
643,2025-07-20,Paid,Mobile,USA,Premium,Upgrade,16.0,146.0,10.0,0.0,The dashboard analytics are extremely useful,5.0,1,0,1,1.0,0.0,0.0,4.0
644,2025-11-10,Organic,Tablet,USA,Free,Sign-up,3.0,18.0,0.0,0.0,Works most of the time,2.6,0,1,0,0.0,0.0,0.0,8.0
645,2026-04-06,Organic,Mobile,USA,Free,Landing,2.0,12.0,0.0,0.0,Data sync is unreliable,2.0,0,1,0,0.0,0.0,0.0,6.0
646,2025-04-10,Paid,Mobile,USA,Free,Landing,1.0,13.0,0.0,0.0,The onboarding tutorial was confusing,1.3,0,1,0,0.0,0.0,0.0,3.0
647,2025-04-02,Paid,Mobile,India,Free,Sign-up,3.0,10.0,1.0,0.0,Nothing exceptional,2.7,0,1,0,0.0,1.0,0.0,4.0
648,2025-06-18,Organic,Desktop,India,Free,Sign-up,2.0,18.0,0.0,0.0,Frequent downtime,2.0,0,1,0,0.0,1.0,0.0,4.0
649,2026-01-26,Organic,Tablet,India,Free,Sign-up,4.0,17.0,0.0,0.0,Need more time before upgrading,2.8,0,1,0,0.0,0.0,0.0,9.0
650,2025-09-06,Paid,Mobile,USA,Free,Sign-up,2.0,10.0,1.0,0.0,UI feels outdated,2.5,0,1,0,0.0,0.0,0.0,9.0
651,2025-07-21,Organic,Mobile,USA,Free,Landing,1.0,6.0,0.0,1.0,Frequent downtime,2.0,0,1,0,0.0,0.0,0.0,4.0
652,2025-07-02,Referral,Mobile,Canada,Free,First Feature Use,8.0,53.0,7.0,2.0,Room for improvement in UI,2.5,0,1,1,1.0,0.0,0.0,2.0
653,2026-02-03,Paid,Mobile,USA,Free,Sign-up,2.0,23.0,0.0,0.0,Mobile UI is cluttered,1.8,0,1,0,1.0,0.0,0.0,9.0
654,2025-04-12,Organic,Mobile,Canada,Free,Onboarding,5.0,28.0,3.0,0.0,Needs a few more integrations,2.9,0,1,1,0.0,0.0,0.0,1.0
655,2026-04-16,Organic,Mobile,India,Free,Sign-up,4.0,13.0,1.0,0.0,No strong opinion yet,3.8,0,1,0,1.0,0.0,0.0,7.0
656,2025-08-24,Organic,Desktop,Germany,Free,Onboarding,7.0,21.0,2.0,0.0,Will evaluate again next month,3.8,0,1,1,0.0,0.0,0.0,4.0
657,2026-04-29,Referral,Desktop,USA,Free,Landing,1.0,9.0,0.0,0.0,Customer support unhelpful,2.4,0,1,0,0.0,0.0,0.0,3.0
658,2025-04-18,Organic,Mobile,USA,Free,Sign-up,2.0,12.0,1.0,0.0,UI feels outdated,1.8,0,1,0,0.0,0.0,0.0,3.0
659,2025-10-07,Organic,Mobile,UK,Free,Onboarding,7.0,44.0,2.0,0.0,Still evaluating whether premium is worth it,4.0,0,1,1,0.0,0.0,0.0,8.0
660,2025-01-24,Paid,Desktop,India,Basic,Upgrade,18.0,146.0,10.0,2.0,Support team solved my issue quickly,4.2,1,0,1,0.0,0.0,0.0,10.0
661,2026-04-14,Organic,Desktop,USA,Free,Landing,1.0,7.0,0.0,0.0,Too many bugs on mobile,1.7,0,1,0,1.0,0.0,0.0,6.0
662,2025-06-11,Paid,Mobile,India,Free,Sign-up,2.0,12.0,0.0,0.0,Pricing too high for small businesses,,0,1,0,1.0,0.0,0.0,3.0
663,2025-10-30,Referral,Desktop,USA,Free,Sign-up,2.0,23.0,0.0,0.0,Cannot customize reports enough,1.1,0,1,0,0.0,0.0,0.0,6.0
664,2025-10-20,Paid,Mobile,USA,Free,Landing,1.0,11.0,0.0,0.0,No offline access,2.2,0,1,0,0.0,0.0,0.0,2.0
665,2025-08-15,Referral,Mobile,Germany,Free,First Feature Use,6.0,69.0,5.0,1.0,No strong opinion yet,3.6,0,1,1,1.0,0.0,0.0,11.0
666,2026-03-02,Referral,Mobile,USA,Free,First Feature Use,6.0,39.0,3.0,1.0,Still exploring features,,0,1,1,0.0,0.0,0.0,6.0
667,2025-03-06,Organic,Tablet,USA,Free,Landing,1.0,14.0,0.0,0.0,Feature X is broken for weeks,2.4,0,1,0,0.0,,0.0,4.0
668,2025-09-28,Organic,Mobile,USA,Free,Sign-up,,,0.0,0.0,Mobile UI is cluttered,2.3,0,1,0,1.0,0.0,0.0,6.0
669,2025-04-21,Organic,Tablet,USA,Free,Sign-up,3.0,19.0,1.0,0.0,Will evaluate again next month,3.3,0,1,0,1.0,0.0,0.0,4.0
670,2026-03-10,Paid,Mobile,USA,Free,Landing,2.0,,0.0,0.0,App crashes during report export,2.1,0,1,0,0.0,0.0,0.0,4.0
671,2025-01-10,Organic,Mobile,USA,Free,Sign-up,2.0,12.0,1.0,1.0,Export functionality is limited,1.3,0,1,0,1.0,0.0,0.0,
672,2025-12-26,Referral,Desktop,USA,Free,Landing,1.0,8.0,0.0,0.0,Cannot customize reports enough,1.9,0,1,0,0.0,,0.0,3.0
673,2025-08-02,Paid,Mobile,India,Free,Sign-up,3.0,10.0,1.0,0.0,Will evaluate again next month,3.7,0,1,0,1.0,0.0,0.0,9.0
674,2025-10-22,Organic,Mobile,Germany,Premium,Upgrade,16.0,115.0,13.0,0.0,The mobile app is surprisingly good,4.5,1,0,1,,0.0,0.0,24.0
675,2026-03-11,Paid,Mobile,USA,Free,Landing,1.0,,0.0,0.0,Missing basic integrations,1.9,0,1,0,0.0,0.0,0.0,1.0
676,2026-03-24,Organic,Desktop,USA,Free,Onboarding,3.0,30.0,3.0,0.0,Could be better but not terrible,2.6,0,1,1,0.0,,0.0,3.0
677,2026-02-26,Referral,Mobile,USA,Basic,First Feature Use,8.0,41.0,6.0,0.0,Works most of the time,2.7,0,0,1,1.0,0.0,1.0,7.0
678,2026-04-28,Paid,Mobile,India,Basic,First Feature Use,11.0,59.0,3.0,1.0,Highly recommend to other teams,4.3,0,0,1,1.0,0.0,4.0,1.0
679,2025-01-13,Organic,Mobile,India,Free,Landing,2.0,14.0,0.0,0.0,Export functionality is limited,1.5,0,1,0,0.0,0.0,0.0,
680,2025-08-13,Organic,Desktop,Canada,Free,First Feature Use,8.0,60.0,7.0,1.0,Works most of the time,2.9,0,1,1,0.0,0.0,0.0,19.0
681,2025-08-11,,Mobile,USA,Free,First Feature Use,5.0,42.0,7.0,0.0,It's fine for now,3.6,0,1,1,1.0,0.0,0.0,13.0
682,2025-03-05,Paid,Mobile,India,Free,Onboarding,6.0,23.0,2.0,1.0,Need more time before upgrading,2.6,0,1,1,,0.0,0.0,7.0
683,2026-01-13,Referral,Mobile,UK,Free,Onboarding,3.0,40.0,3.0,0.0,Haven't used all features yet,2.5,0,1,1,0.0,0.0,0.0,13.0
684,2025-01-20,Organic,Desktop,Germany,Free,Sign-up,3.0,22.0,0.0,0.0,Average experience so far,2.6,0,1,0,0.0,0.0,0.0,9.0
685,2025-11-22,Organic,Mobile,UK,Basic,First Feature Use,7.0,64.0,5.0,0.0,Standard SaaS experience,3.0,0,0,1,2.0,0.0,5.0,9.0
686,2025-04-10,Organic,Mobile,USA,Free,Sign-up,4.0,15.0,0.0,0.0,Meets minimum requirements,3.4,0,1,0,1.0,0.0,0.0,3.0
687,2025-10-15,Paid,Desktop,India,Free,Onboarding,7.0,42.0,3.0,0.0,Meets minimum requirements,3.1,0,1,1,0.0,0.0,0.0,6.0
688,2025-03-24,Organic,Tablet,India,Free,Landing,2.0,13.0,0.0,0.0,Missing key features compared to competitors,2.2,0,1,0,0.0,0.0,0.0,6.0
689,2025-04-06,Organic,Desktop,USA,Basic,Onboarding,5.0,37.0,3.0,0.0,It's fine for now,3.4,0,0,1,0.0,0.0,9.0,10.0
690,2025-01-01,Paid,Mobile,USA,Free,Onboarding,5.0,39.0,3.0,0.0,Basic features work fine so far,3.5,0,1,1,0.0,0.0,0.0,6.0
691,2025-08-03,Paid,Desktop,USA,Free,Sign-up,2.0,21.0,1.0,0.0,UI feels outdated,2.4,0,1,0,1.0,0.0,0.0,4.0
692,2025-03-01,Organic,Tablet,USA,Free,Onboarding,6.0,30.0,3.0,0.0,It's fine for now,3.1,0,1,1,0.0,0.0,0.0,10.0
693,2025-09-12,Paid,Mobile,USA,Basic,Onboarding,6.0,23.0,2.0,3.0,"Works as expected, nothing special",3.0,0,1,1,0.0,0.0,13.0,12.0
694,2025-09-28,Paid,Mobile,Canada,Free,Landing,1.0,13.0,0.0,0.0,Missing basic integrations,1.6,0,1,0,0.0,0.0,0.0,3.0
695,2025-08-28,Organic,Mobile,UK,Free,Sign-up,3.0,12.0,1.0,0.0,Will decide after trial ends,3.7,0,1,0,1.0,0.0,0.0,5.0
696,2026-01-21,Organic,Desktop,India,Free,Sign-up,4.0,20.0,1.0,0.0,Haven't used all features yet,2.7,0,1,0,0.0,0.0,0.0,5.0
697,2025-06-29,Organic,Mobile,India,Basic,Onboarding,3.0,20.0,2.0,0.0,Similar to other tools,3.2,0,0,1,1.0,0.0,8.0,12.0
698,2026-02-10,Paid,Mobile,India,Basic,First Feature Use,11.0,44.0,5.0,1.0,Love the reporting features,5.0,0,0,1,2.0,0.0,5.0,9.0
699,2025-04-30,Referral,Mobile,Germany,Free,Sign-up,2.0,12.0,0.0,0.0,Billing system is confusing,1.7,0,1,0,0.0,0.0,0.0,1.0
700,2025-09-27,Organic,Desktop,India,Free,Sign-up,4.0,16.0,1.0,0.0,It's fine for now,2.7,0,1,0,0.0,0.0,0.0,1.0
701,2025-11-05,Organic,Mobile,USA,Premium,Upgrade,13.0,64.0,11.0,0.0,Analytics dashboard is insightful,4.3,1,0,1,0.0,0.0,0.0,21.0
702,2025-05-30,Referral,Desktop,USA,Free,First Feature Use,6.0,61.0,7.0,1.0,Nothing exceptional,3.4,0,1,1,0.0,0.0,0.0,4.0
703,2026-04-24,Referral,Desktop,USA,Free,First Feature Use,9.0,30.0,7.0,1.0,Simple and effective design,4.3,0,1,1,0.0,0.0,0.0,11.0
704,2026-04-26,Paid,Mobile,USA,Free,Sign-up,2.0,13.0,1.0,0.0,Missing key features compared to competitors,1.8,0,1,0,0.0,1.0,0.0,4.0
705,2025-11-21,Referral,Desktop,USA,Premium,Upgrade,13.0,92.0,17.0,1.0,Highly recommend to other teams,4.2,1,0,1,0.0,1.0,0.0,2.0
706,2025-05-23,Paid,Mobile,India,Free,First Feature Use,6.0,49.0,3.0,2.0,Could be better but not terrible,3.4,0,1,1,0.0,0.0,0.0,
707,2025-09-28,Paid,Tablet,UK,Basic,Upgrade,14.0,84.0,15.0,1.0,Reporting module saves a lot of time,4.3,1,0,1,2.0,0.0,0.0,14.0
708,2026-02-11,Organic,Desktop,USA,Basic,Upgrade,23.0,81.0,8.0,1.0,The dashboard analytics are extremely useful,4.7,1,0,1,1.0,0.0,0.0,21.0
709,2025-09-13,Organic,Tablet,Canada,Free,Landing,1.0,9.0,0.0,0.0,Export functionality is limited,1.6,0,1,0,0.0,0.0,0.0,3.0
710,2025-02-23,Organic,Mobile,USA,Free,Landing,2.0,5.0,0.0,0.0,The onboarding tutorial was confusing,2.4,0,1,0,1.0,0.0,0.0,6.0
711,2025-05-23,Referral,Mobile,UK,Free,First Feature Use,9.0,34.0,3.0,1.0,Love how everything is customisable,4.9,0,1,1,3.0,0.0,0.0,13.0
712,2025-04-23,Referral,Mobile,India,Basic,First Feature Use,5.0,67.0,3.0,1.0,Works most of the time,3.6,0,0,1,1.0,0.0,1.0,12.0
713,2025-03-11,Paid,Mobile,UK,Premium,Upgrade,11.0,92.0,10.0,0.0,Saves me hours every week,4.5,1,0,1,1.0,0.0,0.0,19.0
714,2025-08-02,Organic,Desktop,USA,Premium,Upgrade,11.0,77.0,9.0,1.0,Love how everything is customisable,4.6,1,0,1,0.0,0.0,0.0,12.0
715,2025-02-28,Organic,Mobile,India,Free,Landing,1.0,11.0,0.0,0.0,No offline access,2.4,0,1,0,,0.0,0.0,2.0
716,2025-04-04,Organic,Mobile,USA,Basic,First Feature Use,6.0,56.0,5.0,1.0,Works most of the time,3.1,0,0,1,0.0,0.0,5.0,14.0
717,2025-03-13,Organic,Mobile,UK,Free,Landing,2.0,7.0,0.0,0.0,Support response time is slow,1.1,0,1,0,0.0,0.0,0.0,6.0
718,2026-03-22,Paid,Mobile,USA,Free,First Feature Use,8.0,37.0,5.0,0.0,Still exploring features,3.4,0,1,1,1.0,0.0,0.0,10.0
719,2026-01-11,Referral,Mobile,UK,Free,First Feature Use,5.0,36.0,7.0,0.0,No strong opinion yet,3.2,0,1,1,0.0,0.0,0.0,11.0
720,2026-02-24,Organic,Mobile,USA,Premium,Upgrade,13.0,117.0,17.0,0.0,The mobile app is surprisingly good,4.9,1,0,1,0.0,0.0,0.0,27.0
721,2025-10-17,Organic,Desktop,India,Free,Landing,1.0,10.0,0.0,0.0,Customer support unhelpful,1.0,0,1,0,0.0,0.0,0.0,2.0
722,2026-01-22,Paid,Mobile,USA,Premium,Upgrade,13.0,93.0,17.0,0.0,Automated reports are a lifesaver,4.3,1,0,1,0.0,0.0,0.0,4.0
723,2025-03-14,Organic,Desktop,Germany,Free,Sign-up,4.0,20.0,0.0,0.0,Basic features work fine so far,3.4,0,1,0,0.0,0.0,0.0,6.0
724,2026-03-16,Referral,Mobile,Germany,Free,First Feature Use,10.0,55.0,5.0,0.0,Onboarding tutorial was straightforward,4.4,0,1,1,1.0,0.0,0.0,10.0
725,2025-05-13,Organic,Desktop,USA,Free,Landing,1.0,14.0,0.0,0.0,App crashes during report export,1.3,0,1,0,0.0,0.0,0.0,3.0
726,2025-11-10,Organic,Mobile,USA,Free,Landing,2.0,12.0,0.0,0.0,Too many bugs on mobile,1.3,0,1,0,0.0,0.0,0.0,1.0
727,2026-01-26,Organic,Tablet,India,Free,Landing,1.0,7.0,,1.0,Missing basic integrations,1.8,0,1,0,0.0,0.0,0.0,2.0
728,2025-04-09,Organic,Desktop,USA,Free,Landing,1.0,14.0,0.0,0.0,Cannot customize reports enough,1.6,0,1,0,0.0,0.0,0.0,3.0
729,2026-02-14,Paid,Mobile,USA,Basic,Upgrade,,118.0,10.0,0.0,Helped our team productivity,4.7,1,0,1,0.0,0.0,,2.0
730,2025-07-06,Organic,Mobile,USA,Free,Onboarding,7.0,28.0,1.0,2.0,Will decide after trial ends,3.8,0,1,1,1.0,0.0,0.0,12.0
731,2025-03-20,Organic,Mobile,UK,Free,Landing,2.0,5.0,0.0,0.0,Export functionality is limited,2.2,0,1,0,0.0,0.0,0.0,5.0
732,2025-04-11,Paid,Desktop,USA,Basic,Onboarding,3.0,33.0,2.0,0.0,Works most of the time,3.9,0,0,1,3.0,1.0,13.0,5.0
733,2025-03-17,Organic,Desktop,USA,Free,Sign-up,4.0,11.0,1.0,0.0,Standard SaaS experience,4.0,0,1,0,0.0,0.0,0.0,2.0
734,2026-02-26,Organic,Mobile,UK,Free,Landing,1.0,8.0,0.0,0.0,Support response time is slow,1.6,0,1,0,0.0,0.0,0.0,3.0
735,2025-12-15,Paid,Mobile,USA,Free,First Feature Use,9.0,41.0,5.0,0.0,Analytics dashboard is insightful,,0,1,1,0.0,0.0,0.0,9.0
736,2026-03-11,Paid,Desktop,USA,Free,Sign-up,3.0,18.0,0.0,0.0,Good enough for my use case,3.9,0,1,0,0.0,0.0,0.0,3.0
737,2026-02-12,Referral,Desktop,Germany,Free,First Feature Use,10.0,31.0,7.0,0.0,Data export works perfectly,4.0,0,1,1,0.0,0.0,0.0,12.0
738,2026-02-17,Organic,Desktop,India,Free,Sign-up,3.0,20.0,0.0,0.0,Basic features work fine so far,3.0,0,1,0,0.0,0.0,0.0,2.0
739,2025-11-21,Organic,Mobile,USA,Basic,Onboarding,4.0,30.0,1.0,0.0,Could be better but not terrible,3.0,0,0,1,1.0,0.0,7.0,9.0
740,2025-06-05,Organic,Desktop,USA,Basic,Onboarding,5.0,23.0,2.0,0.0,Meets minimum requirements,2.5,0,0,1,0.0,0.0,13.0,8.0
741,2025-08-27,Organic,Desktop,UK,Free,Onboarding,4.0,21.0,2.0,1.0,Nothing exceptional,2.5,0,1,1,0.0,0.0,0.0,10.0
742,2026-01-17,Paid,Mobile,USA,Free,First Feature Use,7.0,56.0,6.0,0.0,Not sure if I'll continue,2.8,0,1,1,0.0,0.0,0.0,17.0
743,2025-02-04,Referral,Mobile,Canada,Free,Sign-up,4.0,18.0,1.0,0.0,Haven't used all features yet,3.9,0,1,0,1.0,,0.0,8.0
744,2025-03-17,Paid,Desktop,India,Free,Onboarding,4.0,25.0,1.0,0.0,Decent but not great,2.9,0,1,1,1.0,1.0,0.0,2.0
745,2025-04-18,Organic,Mobile,Canada,Free,Landing,2.0,5.0,0.0,0.0,Frequent downtime,1.1,0,1,0,0.0,0.0,0.0,2.0
746,2025-02-07,Paid,Mobile,India,Basic,First Feature Use,10.0,69.0,4.0,0.0,Onboarding tutorial was straightforward,4.3,0,0,1,1.0,1.0,3.0,14.0
747,2025-08-02,Referral,Desktop,USA,Basic,First Feature Use,11.0,30.0,3.0,0.0,Highly recommend to other teams,4.1,0,0,1,0.0,0.0,1.0,9.0
748,2025-09-02,Organic,Desktop,India,Free,Landing,1.0,7.0,0.0,0.0,No dark mode,1.4,0,1,0,0.0,0.0,0.0,6.0
749,2025-01-14,Paid,Desktop,India,Free,Landing,1.0,5.0,0.0,0.0,Dashboard loads slowly,1.4,0,1,0,0.0,0.0,0.0,6.0
750,2025-02-05,Referral,Mobile,UK,Free,Onboarding,7.0,29.0,2.0,0.0,Average experience so far,2.5,0,1,1,1.0,1.0,0.0,12.0
751,2025-10-01,Paid,Tablet,USA,Free,Sign-up,3.0,,0.0,0.0,It's fine for now,2.7,0,1,0,0.0,0.0,0.0,8.0
752,2025-11-06,Paid,Mobile,USA,Free,Landing,2.0,7.0,0.0,0.0,Billing system is confusing,1.2,0,1,0,0.0,0.0,0.0,
753,2025-06-20,Organic,Desktop,USA,Free,Landing,,10.0,0.0,0.0,Missing basic integrations,1.5,0,1,0,0.0,0.0,,2.0
754,2025-11-28,Organic,Mobile,India,Free,Sign-up,3.0,11.0,0.0,1.0,No strong opinion yet,3.0,0,1,0,0.0,0.0,0.0,7.0
755,2025-06-16,Organic,Mobile,India,Free,Onboarding,6.0,40.0,1.0,1.0,No strong opinion yet,3.7,0,1,1,0.0,2.0,0.0,2.0
756,2026-02-24,Paid,Mobile,Canada,Free,Landing,2.0,7.0,0.0,0.0,Too many steps during setup process,1.8,0,1,0,0.0,0.0,0.0,5.0
757,2025-12-20,Organic,Desktop,UK,Free,First Feature Use,11.0,49.0,5.0,0.0,Great value for money,4.1,0,1,1,1.0,0.0,0.0,18.0
758,2026-02-27,Referral,Mobile,India,Free,First Feature Use,10.0,49.0,6.0,0.0,The dashboard analytics are extremely useful,4.1,0,1,1,1.0,0.0,0.0,16.0
759,2026-02-03,Referral,Mobile,USA,Premium,Upgrade,14.0,85.0,14.0,0.0,The dashboard analytics are extremely useful,4.6,1,0,1,0.0,2.0,0.0,23.0
760,2025-10-20,Paid,Mobile,USA,Free,Sign-up,4.0,17.0,0.0,0.0,Needs a few more integrations,3.5,0,1,0,0.0,0.0,0.0,
761,2025-07-20,Organic,Mobile,Germany,Free,Sign-up,3.0,11.0,1.0,1.0,Works most of the time,3.1,0,1,0,0.0,0.0,0.0,6.0
762,2025-02-10,Organic,Desktop,India,Free,Onboarding,4.0,39.0,1.0,0.0,Not blown away but not disappointed,2.6,0,1,1,0.0,0.0,0.0,
763,2025-11-24,Paid,Tablet,India,Free,Landing,1.0,10.0,0.0,0.0,Customer support unhelpful,1.5,0,1,0,0.0,0.0,0.0,2.0
764,2025-08-31,Paid,Mobile,USA,Free,Onboarding,7.0,25.0,1.0,1.0,Room for improvement in UI,3.6,0,1,1,0.0,0.0,0.0,3.0
765,2025-01-13,Paid,Desktop,India,Free,Onboarding,4.0,21.0,2.0,0.0,Average experience so far,3.5,0,1,1,1.0,0.0,0.0,12.0
766,2025-12-15,Organic,Tablet,Germany,Free,Onboarding,4.0,24.0,3.0,0.0,Could be better but not terrible,2.8,0,1,1,1.0,0.0,0.0,3.0
767,2025-04-29,Paid,Desktop,USA,Free,Sign-up,3.0,20.0,1.0,0.0,Ok for basic use,3.4,0,1,0,1.0,0.0,0.0,
768,2025-12-10,Paid,Desktop,India,Basic,Onboarding,3.0,31.0,3.0,1.0,Haven't used all features yet,2.8,0,0,1,1.0,0.0,14.0,10.0
769,2025-10-29,Paid,Mobile,USA,Premium,Upgrade,14.0,143.0,17.0,0.0,Reporting module saves a lot of time,4.6,1,0,1,0.0,0.0,0.0,3.0
770,2026-01-26,Paid,Mobile,USA,Free,Onboarding,3.0,23.0,3.0,0.0,Decent but not great,2.9,0,1,1,0.0,0.0,0.0,10.0
771,2025-07-20,Paid,Mobile,India,Free,Landing,1.0,11.0,0.0,0.0,The onboarding tutorial was confusing,1.9,0,1,0,0.0,0.0,0.0,2.0
772,2025-02-26,Organic,Mobile,USA,Premium,Upgrade,23.0,83.0,9.0,0.0,Feature updates are frequent and useful,4.2,1,0,1,1.0,0.0,0.0,
773,2025-02-05,Organic,Desktop,USA,Free,Onboarding,4.0,24.0,3.0,1.0,Not blown away but not disappointed,3.3,0,1,1,1.0,0.0,0.0,5.0
774,2025-04-28,Paid,Mobile,India,Premium,Upgrade,17.0,61.0,14.0,0.0,Data export works perfectly,4.4,1,0,1,1.0,1.0,0.0,26.0
775,2026-02-02,Organic,Mobile,India,Free,Onboarding,6.0,40.0,2.0,1.0,Not blown away but not disappointed,3.7,0,1,1,1.0,1.0,0.0,5.0
776,2025-09-21,Paid,Tablet,USA,Premium,Upgrade,13.0,99.0,,0.0,Integration with Slack was seamless,4.3,1,0,1,1.0,0.0,0.0,20.0
777,2025-05-14,Paid,Mobile,Germany,Basic,Onboarding,5.0,36.0,2.0,0.0,Not sure if I'll continue,2.9,0,0,1,0.0,0.0,10.0,4.0
778,2025-07-10,Referral,Tablet,USA,Premium,Upgrade,20.0,67.0,9.0,0.0,Love the reporting features,4.3,1,0,1,2.0,,0.0,22.0
779,2025-07-13,Paid,Desktop,Canada,Free,First Feature Use,11.0,69.0,3.0,0.0,Best SaaS tool I've used,4.2,0,1,1,0.0,2.0,0.0,7.0
780,2025-12-16,Organic,Mobile,India,Free,First Feature Use,8.0,67.0,7.0,0.0,Decent but not great,2.5,0,1,1,1.0,1.0,0.0,16.0
781,2025-11-25,Organic,Desktop,USA,Free,First Feature Use,8.0,64.0,7.0,0.0,Learning curve is medium,3.6,0,1,1,0.0,0.0,0.0,12.0
782,2026-02-16,Referral,Desktop,USA,Free,First Feature Use,9.0,47.0,3.0,2.0,Customer support was excellent,4.1,0,1,1,3.0,1.0,0.0,5.0
783,2025-06-07,Organic,Mobile,USA,Basic,Onboarding,7.0,23.0,3.0,0.0,Still exploring features,2.6,0,0,1,2.0,0.0,12.0,13.0
784,2025-02-22,Paid,Mobile,USA,Free,Onboarding,4.0,25.0,3.0,0.0,Will decide after trial ends,3.2,0,1,1,0.0,0.0,0.0,9.0
785,2025-03-16,Paid,Mobile,UK,Free,Landing,2.0,5.0,0.0,0.0,Mobile app crashes while exporting reports,1.9,0,1,0,0.0,0.0,0.0,5.0
786,2026-04-09,Organic,Desktop,USA,Free,Sign-up,4.0,13.0,1.0,0.0,It's fine for now,3.7,0,1,0,0.0,0.0,0.0,5.0
787,2025-07-29,Organic,Mobile,USA,Free,Landing,2.0,7.0,0.0,1.0,Export functionality is limited,2.1,0,1,0,0.0,0.0,0.0,1.0
788,2025-10-13,Paid,Desktop,India,Free,Sign-up,2.0,13.0,0.0,0.0,No offline access,2.1,0,1,0,1.0,0.0,0.0,7.0
789,2026-02-19,Referral,Mobile,USA,Basic,Upgrade,24.0,131.0,17.0,0.0,Support team solved my issue quickly,4.3,1,0,1,0.0,1.0,0.0,17.0
790,2026-03-18,Organic,Mobile,UK,Free,Onboarding,6.0,41.0,2.0,1.0,Meets minimum requirements,2.8,0,1,1,1.0,0.0,0.0,2.0
791,2026-04-20,Referral,Mobile,USA,Free,First Feature Use,11.0,49.0,6.0,0.0,Customer support was excellent,4.3,0,1,1,0.0,0.0,,4.0
792,2025-06-10,Paid,Mobile,India,Free,Sign-up,,21.0,0.0,0.0,Room for improvement in UI,3.9,0,1,0,0.0,0.0,0.0,3.0
793,2026-04-12,Referral,Mobile,UK,Free,Onboarding,7.0,26.0,3.0,,Will decide after trial ends,2.9,0,1,1,1.0,0.0,0.0,8.0
794,2025-02-20,Organic,Mobile,India,Free,Landing,1.0,8.0,0.0,0.0,Dashboard loads slowly,,0,1,0,0.0,0.0,0.0,6.0
795,2026-02-25,Organic,Mobile,USA,Free,Onboarding,5.0,39.0,2.0,1.0,Ok for basic use,3.3,0,1,1,0.0,0.0,0.0,7.0
796,2025-11-27,Referral,Tablet,USA,Basic,Upgrade,21.0,86.0,14.0,1.0,Integration with Slack was seamless,4.5,1,0,1,0.0,0.0,0.0,17.0
797,2025-05-01,Referral,Mobile,USA,Basic,Upgrade,23.0,83.0,16.0,0.0,Automated reports are a lifesaver,4.4,1,0,1,0.0,0.0,0.0,21.0
798,2025-08-02,Organic,Desktop,USA,Free,Landing,1.0,5.0,0.0,0.0,Missing key features compared to competitors,2.3,0,1,0,0.0,0.0,0.0,6.0
799,2025-12-31,Paid,Tablet,USA,Free,Onboarding,7.0,36.0,2.0,,Meets minimum requirements,3.6,0,1,1,0.0,1.0,0.0,3.0
800,2025-07-27,Referral,Tablet,UK,Free,Sign-up,4.0,15.0,1.0,0.0,No strong opinion yet,3.2,0,1,0,1.0,0.0,0.0,4.0
801,2025-04-15,Organic,Desktop,UK,Free,Onboarding,5.0,36.0,1.0,1.0,Not sure if I'll continue,3.0,0,1,1,1.0,0.0,0.0,3.0
802,2025-09-22,,Mobile,India,Free,Onboarding,3.0,22.0,1.0,0.0,It's fine for now,3.2,0,1,1,1.0,0.0,0.0,6.0
803,2026-01-26,Referral,Desktop,USA,Free,First Feature Use,9.0,31.0,6.0,0.0,The mobile app is surprisingly good,5.0,0,1,1,0.0,0.0,0.0,5.0
804,2025-05-08,Organic,Desktop,UK,Free,Sign-up,2.0,15.0,1.0,0.0,Data sync is unreliable,2.3,0,1,0,,0.0,0.0,5.0
805,2025-05-23,Organic,Desktop,Canada,Free,First Feature Use,5.0,57.0,4.0,0.0,Ok for basic use,2.5,0,1,1,0.0,0.0,0.0,3.0
806,2025-05-05,Paid,Desktop,UK,Free,Sign-up,2.0,24.0,0.0,0.0,No dark mode,1.5,0,1,0,0.0,1.0,0.0,3.0
807,2025-04-23,Organic,Mobile,UK,Free,Sign-up,3.0,14.0,0.0,1.0,Nothing exceptional,2.9,0,1,0,1.0,0.0,0.0,8.0
808,2025-04-08,Organic,Tablet,Canada,Free,Sign-up,2.0,15.0,1.0,0.0,Frequent downtime,1.2,0,1,0,1.0,0.0,0.0,6.0
809,2026-02-12,Referral,Mobile,Canada,Free,Sign-up,3.0,16.0,0.0,0.0,Ok for basic use,3.1,0,1,0,0.0,0.0,0.0,3.0
810,2025-07-21,Paid,Mobile,USA,Basic,First Feature Use,11.0,43.0,3.0,0.0,Data export works perfectly,4.0,0,0,1,0.0,,2.0,5.0
811,2026-04-14,Referral,Mobile,UK,Free,Onboarding,5.0,25.0,2.0,0.0,Decent but not great,3.6,0,1,1,0.0,0.0,0.0,6.0
812,2026-01-24,Referral,Mobile,USA,Free,Onboarding,6.0,23.0,2.0,1.0,It's fine for now,3.9,0,1,1,0.0,0.0,0.0,10.0
813,2025-04-11,Organic,Mobile,India,Premium,Upgrade,21.0,79.0,8.0,1.0,Very intuitive UI,5.0,1,0,1,1.0,0.0,0.0,22.0
814,2025-02-15,Organic,Mobile,Germany,Free,Onboarding,4.0,22.0,1.0,1.0,Still exploring features,2.6,0,1,1,0.0,0.0,0.0,2.0
815,2025-03-16,Organic,Tablet,USA,Free,Sign-up,2.0,22.0,0.0,0.0,No dark mode,,0,1,0,,0.0,0.0,7.0
816,2025-06-17,Organic,Mobile,India,Free,First Feature Use,6.0,40.0,3.0,0.0,Haven't used all features yet,3.4,0,1,1,2.0,0.0,0.0,19.0
817,2025-05-21,Paid,Mobile,India,Free,Landing,2.0,10.0,0.0,0.0,Cannot customize reports enough,1.5,0,1,0,1.0,0.0,0.0,1.0
818,2026-03-02,Paid,Desktop,USA,Free,Onboarding,5.0,22.0,3.0,0.0,Not blown away but not disappointed,2.9,0,1,1,0.0,0.0,0.0,10.0
819,2025-03-23,Paid,Mobile,India,Free,Sign-up,4.0,23.0,0.0,0.0,Could be better but not terrible,3.3,0,1,0,0.0,0.0,0.0,4.0
820,2025-01-20,Organic,Mobile,USA,Free,Landing,2.0,11.0,0.0,0.0,Cannot customize reports enough,2.5,0,1,0,0.0,0.0,0.0,2.0
821,2025-11-27,Organic,Mobile,USA,Free,First Feature Use,10.0,48.0,,1.0,Best SaaS tool I've used,4.6,0,1,1,0.0,0.0,0.0,1.0
822,2025-08-07,Paid,Mobile,Canada,Free,Onboarding,4.0,34.0,2.0,0.0,Learning curve is medium,2.8,0,1,1,0.0,0.0,0.0,9.0
823,2026-03-09,Paid,Mobile,USA,Free,Onboarding,6.0,42.0,1.0,0.0,Good enough for my use case,3.6,0,1,1,0.0,0.0,0.0,10.0
824,2025-11-10,Organic,Desktop,UK,Free,Landing,1.0,14.0,0.0,0.0,Customer support unhelpful,1.7,0,1,0,0.0,0.0,0.0,3.0
825,2025-08-27,Paid,Tablet,India,Free,Landing,1.0,13.0,0.0,0.0,No offline access,1.5,0,1,0,0.0,0.0,0.0,2.0
826,2025-04-30,Organic,Desktop,Canada,Basic,Upgrade,20.0,120.0,12.0,0.0,Love the reporting features,4.1,1,0,1,0.0,0.0,0.0,18.0
827,2025-02-19,Organic,Mobile,Germany,Free,First Feature Use,10.0,57.0,5.0,0.0,The dashboard analytics are extremely useful,5.0,0,1,1,0.0,1.0,0.0,8.0
828,2025-08-21,Paid,Mobile,UK,Free,Sign-up,3.0,10.0,0.0,0.0,Meets minimum requirements,3.2,0,1,0,0.0,0.0,0.0,1.0
829,2025-09-25,Organic,Mobile,UK,Basic,Onboarding,4.0,44.0,2.0,0.0,Not sure if I'll continue,3.3,0,0,1,0.0,1.0,11.0,3.0
830,2026-01-29,Paid,Mobile,USA,Free,Sign-up,2.0,11.0,0.0,0.0,Email notifications are spammy,1.7,0,1,0,,0.0,0.0,1.0
831,2025-09-15,Organic,Mobile,USA,Free,Onboarding,3.0,37.0,3.0,0.0,Will decide after trial ends,2.9,0,1,1,0.0,0.0,,5.0
832,2025-10-29,Organic,Desktop,Germany,Free,First Feature Use,9.0,36.0,4.0,2.0,Feature updates are frequent and useful,4.9,0,1,1,1.0,1.0,0.0,16.0
833,2025-01-16,Organic,Mobile,India,Free,Landing,1.0,6.0,0.0,1.0,Frequent downtime,2.2,0,1,0,0.0,0.0,0.0,4.0
834,2025-12-12,Referral,Mobile,USA,Free,Sign-up,3.0,24.0,0.0,2.0,Ok for basic use,2.9,0,1,0,0.0,0.0,0.0,7.0
835,2025-05-07,Paid,Mobile,USA,Basic,First Feature Use,11.0,59.0,6.0,2.0,Reporting module saves a lot of time,4.8,0,0,1,0.0,1.0,4.0,10.0
836,2025-06-27,Referral,Mobile,Germany,Free,Sign-up,3.0,24.0,1.0,0.0,No strong opinion yet,3.9,0,1,0,1.0,0.0,0.0,5.0
837,2026-03-16,Paid,Desktop,India,Free,Landing,1.0,11.0,0.0,0.0,UI feels outdated,1.9,0,1,0,2.0,0.0,0.0,6.0
838,2025-10-30,Paid,Tablet,USA,Basic,Upgrade,10.0,144.0,17.0,0.0,Data export works perfectly,4.3,1,0,1,1.0,0.0,0.0,25.0
839,2026-01-04,Organic,Mobile,UK,Free,Sign-up,4.0,17.0,,0.0,Nothing exceptional,2.8,0,1,0,0.0,0.0,0.0,3.0
840,2026-01-31,Organic,Mobile,USA,Free,First Feature Use,6.0,51.0,4.0,1.0,Not blown away but not disappointed,3.5,0,1,1,1.0,0.0,0.0,17.0
841,2025-02-18,Organic,Tablet,India,Free,Landing,1.0,6.0,0.0,0.0,Mobile UI is cluttered,1.2,0,1,0,0.0,0.0,0.0,1.0
842,2025-02-19,Organic,Desktop,UK,Free,First Feature Use,7.0,38.0,6.0,2.0,Average experience so far,3.7,0,1,1,0.0,1.0,0.0,13.0
843,2025-11-19,Paid,Tablet,India,Free,Onboarding,4.0,21.0,3.0,0.0,"Works as expected, nothing special",2.6,0,1,1,1.0,0.0,0.0,11.0
844,2025-05-06,Organic,Mobile,USA,Premium,Upgrade,17.0,107.0,10.0,0.0,Simple and effective design,4.5,1,0,1,0.0,1.0,0.0,22.0
845,2026-01-21,Organic,Mobile,USA,Free,Onboarding,7.0,36.0,2.0,0.0,Need more time before upgrading,2.6,0,1,1,0.0,1.0,0.0,11.0
846,2025-02-08,Organic,Mobile,USA,Free,Landing,1.0,,0.0,0.0,The onboarding tutorial was confusing,1.2,0,1,0,0.0,0.0,0.0,6.0
847,2025-03-22,Organic,Mobile,Germany,Free,Landing,1.0,13.0,0.0,0.0,Email notifications are spammy,1.4,0,1,0,,0.0,0.0,6.0
848,2025-09-24,Paid,Desktop,Germany,Free,Landing,2.0,13.0,0.0,0.0,Cannot customize reports enough,1.9,0,1,0,0.0,0.0,0.0,1.0
849,2025-10-14,Referral,Mobile,India,Free,Onboarding,6.0,31.0,3.0,0.0,Meets minimum requirements,2.9,0,1,1,0.0,0.0,0.0,12.0
850,2025-05-07,Organic,Mobile,Germany,Basic,Onboarding,6.0,41.0,,3.0,Still evaluating whether premium is worth it,3.1,0,1,1,0.0,0.0,13.0,6.0
851,2025-03-07,Organic,Mobile,India,Free,Landing,1.0,5.0,0.0,0.0,Data sync is unreliable,1.4,0,1,0,0.0,0.0,0.0,4.0
852,2025-05-21,Organic,Desktop,USA,Free,Onboarding,6.0,36.0,3.0,1.0,Good enough for my use case,3.5,0,1,1,1.0,0.0,0.0,6.0
853,2025-07-26,Referral,Mobile,India,Free,Landing,2.0,5.0,0.0,0.0,Data sync is unreliable,2.1,0,1,0,0.0,0.0,0.0,5.0
854,2025-07-25,Organic,Mobile,USA,Free,Sign-up,2.0,11.0,1.0,0.0,UI feels outdated,1.3,0,1,0,0.0,0.0,0.0,2.0
855,2025-09-16,Paid,Desktop,USA,Free,Onboarding,3.0,21.0,2.0,1.0,Nothing exceptional,2.7,0,1,1,1.0,1.0,0.0,4.0
856,2026-01-26,Paid,Mobile,USA,Free,Landing,2.0,11.0,0.0,0.0,The onboarding tutorial was confusing,1.8,0,1,0,0.0,0.0,0.0,6.0
857,2025-10-15,Organic,Mobile,USA,Free,Landing,1.0,14.0,0.0,0.0,Pricing feels too expensive,2.4,0,1,0,1.0,0.0,0.0,4.0
858,2026-04-08,Organic,Mobile,India,Free,Landing,1.0,6.0,0.0,,Mobile UI is cluttered,2.0,0,1,0,0.0,0.0,0.0,6.0
859,2025-05-05,Organic,Desktop,USA,Free,Onboarding,4.0,41.0,1.0,1.0,Similar to other tools,3.3,0,1,1,0.0,1.0,0.0,9.0
860,2026-03-18,Referral,Desktop,USA,Premium,Upgrade,21.0,83.0,9.0,0.0,Analytics dashboard is insightful,4.2,1,0,1,0.0,0.0,0.0,7.0
861,2026-04-17,Paid,Desktop,India,Premium,Upgrade,24.0,61.0,14.0,0.0,Feature updates are frequent and useful,5.0,1,0,1,0.0,1.0,0.0,2.0
862,2025-10-02,Paid,Tablet,India,Free,First Feature Use,7.0,46.0,7.0,0.0,Will evaluate again next month,3.4,0,1,1,0.0,0.0,0.0,15.0
863,2026-03-11,Paid,Tablet,UK,Premium,Upgrade,15.0,62.0,15.0,2.0,Feature updates are frequent and useful,4.4,1,0,1,1.0,0.0,0.0,18.0
864,2026-02-11,Paid,Desktop,USA,Basic,Upgrade,13.0,96.0,13.0,,Support team solved my issue quickly,4.0,1,0,1,0.0,0.0,0.0,8.0
865,2025-11-02,Paid,Mobile,USA,Free,Sign-up,3.0,13.0,1.0,0.0,Still evaluating whether premium is worth it,3.0,0,1,0,0.0,0.0,0.0,9.0
866,2025-02-20,Organic,Desktop,India,Free,Sign-up,3.0,13.0,,0.0,Not sure if I'll continue,3.2,0,1,0,1.0,0.0,0.0,4.0
867,2026-01-30,Organic,Mobile,India,Free,Landing,2.0,8.0,0.0,0.0,Pricing too high for small businesses,2.5,0,1,0,0.0,0.0,0.0,5.0
868,2025-12-19,Organic,Tablet,USA,Free,Sign-up,4.0,17.0,1.0,0.0,Need more time before upgrading,2.7,0,1,0,1.0,0.0,0.0,2.0
869,2025-03-07,Paid,Desktop,Canada,Free,First Feature Use,9.0,54.0,4.0,0.0,Onboarding tutorial was straightforward,4.8,0,1,1,2.0,0.0,0.0,16.0
870,2026-02-23,Organic,Mobile,USA,Premium,Upgrade,23.0,130.0,15.0,0.0,Saves me hours every week,4.3,1,0,1,1.0,0.0,0.0,3.0
871,2025-11-21,Paid,Mobile,USA,Free,Sign-up,3.0,23.0,0.0,0.0,Haven't used all features yet,3.0,0,1,0,0.0,0.0,0.0,4.0
872,2025-10-29,Organic,Mobile,USA,Basic,First Feature Use,10.0,67.0,4.0,1.0,Saves me hours every week,4.3,0,0,1,0.0,0.0,3.0,11.0
873,2025-02-22,Referral,Mobile,USA,Free,Sign-up,4.0,11.0,0.0,0.0,Similar to other tools,3.5,0,1,0,0.0,0.0,0.0,7.0
874,2025-04-28,Organic,Mobile,Canada,Free,Landing,1.0,12.0,0.0,0.0,Steep learning curve,1.2,0,1,0,0.0,0.0,0.0,2.0
875,2025-07-07,Organic,Mobile,USA,Free,First Feature Use,11.0,44.0,4.0,1.0,Highly recommend to other teams,4.2,0,1,1,1.0,0.0,0.0,11.0
876,2026-03-12,Referral,Mobile,USA,Free,Landing,2.0,10.0,0.0,0.0,No offline access,2.2,0,1,0,0.0,0.0,0.0,5.0
877,2025-04-20,Organic,Desktop,USA,Free,Landing,1.0,12.0,0.0,0.0,Support response time is slow,1.4,0,1,0,0.0,0.0,0.0,
878,2026-04-08,Referral,Mobile,USA,Free,First Feature Use,6.0,32.0,4.0,0.0,Average experience so far,3.1,0,1,1,0.0,0.0,0.0,9.0
879,2025-05-29,Organic,Mobile,USA,Free,Sign-up,2.0,19.0,0.0,0.0,Email notifications are spammy,1.9,0,1,0,0.0,0.0,0.0,5.0
880,2026-04-16,Organic,Mobile,USA,Free,Sign-up,3.0,20.0,0.0,0.0,Will decide after trial ends,2.8,0,1,0,,0.0,0.0,1.0
881,2025-01-26,Paid,Desktop,USA,Free,Sign-up,3.0,24.0,1.0,0.0,Similar to other tools,3.7,0,1,0,0.0,1.0,0.0,9.0
882,2025-03-11,Referral,Mobile,UK,Free,Onboarding,5.0,39.0,2.0,1.0,It's fine for now,2.8,0,1,1,0.0,0.0,0.0,5.0
883,2025-10-08,Organic,Mobile,India,Premium,Upgrade,19.0,93.0,8.0,0.0,Very intuitive UI,4.0,1,0,1,0.0,0.0,0.0,15.0
884,2025-07-21,Referral,Desktop,India,Basic,First Feature Use,7.0,58.0,4.0,0.0,Haven't used all features yet,2.8,0,0,1,0.0,0.0,5.0,13.0
885,2025-04-14,Paid,Mobile,UK,Basic,Onboarding,5.0,26.0,3.0,0.0,"Works as expected, nothing special",2.9,0,0,1,1.0,0.0,8.0,6.0
886,2025-10-31,Referral,Mobile,USA,Premium,Upgrade,10.0,132.0,16.0,0.0,Highly recommend to other teams,4.7,1,0,1,1.0,0.0,0.0,23.0
887,2025-02-28,Organic,Mobile,Germany,Free,Sign-up,4.0,20.0,1.0,0.0,Need more time before upgrading,3.3,0,1,0,0.0,0.0,0.0,2.0
888,2026-04-25,Organic,Desktop,USA,Free,Landing,2.0,7.0,0.0,0.0,Support response time is slow,1.5,0,1,0,0.0,0.0,0.0,3.0
889,2025-11-18,Referral,Desktop,USA,Free,Sign-up,2.0,17.0,1.0,0.0,Steep learning curve,1.4,0,1,0,0.0,0.0,0.0,1.0
890,2025-10-10,Referral,Desktop,UK,Free,Sign-up,2.0,18.0,0.0,0.0,Mobile UI is cluttered,1.8,0,1,0,0.0,1.0,0.0,6.0
891,2026-04-05,Paid,Mobile,India,Free,Landing,2.0,5.0,0.0,0.0,Missing key features compared to competitors,2.3,0,1,0,0.0,0.0,,1.0
892,2025-06-04,Organic,Desktop,USA,Free,Landing,2.0,9.0,0.0,1.0,Billing system is confusing,2.2,0,1,0,0.0,0.0,0.0,6.0
893,2025-01-07,Organic,Mobile,USA,Free,Landing,2.0,12.0,0.0,0.0,Trial period too short,1.3,0,1,0,0.0,0.0,0.0,3.0
894,2025-08-12,Paid,Mobile,USA,Free,Landing,2.0,8.0,0.0,0.0,No dark mode,1.9,0,1,0,0.0,0.0,0.0,2.0
895,2025-01-22,Organic,Mobile,India,Free,Landing,2.0,8.0,0.0,0.0,Mobile UI is cluttered,2.1,0,1,0,0.0,0.0,0.0,1.0
896,2025-01-21,Organic,Desktop,USA,Free,Sign-up,4.0,10.0,0.0,0.0,Not blown away but not disappointed,3.1,0,1,0,1.0,1.0,0.0,1.0
897,2026-04-16,Organic,Mobile,UK,Free,Landing,1.0,5.0,0.0,1.0,Export functionality is limited,2.0,0,1,0,0.0,0.0,0.0,5.0
898,2025-07-09,Paid,Desktop,USA,Free,Onboarding,3.0,26.0,3.0,2.0,Haven't used all features yet,3.7,0,1,1,1.0,0.0,0.0,10.0
899,2025-10-23,Organic,Desktop,USA,Free,Sign-up,3.0,22.0,1.0,0.0,Similar to other tools,2.6,0,1,0,0.0,0.0,0.0,2.0
900,2025-03-06,Paid,Mobile,USA,Free,Onboarding,3.0,29.0,3.0,1.0,Basic features work fine so far,3.7,0,1,1,,0.0,0.0,3.0
901,2025-01-02,Paid,Mobile,USA,Basic,Upgrade,15.0,121.0,19.0,,Data export works perfectly,4.3,1,0,1,,0.0,0.0,11.0
902,2025-02-08,Paid,Mobile,USA,Basic,Upgrade,16.0,101.0,14.0,0.0,Saves me hours every week,4.2,1,0,1,0.0,0.0,0.0,27.0
903,2025-12-31,Organic,Mobile,India,Free,Onboarding,7.0,24.0,2.0,0.0,Basic features work fine so far,3.1,0,1,1,1.0,0.0,0.0,8.0
904,2026-01-04,Organic,Mobile,USA,Free,Sign-up,3.0,24.0,0.0,0.0,Nothing exceptional,3.6,0,1,0,1.0,0.0,0.0,4.0
905,2026-01-28,Paid,Tablet,India,Free,First Feature Use,8.0,63.0,7.0,0.0,Meets minimum requirements,3.3,0,1,1,1.0,0.0,0.0,2.0
906,2025-08-01,Referral,Mobile,USA,Free,Landing,1.0,5.0,0.0,0.0,Export functionality is limited,2.2,0,1,0,0.0,0.0,0.0,5.0
907,2025-12-01,Paid,Desktop,Germany,Free,Sign-up,4.0,17.0,0.0,1.0,Not sure if I'll continue,3.3,0,1,0,0.0,,0.0,4.0
908,2026-01-04,Referral,Mobile,Canada,Free,Onboarding,6.0,22.0,3.0,1.0,Needs a few more integrations,3.6,0,1,1,2.0,0.0,0.0,3.0
909,2025-03-27,Paid,Desktop,USA,Free,Onboarding,4.0,34.0,3.0,2.0,Good enough for my use case,3.3,0,1,1,1.0,0.0,0.0,8.0
910,2025-06-17,Paid,Desktop,Canada,Basic,Upgrade,21.0,126.0,13.0,1.0,Love how everything is customisable,4.5,1,0,1,0.0,0.0,0.0,13.0
911,2026-02-26,Organic,Desktop,USA,Free,Onboarding,4.0,32.0,3.0,,Could be better but not terrible,3.5,0,1,1,1.0,1.0,0.0,5.0
912,2026-04-04,Organic,Tablet,India,Free,First Feature Use,6.0,60.0,5.0,1.0,Need more time before upgrading,3.5,0,1,1,0.0,0.0,,12.0
913,2025-10-29,Paid,Mobile,USA,Free,First Feature Use,7.0,50.0,6.0,0.0,Ok for basic use,2.9,0,1,1,0.0,0.0,0.0,7.0
914,2026-01-18,Organic,Mobile,UK,Free,Onboarding,6.0,36.0,3.0,0.0,Not sure if I'll continue,3.0,0,1,1,0.0,0.0,0.0,1.0
915,2025-07-25,Paid,Desktop,UK,Free,First Feature Use,11.0,30.0,6.0,0.0,Easy onboarding experience,4.6,0,1,1,0.0,0.0,0.0,14.0
916,2025-08-15,Organic,Desktop,USA,Free,Sign-up,4.0,20.0,1.0,0.0,Room for improvement in UI,2.9,0,1,0,0.0,,0.0,7.0
917,2025-10-22,Paid,Desktop,India,Free,Sign-up,4.0,10.0,1.0,0.0,Decent but not great,3.4,0,1,0,5.0,1.0,0.0,1.0
918,2025-04-30,Paid,Mobile,UK,Free,Sign-up,3.0,23.0,0.0,0.0,Need more time before upgrading,3.8,0,1,0,0.0,1.0,0.0,5.0
919,2025-10-30,Paid,Mobile,UK,Free,Landing,1.0,6.0,0.0,0.0,Steep learning curve,2.0,0,1,0,0.0,0.0,0.0,1.0
920,2026-03-28,Referral,Mobile,Canada,Free,Onboarding,7.0,27.0,3.0,0.0,Haven't used all features yet,2.8,0,1,1,2.0,0.0,0.0,6.0
921,2025-05-29,Organic,Desktop,Germany,Free,Sign-up,4.0,22.0,1.0,1.0,Decent but not great,3.1,0,1,0,0.0,0.0,0.0,6.0
922,2026-03-26,Organic,Tablet,Canada,Free,Sign-up,2.0,20.0,1.0,0.0,UI feels outdated,2.3,0,1,0,0.0,,0.0,1.0
923,2025-02-10,Organic,Desktop,Germany,Free,Landing,1.0,8.0,0.0,1.0,No offline access,1.8,0,1,0,0.0,0.0,0.0,6.0
924,2025-05-30,Referral,Mobile,USA,Free,Onboarding,3.0,38.0,1.0,0.0,It's fine for now,2.8,0,1,1,0.0,0.0,0.0,9.0
925,2025-05-07,Paid,Desktop,USA,Free,Sign-up,3.0,17.0,0.0,0.0,"Works as expected, nothing special",3.4,0,1,0,0.0,0.0,0.0,4.0
926,2026-02-19,Paid,Desktop,USA,Free,First Feature Use,8.0,63.0,4.0,1.0,Meets minimum requirements,3.2,0,1,1,0.0,1.0,0.0,11.0
927,2026-01-27,Organic,Mobile,Canada,Free,Landing,1.0,11.0,0.0,0.0,The onboarding tutorial was confusing,1.1,0,1,0,0.0,0.0,0.0,2.0
928,2025-10-22,Paid,Desktop,USA,Free,Onboarding,4.0,23.0,2.0,1.0,Could be better but not terrible,3.8,0,1,1,0.0,0.0,0.0,4.0
929,2025-01-03,Organic,Mobile,USA,Free,Landing,2.0,12.0,0.0,0.0,Billing system is confusing,2.5,0,1,0,1.0,0.0,0.0,6.0
930,2025-01-23,Paid,Mobile,USA,Free,First Feature Use,5.0,52.0,5.0,1.0,Will decide after trial ends,4.0,0,1,1,0.0,1.0,0.0,9.0
931,2025-01-28,Referral,Mobile,USA,Basic,Onboarding,3.0,35.0,1.0,0.0,Needs a few more integrations,2.8,0,0,1,0.0,1.0,5.0,5.0
932,2025-01-23,Paid,Desktop,USA,Free,First Feature Use,5.0,37.0,3.0,0.0,Meets minimum requirements,3.3,0,1,1,1.0,0.0,0.0,1.0
933,2025-03-20,Paid,Desktop,UK,Free,Sign-up,2.0,20.0,1.0,0.0,No offline access,2.4,0,1,0,0.0,0.0,0.0,8.0
934,2025-03-06,Paid,Desktop,USA,Free,Landing,1.0,14.0,0.0,0.0,Steep learning curve,1.4,0,1,0,0.0,0.0,0.0,5.0
935,2026-01-02,Paid,Desktop,UK,Free,Onboarding,4.0,24.0,1.0,0.0,"Works as expected, nothing special",3.4,0,1,1,0.0,1.0,0.0,6.0
936,2025-12-24,Organic,Mobile,India,Free,First Feature Use,7.0,63.0,6.0,1.0,Nothing exceptional,3.3,0,1,1,2.0,0.0,0.0,7.0
937,2025-01-26,Paid,Desktop,India,Free,Landing,1.0,10.0,0.0,0.0,Support response time is slow,1.5,0,1,0,0.0,0.0,0.0,2.0
938,2026-04-04,Organic,Mobile,USA,Free,Landing,1.0,6.0,0.0,0.0,Too many bugs on mobile,1.2,0,1,0,0.0,0.0,0.0,2.0
939,2025-06-02,Organic,Desktop,Germany,Free,Landing,2.0,9.0,0.0,0.0,Billing system is confusing,2.1,0,1,0,0.0,0.0,0.0,4.0
940,2025-08-18,Organic,Mobile,India,Free,First Feature Use,7.0,36.0,7.0,0.0,Average experience so far,3.9,0,1,1,2.0,0.0,0.0,10.0
941,2025-05-07,Paid,Desktop,USA,Free,First Feature Use,6.0,35.0,7.0,0.0,Ok for basic use,2.8,0,1,1,2.0,0.0,0.0,13.0
942,2025-08-27,Organic,Desktop,India,Free,Onboarding,6.0,37.0,3.0,0.0,Will evaluate again next month,3.0,0,1,1,0.0,0.0,0.0,
943,2025-09-17,Paid,Desktop,India,Free,Onboarding,4.0,38.0,3.0,0.0,Decent but not great,3.7,0,1,1,0.0,0.0,0.0,2.0
944,2025-12-02,Organic,Desktop,USA,Free,Sign-up,4.0,14.0,1.0,0.0,Decent but not great,3.9,0,1,0,0.0,1.0,0.0,2.0
945,2026-03-03,Organic,Mobile,USA,Free,Sign-up,3.0,20.0,1.0,0.0,Nothing exceptional,3.5,0,1,0,0.0,0.0,0.0,3.0
946,2026-01-28,Paid,Desktop,UK,Premium,Upgrade,14.0,117.0,17.0,0.0,Helped our team productivity,4.3,1,0,1,1.0,1.0,0.0,15.0
947,2026-04-20,Organic,Mobile,India,Free,First Feature Use,5.0,64.0,6.0,1.0,Haven't used all features yet,3.9,0,1,1,0.0,1.0,0.0,2.0
948,2025-05-29,Paid,Tablet,USA,Premium,Upgrade,24.0,111.0,7.0,1.0,Onboarding tutorial was straightforward,4.9,1,0,1,1.0,0.0,0.0,14.0
949,2026-02-24,Paid,Desktop,India,Free,Landing,2.0,12.0,0.0,0.0,Frequent downtime,1.0,0,1,0,0.0,0.0,0.0,2.0
950,2025-06-25,Referral,Mobile,USA,Basic,Onboarding,6.0,24.0,2.0,0.0,Learning curve is medium,3.2,0,0,1,0.0,1.0,12.0,12.0
951,2025-12-08,Paid,Desktop,UK,Free,Onboarding,4.0,37.0,2.0,0.0,Ok for basic use,2.5,0,1,1,0.0,0.0,0.0,5.0
952,2026-04-25,Organic,Desktop,USA,Free,Landing,2.0,8.0,0.0,0.0,Too many steps during setup process,1.6,0,1,0,0.0,0.0,0.0,1.0
953,2025-04-18,Organic,Tablet,USA,Free,Landing,2.0,7.0,0.0,0.0,Pricing feels too expensive,2.0,0,1,0,0.0,0.0,0.0,2.0
954,2026-01-08,Organic,Desktop,Germany,Free,Landing,2.0,7.0,0.0,0.0,Mobile app crashes while exporting reports,2.3,0,1,0,0.0,0.0,,5.0
955,2025-10-20,Referral,Mobile,India,Premium,Upgrade,18.0,100.0,9.0,2.0,Worth every penny,4.8,1,0,1,0.0,0.0,0.0,21.0
956,2025-04-06,Organic,Mobile,USA,Free,Landing,1.0,7.0,0.0,0.0,Too many steps during setup process,1.5,0,1,0,0.0,0.0,0.0,6.0
957,2025-11-03,Organic,Mobile,USA,Free,Sign-up,4.0,15.0,1.0,0.0,Decent but not great,3.7,0,1,0,1.0,0.0,0.0,3.0
958,2025-07-18,Organic,Desktop,India,Basic,Upgrade,15.0,73.0,12.0,0.0,Data export works perfectly,4.2,1,0,1,0.0,0.0,0.0,4.0
959,2025-08-25,Referral,Desktop,India,Free,Onboarding,6.0,21.0,1.0,0.0,Average experience so far,3.0,0,1,1,0.0,0.0,0.0,8.0
960,2026-01-02,Organic,Mobile,India,Free,Landing,2.0,10.0,0.0,0.0,Cannot customize reports enough,1.2,0,1,0,1.0,0.0,0.0,3.0
961,2025-10-11,Referral,Desktop,UK,Free,Sign-up,3.0,16.0,1.0,1.0,Standard SaaS experience,3.5,0,1,0,0.0,0.0,0.0,5.0
962,2026-01-01,Organic,Desktop,Canada,Free,Sign-up,4.0,17.0,0.0,,Meets minimum requirements,3.1,0,1,0,0.0,0.0,0.0,6.0
963,2026-04-25,Organic,Mobile,India,Free,Sign-up,2.0,17.0,0.0,0.0,Frequent downtime,1.3,0,1,0,3.0,0.0,0.0,1.0
964,2026-01-16,Organic,Mobile,USA,Premium,Upgrade,13.0,79.0,15.0,1.0,Customer support was excellent,4.9,1,0,1,0.0,0.0,0.0,3.0
965,2025-06-16,Referral,Mobile,UK,Free,First Feature Use,7.0,62.0,5.0,0.0,Basic features work fine so far,2.8,0,1,1,1.0,1.0,0.0,3.0
966,2025-05-17,Referral,Mobile,USA,Premium,Upgrade,11.0,110.0,9.0,,The dashboard analytics are extremely useful,4.8,1,0,1,0.0,1.0,0.0,2.0
967,2025-05-03,Organic,Mobile,India,Free,Landing,2.0,7.0,0.0,0.0,No dark mode,2.4,0,1,0,0.0,0.0,0.0,1.0
968,2025-11-26,Organic,Mobile,USA,Free,Sign-up,2.0,10.0,0.0,0.0,Frequent downtime,,0,1,0,0.0,0.0,0.0,1.0
969,2025-05-08,Paid,Desktop,USA,Basic,Upgrade,24.0,136.0,14.0,0.0,Support team solved my issue quickly,4.7,1,0,1,0.0,0.0,0.0,4.0
970,2025-05-02,Organic,Mobile,USA,Basic,Onboarding,3.0,36.0,1.0,0.0,"Works as expected, nothing special",3.8,0,0,1,0.0,0.0,14.0,7.0
971,2026-03-14,Organic,Mobile,USA,Basic,Upgrade,21.0,74.0,10.0,1.0,Feature updates are frequent and useful,5.0,1,0,1,0.0,0.0,0.0,23.0
972,2025-02-19,Organic,Mobile,USA,Free,Sign-up,4.0,18.0,1.0,1.0,Still evaluating whether premium is worth it,2.9,0,1,0,0.0,0.0,0.0,4.0
973,2025-10-20,,Mobile,India,Free,Onboarding,6.0,37.0,3.0,0.0,Learning curve is medium,2.5,0,1,1,1.0,0.0,0.0,8.0
974,2025-01-21,Organic,Mobile,USA,Free,First Feature Use,5.0,48.0,5.0,0.0,"Works as expected, nothing special",3.2,0,1,1,0.0,0.0,0.0,19.0
975,2026-02-06,Organic,Mobile,UK,Free,First Feature Use,10.0,,7.0,0.0,Highly recommend to other teams,4.2,0,1,1,3.0,0.0,0.0,2.0
976,2025-02-22,Organic,Desktop,UK,Free,Landing,2.0,8.0,0.0,,Support response time is slow,1.9,0,1,0,0.0,0.0,0.0,
977,2026-04-16,Referral,Desktop,UK,Free,Onboarding,6.0,32.0,1.0,0.0,Still exploring features,3.1,0,1,1,1.0,0.0,0.0,5.0
978,2025-12-25,Organic,Mobile,UK,Free,Landing,1.0,,0.0,0.0,App crashes during report export,1.7,0,1,0,0.0,0.0,,5.0
979,2026-02-03,Paid,Desktop,USA,Free,Sign-up,3.0,14.0,1.0,0.0,Could be better but not terrible,3.3,0,1,0,0.0,0.0,0.0,2.0
980,2025-02-10,Organic,Mobile,USA,Free,First Feature Use,7.0,35.0,3.0,1.0,Will decide after trial ends,2.8,0,1,1,0.0,1.0,0.0,8.0
981,2025-08-15,Paid,Mobile,India,Free,Sign-up,3.0,12.0,0.0,0.0,Good enough for my use case,2.5,0,1,0,0.0,0.0,0.0,1.0
982,2025-05-28,Organic,Desktop,UK,Free,Sign-up,4.0,13.0,1.0,0.0,Meets minimum requirements,3.4,0,1,0,0.0,1.0,0.0,9.0
983,2025-03-25,Paid,Desktop,India,Free,First Feature Use,6.0,45.0,3.0,1.0,Could be better but not terrible,3.2,0,1,1,1.0,1.0,0.0,10.0
984,2025-03-04,Organic,Desktop,UK,Free,Landing,1.0,11.0,0.0,0.0,Customer support unhelpful,1.2,0,1,0,0.0,0.0,0.0,2.0
985,2026-03-20,Referral,Mobile,USA,Free,First Feature Use,7.0,59.0,3.0,0.0,Haven't used all features yet,3.4,0,1,1,2.0,0.0,0.0,2.0
986,2025-10-23,Organic,Tablet,India,Free,First Feature Use,,63.0,4.0,0.0,Not blown away but not disappointed,2.9,0,1,1,2.0,1.0,0.0,18.0
987,2026-01-22,Organic,Mobile,USA,Free,Landing,2.0,12.0,0.0,0.0,Frequent downtime,1.9,0,1,0,0.0,0.0,0.0,5.0
988,2026-04-04,Referral,Mobile,Germany,Free,Sign-up,3.0,20.0,1.0,0.0,Still exploring features,3.3,0,1,0,1.0,0.0,0.0,4.0
989,2025-03-11,Paid,Mobile,USA,Basic,Upgrade,15.0,136.0,10.0,0.0,Highly recommend to other teams,4.7,1,0,1,0.0,0.0,0.0,25.0
990,2025-04-24,Organic,Desktop,UK,Free,First Feature Use,10.0,50.0,3.0,1.0,Easy onboarding experience,4.6,0,1,1,2.0,0.0,0.0,15.0
991,2025-10-08,Referral,Desktop,USA,Free,Landing,2.0,12.0,0.0,0.0,Customer support unhelpful,1.6,0,1,0,0.0,0.0,0.0,6.0
992,2025-09-28,Organic,Mobile,Germany,Free,Landing,2.0,5.0,0.0,0.0,Data sync is unreliable,2.5,0,1,0,0.0,0.0,0.0,2.0
993,2025-05-23,Organic,Mobile,Canada,Free,Sign-up,2.0,24.0,0.0,0.0,No offline access,2.4,0,1,0,0.0,0.0,0.0,5.0
994,2025-05-23,Referral,Desktop,USA,Free,Onboarding,6.0,27.0,3.0,1.0,Basic features work fine so far,3.3,0,1,1,0.0,0.0,0.0,4.0
995,2025-06-12,Organic,Tablet,USA,Basic,Upgrade,24.0,121.0,13.0,1.0,Mobile experience is smooth,4.8,1,0,1,0.0,0.0,0.0,8.0
996,2025-09-17,Referral,Mobile,USA,Free,Sign-up,2.0,14.0,1.0,0.0,Missing key features compared to competitors,1.4,0,1,0,1.0,0.0,0.0,3.0
997,2025-05-23,Organic,Desktop,India,Free,Sign-up,4.0,22.0,1.0,0.0,Learning curve is medium,2.9,0,1,0,2.0,0.0,0.0,1.0
998,2026-01-07,Paid,Mobile,USA,Free,Sign-up,3.0,16.0,0.0,0.0,Not sure if I'll continue,3.6,0,1,0,0.0,0.0,0.0,2.0
999,2026-01-08,Paid,Desktop,UK,Free,Onboarding,3.0,22.0,1.0,0.0,Ok for basic use,3.1,0,1,1,0.0,0.0,0.0,13.0
1000,2025-05-17,Referral,Mobile,USA,Basic,Onboarding,5.0,22.0,2.0,0.0,Need more time before upgrading,2.8,0,0,1,1.0,1.0,13.0,13.0
1001,2025-06-16,Paid,Mobile,India,Free,Onboarding,3.0,35.0,1.0,2.0,Works most of the time,3.1,0,1,1,1.0,0.0,0.0,3.0
1002,2025-04-14,Organic,Desktop,UK,Free,Landing,1.0,6.0,0.0,0.0,No dark mode,1.1,0,1,0,0.0,0.0,0.0,3.0
1003,2026-01-23,Paid,Tablet,India,Basic,Onboarding,6.0,22.0,2.0,1.0,Basic features work fine so far,2.9,0,0,1,1.0,2.0,10.0,3.0
1004,2025-11-23,Organic,Mobile,India,Free,First Feature Use,7.0,64.0,7.0,0.0,Need more time before upgrading,2.9,0,1,1,0.0,0.0,0.0,11.0
1005,2025-07-25,Paid,Mobile,USA,Free,First Feature Use,9.0,35.0,6.0,0.0,Mobile experience is smooth,5.0,0,1,1,1.0,1.0,0.0,13.0
1006,2025-07-20,Referral,Mobile,UK,Free,First Feature Use,11.0,64.0,3.0,0.0,Love the reporting features,4.5,0,1,1,1.0,0.0,0.0,10.0
1007,2026-01-10,Paid,Mobile,UK,Premium,Upgrade,10.0,69.0,18.0,0.0,Simple and effective design,4.6,1,0,1,0.0,0.0,0.0,12.0
1008,2026-04-02,Paid,Desktop,UK,Free,Landing,1.0,10.0,0.0,0.0,Data sync is unreliable,2.1,0,1,0,0.0,,0.0,3.0
1009,2025-09-23,Organic,Mobile,USA,Free,First Feature Use,11.0,33.0,5.0,1.0,Feature updates are frequent and useful,4.3,0,1,1,2.0,0.0,0.0,9.0
1010,2025-04-27,Paid,Desktop,India,Free,Landing,1.0,13.0,0.0,0.0,App crashes during report export,1.1,0,1,0,0.0,0.0,0.0,1.0
1011,2025-12-24,Organic,Mobile,Canada,Free,Landing,2.0,9.0,0.0,0.0,Feature X is broken for weeks,1.8,0,1,0,1.0,0.0,0.0,1.0
1012,2025-09-25,Paid,Tablet,Canada,Free,Landing,1.0,12.0,0.0,,Mobile UI is cluttered,1.4,0,1,0,0.0,0.0,0.0,1.0
1013,2025-09-13,Organic,Mobile,India,Free,Landing,1.0,5.0,0.0,0.0,Missing basic integrations,1.4,0,1,0,0.0,0.0,0.0,5.0
1014,2025-01-14,Paid,Mobile,USA,Free,Onboarding,3.0,38.0,3.0,0.0,Room for improvement in UI,2.8,0,1,1,0.0,0.0,0.0,4.0
1015,2025-04-18,Organic,Mobile,USA,Free,Sign-up,3.0,11.0,1.0,0.0,Standard SaaS experience,2.7,0,1,0,0.0,0.0,0.0,7.0
1016,2025-08-01,Paid,Desktop,USA,Free,First Feature Use,7.0,67.0,6.0,0.0,No strong opinion yet,3.4,0,1,1,2.0,1.0,0.0,1.0
1017,2025-11-05,Organic,Mobile,USA,Free,Landing,1.0,11.0,0.0,0.0,App crashes during report export,2.4,0,1,0,0.0,0.0,0.0,6.0
1018,2025-05-09,Referral,Mobile,USA,Free,First Feature Use,7.0,59.0,3.0,0.0,Still exploring features,3.6,0,1,1,0.0,1.0,0.0,12.0
1019,2025-04-29,Organic,Desktop,USA,Free,Landing,2.0,14.0,0.0,0.0,Dashboard loads slowly,1.3,0,1,0,0.0,0.0,,
1020,2025-05-16,Paid,Desktop,Germany,Premium,Upgrade,12.0,139.0,12.0,0.0,Saves me hours every week,4.1,1,0,1,,0.0,0.0,26.0
1021,2025-06-02,Organic,Desktop,Canada,Free,Sign-up,,11.0,1.0,0.0,No strong opinion yet,3.0,0,1,0,1.0,0.0,0.0,2.0
1022,2026-02-10,Paid,Mobile,Germany,Free,Sign-up,4.0,17.0,1.0,1.0,Standard SaaS experience,3.6,0,1,0,0.0,0.0,0.0,8.0
1023,2025-11-04,Organic,Mobile,USA,Free,Onboarding,7.0,23.0,1.0,0.0,No strong opinion yet,2.6,0,1,1,1.0,0.0,0.0,1.0
1024,2025-01-07,Paid,Desktop,Germany,Free,Sign-up,3.0,15.0,1.0,0.0,Will evaluate again next month,3.0,0,1,0,0.0,0.0,0.0,3.0
1025,2025-02-05,Organic,Mobile,USA,Free,First Feature Use,10.0,46.0,5.0,0.0,Love how everything is customisable,4.7,0,1,1,0.0,0.0,0.0,7.0
1026,2026-02-05,Paid,Mobile,UK,Free,Landing,1.0,11.0,0.0,0.0,Export functionality is limited,1.8,0,1,0,0.0,0.0,0.0,2.0
1027,2026-02-28,Organic,Mobile,UK,Free,Sign-up,4.0,21.0,0.0,0.0,Works most of the time,3.2,0,1,0,0.0,0.0,0.0,6.0
1028,2026-04-28,Organic,Tablet,USA,Free,Onboarding,7.0,23.0,3.0,0.0,Not sure if I'll continue,2.5,0,1,1,0.0,0.0,0.0,5.0
1029,2025-02-27,Paid,Mobile,Canada,Basic,First Feature Use,7.0,39.0,7.0,0.0,"Works as expected, nothing special",3.7,0,0,1,1.0,0.0,5.0,
1030,2025-12-21,Organic,Desktop,USA,Premium,Upgrade,24.0,107.0,15.0,1.0,Automated reports are a lifesaver,4.4,1,0,1,1.0,0.0,0.0,20.0
1031,2025-06-27,Organic,Mobile,UK,Basic,Onboarding,4.0,29.0,1.0,0.0,Meets minimum requirements,3.1,0,0,1,0.0,0.0,9.0,9.0
1032,2026-02-03,Referral,Desktop,USA,Free,Sign-up,4.0,13.0,0.0,1.0,It's fine for now,3.0,0,1,0,0.0,0.0,0.0,2.0
1033,2025-06-10,Referral,Desktop,Germany,Free,Sign-up,4.0,10.0,1.0,0.0,Nothing exceptional,2.5,0,1,0,0.0,0.0,0.0,6.0
1034,2025-07-28,Paid,Mobile,USA,Free,Landing,1.0,9.0,0.0,,No dark mode,1.8,0,1,0,0.0,0.0,0.0,1.0
1035,2025-02-04,Organic,Mobile,India,Free,First Feature Use,10.0,56.0,3.0,2.0,Support team solved my issue quickly,4.1,0,1,1,1.0,1.0,0.0,9.0
1036,2025-02-18,Organic,Desktop,India,Free,Sign-up,3.0,15.0,0.0,0.0,Not blown away but not disappointed,3.8,0,1,0,0.0,0.0,0.0,5.0
1037,2025-12-02,Paid,Mobile,India,Free,First Feature Use,5.0,56.0,7.0,0.0,Not sure if I'll continue,3.5,0,1,1,0.0,1.0,0.0,3.0
1038,2025-12-25,Organic,Desktop,UK,Free,Sign-up,3.0,20.0,1.0,0.0,Still evaluating whether premium is worth it,2.5,0,1,0,1.0,0.0,0.0,1.0
1039,2026-01-12,Referral,Desktop,USA,Free,Onboarding,6.0,39.0,1.0,1.0,Good enough for my use case,2.7,0,1,1,0.0,1.0,0.0,10.0
1040,2025-08-31,Organic,Desktop,UK,Free,Landing,1.0,9.0,0.0,0.0,Too many bugs on mobile,1.9,0,1,0,0.0,0.0,0.0,5.0
1041,2025-09-05,Referral,Mobile,Canada,Free,Landing,1.0,5.0,0.0,1.0,Billing system is confusing,1.2,0,1,0,0.0,0.0,0.0,1.0
1042,2025-06-27,Paid,Mobile,India,Free,Landing,2.0,5.0,0.0,0.0,Mobile app crashes while exporting reports,1.0,0,1,0,0.0,0.0,0.0,
1043,2025-05-12,Paid,Desktop,USA,Basic,Onboarding,6.0,24.0,3.0,0.0,Ok for basic use,2.7,0,0,1,,0.0,6.0,11.0
1044,2026-03-31,Organic,Mobile,USA,Free,Landing,2.0,12.0,0.0,0.0,Steep learning curve,1.9,0,1,0,0.0,0.0,0.0,6.0
1045,2025-01-29,Referral,Tablet,USA,Basic,First Feature Use,8.0,39.0,5.0,1.0,Could be better but not terrible,3.8,0,0,1,0.0,1.0,6.0,5.0
1046,2025-04-04,Organic,Tablet,India,Free,Sign-up,2.0,13.0,0.0,0.0,Feature X is broken for weeks,1.8,0,1,0,1.0,1.0,0.0,9.0
1047,2025-06-21,Paid,Mobile,USA,Free,Sign-up,3.0,11.0,1.0,0.0,Meets minimum requirements,3.8,0,1,0,0.0,0.0,,9.0
1048,2026-01-20,Referral,Mobile,India,Free,Sign-up,3.0,17.0,0.0,0.0,Haven't used all features yet,2.9,0,1,0,1.0,0.0,0.0,4.0
1049,2025-01-03,Organic,Mobile,Germany,Free,Onboarding,4.0,31.0,2.0,1.0,Learning curve is medium,3.0,0,1,1,1.0,0.0,0.0,5.0
1050,2026-05-03,Organic,Tablet,USA,Free,Landing,,12.0,0.0,0.0,Data sync is unreliable,1.9,0,1,0,0.0,0.0,0.0,2.0
1051,2025-11-20,Paid,Mobile,USA,Free,Onboarding,5.0,20.0,2.0,0.0,It's fine for now,2.7,0,1,1,2.0,1.0,0.0,
1052,2026-03-16,Organic,Mobile,Germany,Free,Onboarding,7.0,28.0,2.0,0.0,Average experience so far,3.7,0,1,1,0.0,0.0,0.0,5.0
1053,2026-01-14,Paid,Desktop,USA,Premium,Upgrade,,,15.0,0.0,Worth every penny,4.0,1,0,1,0.0,0.0,0.0,26.0
1054,2025-05-21,Organic,Mobile,USA,Basic,First Feature Use,7.0,67.0,5.0,1.0,It's fine for now,3.1,0,0,1,0.0,,7.0,19.0
1055,2026-03-26,Organic,Mobile,USA,Free,Landing,1.0,,0.0,0.0,Billing system is confusing,,0,1,0,0.0,0.0,0.0,4.0
1056,2025-05-19,Paid,Mobile,USA,Basic,Upgrade,24.0,82.0,13.0,0.0,Analytics dashboard is insightful,4.1,1,0,1,0.0,0.0,0.0,12.0
1057,2025-10-10,Paid,Desktop,India,Free,Onboarding,7.0,40.0,3.0,0.0,Decent but not great,3.7,0,1,1,1.0,0.0,0.0,8.0
1058,2025-08-15,Organic,Mobile,USA,Free,Onboarding,3.0,34.0,3.0,1.0,It's fine for now,3.0,0,1,1,0.0,0.0,0.0,10.0
1059,2025-02-24,Referral,Mobile,USA,Free,Onboarding,3.0,21.0,2.0,0.0,Works most of the time,3.0,0,1,1,0.0,0.0,0.0,5.0
1060,2025-08-21,Referral,Desktop,India,Free,Landing,2.0,10.0,0.0,1.0,Trial period too short,1.5,0,1,0,0.0,0.0,0.0,2.0
1061,2025-09-27,Paid,Mobile,USA,Basic,Upgrade,14.0,119.0,15.0,1.0,Love the reporting features,4.9,1,0,1,,0.0,0.0,19.0
1062,2026-04-22,Organic,Desktop,USA,Free,Landing,2.0,7.0,0.0,0.0,The onboarding tutorial was confusing,1.7,0,1,0,1.0,0.0,0.0,2.0
1063,2026-02-21,Organic,Mobile,India,Free,Landing,2.0,11.0,0.0,1.0,Mobile app crashes while exporting reports,2.2,0,1,0,0.0,0.0,0.0,5.0
1064,2025-01-17,Paid,Mobile,Germany,Free,Sign-up,2.0,16.0,0.0,0.0,Email notifications are spammy,1.9,0,1,0,0.0,0.0,0.0,5.0
1065,2025-03-01,Paid,Mobile,USA,Basic,Onboarding,5.0,42.0,,2.0,Could be better but not terrible,3.1,0,0,1,0.0,0.0,8.0,4.0
1066,2026-01-30,Organic,Desktop,USA,Free,Onboarding,6.0,43.0,,1.0,Good enough for my use case,3.0,0,1,1,0.0,0.0,0.0,2.0
1067,2025-12-15,Paid,Mobile,India,Free,Landing,1.0,11.0,0.0,1.0,Cannot customize reports enough,2.2,0,1,0,,0.0,0.0,5.0
1068,2025-04-27,Organic,Mobile,UK,Free,Landing,2.0,12.0,0.0,0.0,Customer support unhelpful,1.9,0,1,0,0.0,0.0,0.0,5.0
1069,2026-04-28,Organic,Mobile,USA,Free,First Feature Use,6.0,35.0,3.0,0.0,Good enough for my use case,3.3,0,1,1,0.0,0.0,0.0,17.0
1070,2025-01-03,Paid,Mobile,USA,Free,Landing,2.0,7.0,0.0,0.0,UI feels outdated,1.4,0,1,0,0.0,0.0,0.0,4.0
1071,2025-04-29,Paid,Mobile,USA,Free,Landing,1.0,10.0,0.0,0.0,Support response time is slow,,0,1,0,0.0,0.0,0.0,6.0
1072,2026-04-01,Organic,Desktop,India,Free,Onboarding,4.0,40.0,1.0,0.0,Meets minimum requirements,3.8,0,1,1,0.0,1.0,0.0,7.0
1073,2025-12-15,Paid,Mobile,USA,Free,Landing,2.0,13.0,0.0,0.0,Mobile app crashes while exporting reports,1.6,0,1,0,1.0,0.0,0.0,1.0
1074,2025-02-22,Referral,Desktop,Germany,Free,First Feature Use,7.0,31.0,7.0,1.0,Works most of the time,3.8,0,1,1,0.0,1.0,0.0,5.0
1075,2025-07-27,Paid,Mobile,UK,Basic,Onboarding,4.0,22.0,1.0,0.0,Works most of the time,3.9,0,0,1,0.0,0.0,7.0,10.0
1076,2025-02-05,Paid,Mobile,UK,Premium,Upgrade,21.0,91.0,16.0,1.0,Helped our team productivity,4.3,1,0,1,2.0,0.0,0.0,20.0
1077,2025-12-23,Organic,Desktop,Germany,Basic,Upgrade,20.0,102.0,8.0,1.0,Love the reporting features,4.4,1,0,1,2.0,0.0,0.0,23.0
1078,2025-10-12,Organic,Mobile,USA,Free,Sign-up,2.0,21.0,0.0,1.0,No dark mode,2.0,0,1,0,0.0,0.0,0.0,8.0
1079,2025-05-27,Organic,Mobile,UK,Free,Landing,1.0,12.0,0.0,0.0,No offline access,2.3,0,1,0,0.0,0.0,0.0,5.0
1080,2025-08-10,Paid,Desktop,USA,Free,First Feature Use,5.0,51.0,4.0,1.0,It's fine for now,3.8,0,1,1,1.0,,0.0,7.0
1081,2025-11-07,Paid,Tablet,USA,Basic,Onboarding,4.0,34.0,3.0,0.0,Average experience so far,3.8,0,0,1,0.0,0.0,13.0,3.0
1082,2025-03-18,Organic,Mobile,USA,Free,Onboarding,7.0,42.0,3.0,,Meets minimum requirements,3.4,0,1,1,0.0,0.0,0.0,13.0
1083,2026-03-12,Organic,Desktop,USA,Free,Sign-up,2.0,23.0,1.0,1.0,No dark mode,2.1,0,1,0,0.0,0.0,0.0,3.0
1084,2025-05-28,Organic,Desktop,Germany,Free,Onboarding,3.0,20.0,3.0,0.0,Not sure if I'll continue,3.7,0,1,1,1.0,0.0,0.0,12.0
1085,2025-03-02,Organic,Mobile,UK,Free,First Feature Use,6.0,47.0,4.0,2.0,Not sure if I'll continue,3.0,0,1,1,0.0,0.0,0.0,17.0
1086,2025-08-08,Referral,Desktop,Germany,Free,First Feature Use,10.0,45.0,3.0,2.0,Support team solved my issue quickly,4.7,0,1,1,1.0,1.0,0.0,8.0
1087,2025-01-11,Paid,Mobile,USA,Premium,Upgrade,15.0,70.0,18.0,1.0,Automated reports are a lifesaver,4.7,1,0,1,0.0,0.0,0.0,24.0
1088,2026-03-28,Organic,Mobile,UK,Premium,Upgrade,23.0,140.0,12.0,0.0,Great value for money,4.6,1,0,1,1.0,0.0,0.0,28.0
1089,2025-08-09,Paid,Mobile,USA,Free,Onboarding,5.0,27.0,3.0,0.0,Similar to other tools,4.0,0,1,1,1.0,0.0,0.0,1.0
1090,2025-06-02,,Desktop,USA,Free,Sign-up,3.0,15.0,0.0,0.0,It's fine for now,3.0,0,1,0,0.0,0.0,0.0,7.0
1091,2025-07-13,Paid,Mobile,UK,Free,Onboarding,6.0,,3.0,0.0,Will evaluate again next month,2.8,0,1,1,0.0,0.0,0.0,9.0
1092,2025-12-29,Organic,Mobile,USA,Free,Onboarding,7.0,29.0,2.0,0.0,Learning curve is medium,2.6,0,1,1,0.0,0.0,0.0,4.0
1093,2025-03-10,Organic,Desktop,India,Free,Onboarding,6.0,28.0,2.0,0.0,Need more time before upgrading,3.4,0,1,1,0.0,0.0,0.0,10.0
1094,2025-06-03,Organic,Desktop,USA,Free,Landing,2.0,6.0,0.0,0.0,Pricing too high for small businesses,2.5,0,1,0,0.0,0.0,0.0,3.0
1095,2026-02-23,Referral,Tablet,USA,Premium,Upgrade,18.0,130.0,17.0,1.0,Love the reporting features,4.9,1,0,1,0.0,0.0,0.0,29.0
1096,2026-01-31,Paid,Mobile,UK,Free,Sign-up,2.0,23.0,1.0,0.0,The onboarding tutorial was confusing,1.5,0,1,0,0.0,0.0,0.0,7.0
1097,2025-03-25,Paid,Mobile,Canada,Free,First Feature Use,8.0,36.0,7.0,0.0,Similar to other tools,3.4,0,1,1,1.0,0.0,0.0,18.0
1098,2025-11-05,Organic,Mobile,USA,Free,Sign-up,2.0,10.0,0.0,0.0,Too many bugs on mobile,1.5,0,1,0,0.0,0.0,0.0,9.0
1099,2025-06-26,Organic,Desktop,UK,Free,Onboarding,7.0,27.0,2.0,2.0,Similar to other tools,3.4,0,1,1,1.0,0.0,0.0,13.0
1100,2025-09-05,Organic,Mobile,UK,Free,Sign-up,4.0,22.0,1.0,1.0,It's fine for now,3.0,0,1,0,1.0,0.0,0.0,2.0
1101,2025-08-13,Referral,Tablet,USA,Free,Landing,2.0,14.0,0.0,0.0,Trial period too short,1.8,0,1,0,0.0,0.0,0.0,1.0
1102,2025-03-10,Organic,Mobile,UK,Basic,Onboarding,4.0,,1.0,0.0,"Works as expected, nothing special",3.6,0,0,1,0.0,0.0,7.0,10.0
1103,2025-06-10,Organic,Desktop,USA,Free,Onboarding,5.0,28.0,2.0,0.0,Could be better but not terrible,3.9,0,1,1,1.0,0.0,0.0,7.0
1104,2025-05-13,Referral,Desktop,USA,Free,First Feature Use,8.0,69.0,7.0,0.0,Good enough for my use case,2.7,0,1,1,0.0,1.0,0.0,16.0
1105,2025-11-11,Paid,Desktop,USA,Free,Sign-up,3.0,21.0,0.0,0.0,Nothing exceptional,3.5,0,1,0,1.0,0.0,0.0,6.0
1106,2026-03-13,Paid,Mobile,India,Basic,First Feature Use,11.0,66.0,7.0,0.0,Onboarding tutorial was straightforward,5.0,0,0,1,1.0,2.0,4.0,17.0
1107,2025-05-02,Organic,Desktop,USA,Free,Onboarding,5.0,,2.0,0.0,Haven't used all features yet,,0,1,1,0.0,0.0,0.0,13.0
1108,2025-03-31,Paid,Mobile,USA,Basic,Upgrade,13.0,67.0,18.0,0.0,Best SaaS tool I've used,4.4,1,0,1,1.0,0.0,0.0,17.0
1109,2025-11-09,Organic,Mobile,USA,Free,First Feature Use,,66.0,3.0,0.0,Haven't used all features yet,,0,1,1,0.0,1.0,,13.0
1110,2026-04-14,Paid,Mobile,USA,Free,Sign-up,3.0,19.0,,0.0,Learning curve is medium,3.3,0,1,0,0.0,0.0,0.0,7.0
1111,2026-04-27,Organic,Desktop,USA,Basic,Upgrade,11.0,66.0,,0.0,Love the reporting features,4.6,1,0,1,0.0,1.0,0.0,10.0
1112,2025-06-25,Organic,Mobile,USA,Basic,Onboarding,7.0,24.0,2.0,0.0,Standard SaaS experience,2.9,0,0,1,0.0,1.0,10.0,3.0
1113,2026-04-28,,Tablet,USA,Basic,Onboarding,7.0,31.0,3.0,0.0,Similar to other tools,3.5,0,0,1,1.0,2.0,5.0,8.0
1114,2025-02-16,Paid,Mobile,USA,Free,Sign-up,4.0,11.0,0.0,0.0,Still exploring features,3.3,0,1,0,,0.0,0.0,2.0
1115,2025-08-10,Paid,Mobile,India,Free,First Feature Use,6.0,63.0,3.0,1.0,"Works as expected, nothing special",3.3,0,1,1,2.0,0.0,0.0,18.0
1116,2025-11-07,Organic,Mobile,UK,Free,Sign-up,3.0,13.0,0.0,0.0,Nothing exceptional,2.9,0,1,0,0.0,0.0,0.0,1.0
1117,2025-09-04,Organic,Desktop,USA,Free,Landing,1.0,6.0,0.0,0.0,Frequent downtime,2.4,0,1,0,0.0,0.0,0.0,3.0
1118,2025-01-15,Paid,Mobile,USA,Basic,Onboarding,7.0,42.0,1.0,0.0,Could be better but not terrible,2.7,0,0,1,0.0,0.0,11.0,4.0
1119,2025-08-30,Paid,Desktop,USA,Premium,Upgrade,16.0,123.0,7.0,0.0,Saves me hours every week,4.5,1,0,1,0.0,0.0,0.0,7.0
1120,2026-04-20,Referral,Mobile,UK,Free,First Feature Use,10.0,32.0,6.0,1.0,Saves me hours every week,4.0,0,1,1,0.0,0.0,0.0,3.0
1121,2026-03-12,Paid,Tablet,USA,Free,Onboarding,5.0,23.0,2.0,1.0,No strong opinion yet,3.7,0,1,1,0.0,0.0,0.0,7.0
1122,2025-08-03,Paid,Mobile,USA,Free,First Feature Use,10.0,45.0,3.0,2.0,Easy onboarding experience,4.1,0,1,1,0.0,0.0,0.0,13.0
1123,2025-06-02,Referral,Mobile,USA,Premium,Upgrade,17.0,97.0,14.0,1.0,Love the reporting features,4.4,1,0,1,0.0,2.0,0.0,24.0
1124,2025-01-05,Organic,Desktop,USA,Free,First Feature Use,9.0,48.0,4.0,1.0,Data export works perfectly,4.8,0,1,1,0.0,0.0,0.0,13.0
1125,2026-04-19,Organic,Desktop,India,Basic,Upgrade,10.0,125.0,15.0,1.0,Reporting module saves a lot of time,4.8,1,0,1,1.0,0.0,,18.0
1126,2025-03-04,Organic,Mobile,USA,Free,Landing,2.0,8.0,0.0,0.0,No dark mode,1.7,0,1,0,0.0,0.0,0.0,2.0
1127,2025-10-04,Organic,Desktop,USA,Basic,Onboarding,3.0,29.0,2.0,1.0,Basic features work fine so far,3.6,0,0,1,0.0,0.0,11.0,6.0
1128,2025-06-28,Paid,Mobile,UK,Free,Onboarding,5.0,43.0,2.0,1.0,Learning curve is medium,2.9,0,1,1,2.0,0.0,0.0,6.0
1129,2025-02-14,Paid,Desktop,UK,Premium,Upgrade,21.0,87.0,10.0,1.0,Mobile experience is smooth,5.0,1,0,1,0.0,0.0,0.0,24.0
1130,2025-07-20,Paid,Mobile,USA,Basic,Onboarding,5.0,43.0,1.0,0.0,Could be better but not terrible,3.9,0,0,1,1.0,0.0,12.0,1.0
1131,2025-03-19,Organic,Mobile,USA,Free,Sign-up,4.0,11.0,1.0,0.0,Standard SaaS experience,3.2,0,1,0,0.0,0.0,0.0,7.0
1132,2026-01-19,Paid,Mobile,USA,Free,Onboarding,4.0,20.0,2.0,0.0,Good enough for my use case,3.2,0,1,1,0.0,0.0,0.0,6.0
1133,2026-04-19,Organic,Desktop,USA,Free,Landing,1.0,12.0,0.0,0.0,No offline access,1.5,0,1,0,1.0,0.0,0.0,
1134,2025-07-31,Paid,Tablet,USA,Free,Onboarding,5.0,35.0,2.0,0.0,Not blown away but not disappointed,2.6,0,1,1,0.0,0.0,0.0,10.0
1135,2026-03-02,Organic,Mobile,USA,Free,Sign-up,4.0,10.0,0.0,1.0,Haven't used all features yet,3.8,0,1,0,1.0,0.0,0.0,1.0
1136,2026-01-21,Referral,Desktop,India,Basic,Upgrade,18.0,117.0,14.0,0.0,Highly recommend to other teams,4.2,1,0,1,0.0,0.0,0.0,7.0
1137,2025-07-07,Organic,Mobile,Canada,Premium,Upgrade,23.0,67.0,8.0,0.0,Saves me hours every week,4.3,1,0,1,2.0,1.0,0.0,12.0
1138,2026-04-25,Organic,Desktop,UK,Free,Sign-up,2.0,20.0,1.0,0.0,Dashboard loads slowly,2.2,0,1,0,0.0,0.0,0.0,2.0
1139,2025-04-27,Paid,Mobile,USA,Free,Sign-up,4.0,12.0,0.0,0.0,Decent but not great,3.4,0,1,0,0.0,0.0,0.0,4.0
1140,2025-06-27,Referral,Desktop,India,Basic,First Feature Use,6.0,65.0,5.0,1.0,Average experience so far,2.5,0,0,1,0.0,1.0,7.0,2.0
1141,2025-11-20,Paid,Mobile,UK,Premium,Upgrade,12.0,142.0,19.0,0.0,Mobile experience is smooth,4.7,1,0,1,0.0,0.0,0.0,3.0
1142,2025-11-12,Paid,Mobile,India,Free,First Feature Use,5.0,43.0,6.0,0.0,Not blown away but not disappointed,3.6,0,1,1,0.0,0.0,0.0,12.0
1143,2025-07-25,Referral,Desktop,UK,Premium,Upgrade,10.0,146.0,10.0,0.0,Integration with Slack was seamless,4.2,1,0,1,0.0,0.0,0.0,11.0
1144,2026-02-19,Referral,Desktop,UK,Basic,Upgrade,14.0,60.0,18.0,1.0,Support team solved my issue quickly,4.0,1,0,1,0.0,1.0,0.0,11.0
1145,2025-11-25,Paid,Desktop,USA,Free,Onboarding,5.0,29.0,2.0,0.0,"Works as expected, nothing special",3.5,0,1,1,0.0,0.0,0.0,12.0
1146,2025-04-28,Paid,Tablet,USA,Free,Landing,2.0,11.0,,1.0,Trial period too short,1.2,0,1,0,0.0,0.0,0.0,3.0
1147,2025-08-29,Organic,Desktop,USA,Premium,Upgrade,17.0,113.0,14.0,2.0,Simple and effective design,4.6,1,0,1,0.0,,0.0,22.0
1148,2025-08-23,Referral,Mobile,USA,Free,Onboarding,4.0,22.0,2.0,2.0,Still exploring features,3.4,0,1,1,0.0,0.0,0.0,11.0
1149,2026-03-07,Organic,Mobile,USA,Free,Sign-up,3.0,19.0,0.0,0.0,Still exploring features,3.3,0,1,0,0.0,0.0,0.0,4.0
1150,2025-12-04,Referral,Desktop,USA,Free,Sign-up,2.0,24.0,1.0,0.0,Feature X is broken for weeks,1.6,0,1,0,0.0,0.0,0.0,8.0
1151,2025-12-16,Organic,Tablet,UK,Free,Landing,1.0,7.0,0.0,0.0,Too many bugs on mobile,2.0,0,1,0,0.0,0.0,0.0,5.0
1152,2026-04-17,Organic,Tablet,Germany,Free,Onboarding,5.0,33.0,,,Still exploring features,2.7,0,1,1,0.0,0.0,0.0,8.0
1153,2025-12-16,Paid,Desktop,USA,Free,Onboarding,5.0,30.0,1.0,0.0,Decent but not great,3.3,0,1,1,0.0,0.0,0.0,4.0
1154,2025-09-18,Organic,Desktop,USA,Free,Landing,2.0,6.0,0.0,0.0,Customer support unhelpful,1.1,0,1,0,0.0,0.0,0.0,6.0
1155,2026-04-03,Organic,Desktop,Germany,Free,Sign-up,2.0,21.0,1.0,1.0,Steep learning curve,2.4,0,1,0,2.0,0.0,0.0,6.0
1156,2025-02-21,Paid,Mobile,Germany,Free,Sign-up,2.0,11.0,1.0,1.0,No offline access,2.1,0,1,0,1.0,0.0,0.0,5.0
1157,2025-02-03,Paid,Mobile,USA,Premium,Upgrade,16.0,125.0,8.0,0.0,Reporting module saves a lot of time,4.1,1,0,1,1.0,0.0,0.0,3.0
1158,2025-09-26,Paid,Desktop,USA,Free,Landing,2.0,9.0,0.0,1.0,Feature X is broken for weeks,1.6,0,1,0,0.0,0.0,0.0,6.0
1159,2026-02-25,Organic,Desktop,USA,Free,Landing,2.0,13.0,0.0,0.0,Frequent downtime,2.0,0,1,0,0.0,0.0,0.0,1.0
1160,2025-02-10,Paid,Tablet,USA,Free,First Feature Use,7.0,40.0,3.0,1.0,Nothing exceptional,2.7,0,1,1,0.0,2.0,0.0,3.0
1161,2025-05-17,Organic,Mobile,Germany,Free,Sign-up,4.0,13.0,1.0,1.0,Not blown away but not disappointed,2.8,0,1,0,0.0,1.0,0.0,6.0
1162,2025-01-03,Organic,Desktop,India,Free,Landing,2.0,7.0,0.0,0.0,Missing key features compared to competitors,2.5,0,1,0,0.0,0.0,0.0,1.0
1163,2025-04-18,Paid,Desktop,USA,Free,First Feature Use,11.0,69.0,7.0,0.0,The API documentation is clear,4.9,0,1,1,2.0,0.0,0.0,9.0
1164,2025-04-29,Referral,Desktop,Germany,Free,Onboarding,7.0,34.0,2.0,2.0,Will evaluate again next month,2.9,0,1,1,0.0,0.0,0.0,8.0
1165,2025-04-28,Paid,Mobile,UK,Basic,First Feature Use,,38.0,5.0,0.0,Analytics dashboard is insightful,4.3,0,0,1,1.0,0.0,4.0,14.0
1166,2025-08-25,Paid,Desktop,Canada,Free,Landing,1.0,10.0,0.0,1.0,Data sync is unreliable,1.7,0,1,0,0.0,0.0,0.0,6.0
1167,2025-05-15,Organic,Desktop,Canada,Free,Landing,1.0,6.0,0.0,0.0,Billing system is confusing,2.0,0,1,0,1.0,0.0,0.0,
1168,2025-05-19,Paid,Desktop,USA,Free,Onboarding,5.0,26.0,1.0,0.0,Will decide after trial ends,2.6,0,1,1,1.0,0.0,0.0,12.0
1169,2026-02-10,Organic,Desktop,USA,Free,Sign-up,3.0,23.0,0.0,0.0,Good enough for my use case,2.8,0,1,0,0.0,0.0,0.0,3.0
1170,2026-03-04,Referral,Desktop,UK,Free,Landing,2.0,6.0,0.0,0.0,UI feels outdated,1.0,0,1,0,0.0,0.0,0.0,4.0
1171,2025-08-04,Referral,Mobile,Canada,Free,Onboarding,5.0,32.0,2.0,2.0,Good enough for my use case,3.7,0,1,1,1.0,0.0,0.0,7.0
1172,2025-02-23,Paid,Mobile,Canada,Basic,Onboarding,4.0,33.0,3.0,0.0,No strong opinion yet,2.9,0,0,1,0.0,0.0,11.0,13.0
1173,2025-05-21,Paid,Desktop,UK,Free,Sign-up,4.0,10.0,0.0,0.0,Will evaluate again next month,3.7,0,1,0,0.0,,0.0,9.0
1174,2025-08-04,Paid,Mobile,USA,Free,Onboarding,3.0,26.0,2.0,0.0,Average experience so far,3.7,0,1,1,0.0,0.0,0.0,11.0
1175,2026-04-18,Paid,Tablet,USA,Free,First Feature Use,8.0,56.0,4.0,1.0,Not sure if I'll continue,3.4,0,1,1,0.0,0.0,0.0,1.0
1176,2025-04-29,Organic,Mobile,India,Free,First Feature Use,8.0,32.0,4.0,0.0,Not sure if I'll continue,3.7,0,1,1,0.0,0.0,0.0,10.0
1177,2025-01-02,Organic,Mobile,UK,Free,Sign-up,2.0,21.0,1.0,1.0,Pricing feels too expensive,2.4,0,1,0,,0.0,0.0,3.0
1178,2026-02-24,Paid,Desktop,UK,Free,Onboarding,4.0,27.0,3.0,1.0,Ok for basic use,3.8,0,1,1,1.0,0.0,0.0,3.0
1179,2025-01-15,Referral,Mobile,USA,Free,First Feature Use,6.0,36.0,6.0,0.0,"Works as expected, nothing special",3.7,0,1,1,0.0,0.0,0.0,1.0
1180,2025-07-28,Organic,Desktop,India,Free,Sign-up,4.0,17.0,0.0,0.0,Still exploring features,3.0,0,1,0,1.0,0.0,0.0,7.0
1181,2025-02-25,Organic,Desktop,Germany,Free,Sign-up,2.0,22.0,1.0,0.0,UI feels outdated,2.4,0,1,0,0.0,0.0,0.0,3.0
1182,2025-05-27,Organic,Mobile,USA,Free,Landing,2.0,7.0,0.0,1.0,Dashboard loads slowly,1.9,0,1,0,0.0,0.0,0.0,3.0
1183,2025-10-30,Referral,Tablet,USA,Free,Landing,2.0,12.0,0.0,1.0,Pricing feels too expensive,2.2,0,1,0,0.0,0.0,0.0,6.0
1184,2025-08-25,Organic,Mobile,India,Free,Landing,1.0,5.0,0.0,0.0,Dashboard loads slowly,1.5,0,1,0,0.0,0.0,0.0,6.0
1185,2025-04-29,Organic,Mobile,Germany,Free,First Feature Use,7.0,46.0,4.0,0.0,Meets minimum requirements,3.5,0,1,1,1.0,1.0,,3.0
1186,2025-05-01,Paid,Mobile,USA,Free,Sign-up,4.0,21.0,0.0,1.0,Works most of the time,3.0,0,1,0,1.0,0.0,0.0,6.0
1187,2025-03-25,Paid,Mobile,USA,Basic,First Feature Use,6.0,68.0,7.0,0.0,Not sure if I'll continue,3.1,0,0,1,0.0,0.0,4.0,10.0
1188,2026-03-31,Organic,Desktop,USA,Free,Landing,1.0,9.0,0.0,0.0,Customer support unhelpful,2.2,0,1,0,0.0,0.0,0.0,5.0
1189,2026-01-22,Organic,Desktop,USA,Basic,First Feature Use,5.0,53.0,6.0,0.0,Room for improvement in UI,3.9,0,0,1,3.0,0.0,3.0,19.0
1190,2025-11-07,Paid,Mobile,USA,Basic,Upgrade,17.0,140.0,16.0,0.0,Data export works perfectly,4.0,1,0,1,0.0,0.0,0.0,16.0
1191,2025-10-09,Paid,Desktop,UK,Free,Sign-up,3.0,22.0,1.0,0.0,Works most of the time,2.6,0,1,0,0.0,0.0,0.0,8.0
1192,2025-01-20,Referral,Desktop,USA,Free,Onboarding,3.0,22.0,1.0,0.0,Needs a few more integrations,2.8,0,1,1,1.0,0.0,0.0,9.0
1193,2025-02-27,Paid,Desktop,UK,Basic,Onboarding,3.0,24.0,2.0,2.0,Ok for basic use,3.3,0,0,1,0.0,0.0,7.0,2.0
1194,2026-04-07,Organic,Mobile,USA,Free,Sign-up,2.0,23.0,1.0,1.0,App crashes during report export,2.1,0,1,0,0.0,0.0,,6.0
1195,2025-08-03,Paid,Desktop,USA,Premium,Upgrade,24.0,84.0,8.0,0.0,Automated reports are a lifesaver,,1,0,1,0.0,0.0,0.0,25.0
1196,2025-04-04,Organic,Mobile,UK,Free,Sign-up,2.0,10.0,0.0,0.0,Export functionality is limited,1.6,0,1,0,0.0,0.0,0.0,8.0
1197,2026-03-11,Organic,Desktop,UK,Basic,First Feature Use,5.0,61.0,3.0,0.0,Could be better but not terrible,4.0,0,0,1,1.0,0.0,,13.0
1198,2025-05-07,Referral,Tablet,USA,Premium,Upgrade,23.0,81.0,11.0,0.0,Very intuitive UI,4.6,1,0,1,2.0,0.0,0.0,13.0
1199,2025-10-19,Referral,Mobile,India,Free,First Feature Use,10.0,64.0,5.0,1.0,The API documentation is clear,4.7,0,1,1,1.0,0.0,0.0,4.0
1200,2026-04-09,Organic,Mobile,USA,Free,Sign-up,3.0,22.0,1.0,0.0,It's fine for now,3.0,0,1,0,1.0,0.0,0.0,6.0
1201,2025-02-17,Organic,Mobile,USA,Free,First Feature Use,11.0,57.0,,0.0,The dashboard analytics are extremely useful,4.6,0,1,1,1.0,1.0,0.0,4.0
1202,2025-08-21,Organic,Mobile,UK,Free,Landing,2.0,14.0,0.0,0.0,Too many bugs on mobile,1.9,0,1,0,0.0,0.0,0.0,4.0
1203,2025-12-08,Organic,Mobile,Germany,Free,Landing,2.0,11.0,0.0,0.0,Missing basic integrations,2.3,0,1,0,0.0,0.0,0.0,2.0
1204,2025-08-02,Paid,Desktop,USA,Free,Onboarding,3.0,44.0,3.0,0.0,Not sure if I'll continue,2.5,0,1,1,0.0,0.0,0.0,6.0
1205,2025-01-25,Organic,Mobile,USA,Free,Landing,2.0,11.0,0.0,0.0,Missing key features compared to competitors,1.6,0,1,0,0.0,0.0,0.0,4.0
1206,2025-10-21,Referral,Mobile,UK,Premium,Upgrade,,128.0,8.0,0.0,Reporting module saves a lot of time,4.3,1,0,1,1.0,2.0,0.0,3.0
1207,2025-11-26,Organic,Mobile,USA,Free,First Feature Use,6.0,30.0,7.0,2.0,Could be better but not terrible,3.8,0,1,1,2.0,0.0,0.0,5.0
1208,2026-03-29,Paid,Mobile,India,Free,Onboarding,7.0,23.0,1.0,0.0,Meets minimum requirements,2.6,0,1,1,3.0,0.0,0.0,12.0
1209,2026-01-30,Referral,Mobile,USA,Free,Sign-up,4.0,16.0,1.0,0.0,Meets minimum requirements,2.6,0,1,0,0.0,0.0,0.0,2.0
1210,2025-05-27,Paid,Desktop,India,Free,Sign-up,4.0,11.0,0.0,0.0,Still exploring features,2.7,0,1,0,0.0,,0.0,4.0
1211,2025-07-18,Organic,Mobile,USA,Free,Landing,1.0,6.0,0.0,0.0,No offline access,1.8,0,1,0,0.0,0.0,0.0,5.0
1212,2025-12-13,Organic,Tablet,Canada,Free,Landing,2.0,14.0,0.0,0.0,Too many steps during setup process,2.0,0,1,0,0.0,0.0,0.0,4.0
1213,2025-12-24,Organic,Mobile,USA,Free,Sign-up,3.0,18.0,1.0,1.0,Room for improvement in UI,3.0,0,1,0,0.0,1.0,0.0,6.0
1214,2026-03-16,Referral,Tablet,Germany,Basic,First Feature Use,6.0,66.0,5.0,2.0,Ok for basic use,2.8,0,0,1,0.0,0.0,2.0,9.0
1215,2025-01-30,Referral,Mobile,USA,Free,Sign-up,3.0,14.0,1.0,1.0,Will evaluate again next month,3.9,0,1,0,0.0,0.0,0.0,5.0
1216,2026-01-04,Referral,Desktop,USA,Free,Sign-up,,18.0,0.0,0.0,Learning curve is medium,3.6,0,1,0,1.0,0.0,0.0,5.0
1217,2025-06-24,Referral,Desktop,USA,Free,First Feature Use,,34.0,6.0,3.0,No strong opinion yet,3.1,0,1,1,1.0,1.0,0.0,4.0
1218,2025-09-27,Organic,Desktop,Germany,Basic,Onboarding,6.0,27.0,3.0,0.0,Need more time before upgrading,3.0,0,0,1,0.0,1.0,11.0,8.0
1219,2025-12-04,Referral,Desktop,USA,Free,First Feature Use,6.0,36.0,5.0,0.0,Basic features work fine so far,4.0,0,1,1,1.0,0.0,0.0,16.0
1220,2025-05-16,Referral,Tablet,USA,Free,Sign-up,,22.0,1.0,0.0,Pricing feels too expensive,1.7,0,1,0,0.0,,0.0,
1221,2026-03-16,Organic,Desktop,USA,Free,Landing,2.0,7.0,,0.0,Too many bugs on mobile,2.0,0,1,0,0.0,0.0,0.0,5.0
1222,2026-01-16,Organic,Desktop,Canada,Premium,Upgrade,12.0,,19.0,1.0,Love how everything is customisable,4.2,1,0,1,1.0,0.0,0.0,29.0
1223,2025-02-22,Paid,Desktop,USA,Free,Onboarding,6.0,39.0,1.0,0.0,Will decide after trial ends,3.4,0,1,1,0.0,1.0,0.0,8.0
1224,2025-10-31,Organic,Desktop,USA,Free,Landing,1.0,6.0,0.0,0.0,Trial period too short,1.4,0,1,0,0.0,0.0,0.0,2.0
1225,2025-02-04,Organic,Mobile,Germany,Free,Landing,2.0,12.0,,0.0,Trial period too short,2.5,0,1,0,0.0,0.0,0.0,1.0
1226,2025-09-25,Referral,Mobile,Germany,Free,Onboarding,5.0,22.0,2.0,0.0,Meets minimum requirements,2.8,0,1,1,1.0,1.0,,12.0
1227,2026-01-20,Referral,Desktop,USA,Free,Landing,1.0,14.0,0.0,0.0,Missing key features compared to competitors,1.6,0,1,0,0.0,0.0,0.0,2.0
1228,2025-04-14,Organic,Mobile,Germany,Free,Onboarding,5.0,41.0,1.0,1.0,Learning curve is medium,3.5,0,1,1,1.0,1.0,0.0,9.0
1229,2025-11-22,Organic,Desktop,USA,Premium,Upgrade,23.0,106.0,14.0,0.0,Analytics dashboard is insightful,4.5,1,0,1,0.0,0.0,0.0,17.0
1230,2026-01-28,Referral,Mobile,USA,Free,Landing,2.0,9.0,0.0,0.0,Missing key features compared to competitors,1.3,0,1,0,1.0,0.0,0.0,4.0
1231,2026-03-04,Paid,Mobile,India,Free,Sign-up,4.0,18.0,0.0,0.0,Needs a few more integrations,3.2,0,1,0,1.0,0.0,0.0,6.0
1232,2025-06-03,Organic,Desktop,India,Free,Landing,1.0,9.0,0.0,0.0,No dark mode,1.2,0,1,0,1.0,0.0,0.0,1.0
1233,2025-02-08,Paid,Desktop,USA,Premium,Upgrade,14.0,95.0,15.0,0.0,Easy onboarding experience,4.8,1,0,1,1.0,0.0,0.0,20.0
1234,2025-09-23,Referral,Mobile,USA,Basic,First Feature Use,8.0,42.0,3.0,1.0,Meets minimum requirements,2.8,0,0,1,0.0,0.0,3.0,6.0
1235,2025-08-12,Referral,Mobile,USA,Basic,First Feature Use,6.0,44.0,4.0,3.0,No strong opinion yet,3.8,0,1,1,0.0,0.0,2.0,4.0
1236,2025-05-02,Organic,Mobile,India,Free,First Feature Use,8.0,53.0,3.0,1.0,Meets minimum requirements,3.2,0,1,1,0.0,0.0,0.0,5.0
1237,2025-09-05,Organic,Desktop,Canada,Basic,Onboarding,5.0,23.0,2.0,0.0,Similar to other tools,2.6,0,0,1,0.0,0.0,8.0,4.0
1238,2026-04-28,Referral,Mobile,USA,Basic,First Feature Use,7.0,37.0,3.0,0.0,Learning curve is medium,,0,0,1,1.0,0.0,2.0,13.0
1239,2025-05-09,Organic,Desktop,India,Free,Onboarding,3.0,44.0,3.0,1.0,Nothing exceptional,3.9,0,1,1,1.0,0.0,0.0,5.0
1240,2025-10-22,Paid,Desktop,USA,Free,Onboarding,3.0,28.0,,0.0,Not blown away but not disappointed,4.0,0,1,1,1.0,0.0,0.0,9.0
1241,2025-06-23,Organic,Tablet,India,Free,Sign-up,2.0,17.0,1.0,0.0,Frequent downtime,1.1,0,1,0,0.0,0.0,0.0,8.0
1242,2025-03-06,Organic,Mobile,USA,Free,Sign-up,2.0,16.0,1.0,0.0,Steep learning curve,1.3,0,1,0,0.0,0.0,0.0,3.0
1243,2026-04-10,Organic,Mobile,UK,Free,Sign-up,2.0,16.0,1.0,0.0,Cannot customize reports enough,1.4,0,1,0,0.0,0.0,0.0,
1244,2026-02-07,Organic,Mobile,USA,Free,Landing,2.0,8.0,0.0,0.0,UI feels outdated,2.0,0,1,0,0.0,0.0,0.0,5.0
1245,2026-01-24,Referral,Mobile,Germany,Free,First Feature Use,,59.0,3.0,1.0,Need more time before upgrading,3.5,0,1,1,2.0,0.0,0.0,18.0
1246,2026-03-15,Organic,Mobile,USA,Free,Onboarding,3.0,34.0,1.0,1.0,Similar to other tools,3.6,0,1,1,0.0,1.0,0.0,3.0
1247,2025-04-05,Referral,Desktop,USA,Basic,Onboarding,7.0,37.0,2.0,0.0,Still exploring features,2.8,0,0,1,1.0,0.0,10.0,1.0
1248,2026-04-15,Referral,Mobile,India,Premium,Upgrade,12.0,135.0,8.0,0.0,Data export works perfectly,4.3,1,0,1,0.0,1.0,0.0,29.0
1249,2025-12-16,Organic,Mobile,USA,Free,Sign-up,4.0,16.0,1.0,0.0,Learning curve is medium,3.6,0,1,0,1.0,1.0,0.0,9.0
1250,2025-07-17,Paid,Mobile,USA,Free,Sign-up,4.0,15.0,,1.0,Basic features work fine so far,2.7,0,1,0,0.0,0.0,0.0,4.0
1251,2025-07-08,Organic,Desktop,UK,Free,Sign-up,2.0,12.0,1.0,0.0,Pricing too high for small businesses,,0,1,0,0.0,0.0,0.0,5.0
1252,2026-03-03,Paid,Mobile,India,Basic,Upgrade,18.0,85.0,7.0,0.0,Love the reporting features,4.6,1,0,1,0.0,0.0,0.0,17.0
1253,2026-01-24,Paid,Mobile,USA,Free,First Feature Use,5.0,48.0,4.0,1.0,Haven't used all features yet,3.2,0,1,1,0.0,0.0,0.0,
1254,2025-03-16,Organic,Mobile,USA,Free,Sign-up,3.0,20.0,0.0,1.0,Works most of the time,3.1,0,1,0,1.0,0.0,0.0,2.0
1255,2025-05-13,Organic,Desktop,USA,Free,First Feature Use,10.0,52.0,4.0,1.0,Data export works perfectly,4.3,0,1,1,0.0,0.0,0.0,3.0
1256,2025-06-12,Paid,Desktop,Canada,Free,Sign-up,4.0,23.0,,0.0,Meets minimum requirements,3.9,0,1,0,0.0,0.0,0.0,3.0
1257,2025-04-09,Referral,Mobile,USA,Free,Onboarding,3.0,41.0,1.0,0.0,"Works as expected, nothing special",3.7,0,1,1,0.0,0.0,0.0,2.0
1258,2025-12-22,Organic,Mobile,USA,Free,Landing,1.0,8.0,0.0,0.0,Steep learning curve,2.4,0,1,0,1.0,0.0,0.0,6.0
1259,2026-02-01,Paid,Mobile,UK,Free,Landing,2.0,6.0,0.0,0.0,Data sync is unreliable,2.5,0,1,0,0.0,0.0,0.0,5.0
1260,2025-12-21,Organic,Desktop,USA,Free,Onboarding,7.0,36.0,2.0,0.0,Works most of the time,2.5,0,1,1,0.0,0.0,0.0,8.0
1261,2025-08-07,Referral,Mobile,USA,Basic,First Feature Use,5.0,66.0,4.0,1.0,Still evaluating whether premium is worth it,3.4,0,0,1,1.0,0.0,7.0,14.0
1262,2025-01-14,Organic,Desktop,Germany,Free,Onboarding,7.0,44.0,1.0,1.0,Could be better but not terrible,,0,1,1,0.0,0.0,0.0,12.0
1263,2025-06-13,Paid,Mobile,USA,Free,Onboarding,7.0,36.0,2.0,0.0,Will decide after trial ends,2.6,0,1,1,0.0,0.0,0.0,5.0
1264,2025-08-16,Organic,Mobile,India,Free,Landing,2.0,13.0,0.0,0.0,Trial period too short,1.8,0,1,0,0.0,0.0,,1.0
1265,2025-06-04,Paid,Mobile,India,Free,First Feature Use,6.0,32.0,5.0,2.0,Still exploring features,3.3,0,1,1,0.0,0.0,,2.0
1266,2025-09-08,Referral,Desktop,USA,Basic,First Feature Use,10.0,54.0,3.0,2.0,Saves me hours every week,5.0,0,0,1,2.0,0.0,1.0,8.0
1267,2026-04-29,Paid,Desktop,USA,Free,Sign-up,2.0,19.0,0.0,0.0,No dark mode,1.6,0,1,0,1.0,0.0,0.0,5.0
1268,2025-01-28,Paid,Tablet,Germany,Basic,Onboarding,4.0,30.0,2.0,0.0,Nothing exceptional,2.6,0,0,1,0.0,0.0,10.0,2.0
1269,2025-12-03,Paid,Mobile,India,Free,Onboarding,7.0,34.0,3.0,3.0,Ok for basic use,3.9,0,1,1,1.0,0.0,0.0,4.0
1270,2026-04-12,Referral,Mobile,USA,Free,Sign-up,3.0,23.0,0.0,1.0,Meets minimum requirements,3.4,0,1,0,0.0,0.0,0.0,5.0
1271,2025-06-26,Paid,Desktop,USA,Free,Onboarding,5.0,37.0,2.0,1.0,Still evaluating whether premium is worth it,2.6,0,1,1,0.0,0.0,0.0,10.0
1272,2025-07-11,Referral,Mobile,UK,Free,Landing,1.0,5.0,0.0,1.0,No offline access,1.1,0,1,0,0.0,0.0,0.0,5.0
1273,2025-06-15,Paid,Desktop,USA,Basic,First Feature Use,9.0,34.0,3.0,2.0,Great value for money,4.6,0,0,1,1.0,3.0,3.0,13.0
1274,2026-01-27,Paid,Mobile,UK,Free,Sign-up,4.0,24.0,0.0,0.0,Similar to other tools,3.6,0,1,0,0.0,0.0,0.0,7.0
1275,2026-03-26,Organic,Mobile,Canada,Free,Landing,1.0,7.0,0.0,0.0,Cannot customize reports enough,,0,1,0,1.0,0.0,0.0,1.0
1276,2025-11-14,Paid,Mobile,USA,Free,Sign-up,4.0,16.0,0.0,1.0,Learning curve is medium,3.2,0,1,0,0.0,0.0,0.0,2.0
1277,2026-03-27,Organic,Desktop,Germany,Free,Sign-up,2.0,24.0,0.0,0.0,Frequent downtime,1.2,0,1,0,1.0,0.0,0.0,9.0
1278,2026-01-04,Referral,Mobile,India,Free,First Feature Use,8.0,57.0,6.0,0.0,Basic features work fine so far,3.4,0,1,1,0.0,0.0,0.0,9.0
1279,2025-09-02,Paid,Desktop,USA,Free,Landing,1.0,12.0,0.0,0.0,Data sync is unreliable,1.9,0,1,0,0.0,0.0,0.0,4.0
1280,2025-08-06,Referral,Mobile,India,Free,First Feature Use,6.0,51.0,4.0,0.0,Will decide after trial ends,2.9,0,1,1,0.0,0.0,0.0,5.0
1281,2025-12-31,Organic,Desktop,UK,Free,Landing,1.0,14.0,0.0,0.0,Frequent downtime,2.0,0,1,0,1.0,0.0,0.0,1.0
1282,2025-08-11,Organic,Mobile,USA,Premium,Upgrade,23.0,118.0,7.0,0.0,Real-time sync is fast,4.2,1,0,1,1.0,1.0,0.0,26.0
1283,2025-10-31,Referral,Mobile,USA,Basic,Onboarding,7.0,22.0,1.0,0.0,Not sure if I'll continue,3.7,0,0,1,2.0,1.0,8.0,2.0
1284,2026-04-20,Organic,Tablet,UK,Free,Landing,2.0,11.0,0.0,0.0,No dark mode,1.5,0,1,0,0.0,0.0,0.0,1.0
1285,2025-02-20,Paid,Mobile,UK,Premium,Upgrade,24.0,,12.0,0.0,Mobile experience is smooth,4.0,1,0,1,0.0,0.0,0.0,15.0
1286,2025-07-04,Referral,Desktop,Canada,Premium,Upgrade,12.0,119.0,13.0,0.0,Reporting module saves a lot of time,4.3,1,0,1,1.0,1.0,0.0,28.0
1287,2025-09-22,Paid,Desktop,Germany,Free,First Feature Use,6.0,61.0,4.0,0.0,No strong opinion yet,3.9,0,1,1,0.0,1.0,0.0,16.0
1288,2026-03-29,Organic,Mobile,USA,Free,Sign-up,2.0,17.0,0.0,0.0,Trial period too short,1.6,0,1,0,0.0,0.0,0.0,1.0
1289,2026-01-13,Referral,Desktop,India,Free,First Feature Use,10.0,31.0,6.0,0.0,Support team solved my issue quickly,4.2,0,1,1,1.0,0.0,0.0,19.0
1290,2025-10-28,Organic,Desktop,USA,Free,Sign-up,2.0,17.0,0.0,0.0,Customer support unhelpful,1.2,0,1,0,0.0,0.0,0.0,7.0
1291,2025-05-24,Referral,Mobile,USA,Free,First Feature Use,5.0,61.0,4.0,0.0,Nothing exceptional,3.9,0,1,1,2.0,0.0,0.0,11.0
1292,2025-03-25,Organic,Desktop,USA,Free,Sign-up,4.0,15.0,0.0,0.0,Still evaluating whether premium is worth it,2.9,0,1,0,0.0,0.0,0.0,9.0
1293,2026-04-06,Paid,Desktop,UK,Premium,Upgrade,21.0,127.0,16.0,0.0,The API documentation is clear,4.3,1,0,1,0.0,0.0,0.0,11.0
1294,2025-04-08,Organic,Mobile,USA,Free,Landing,1.0,5.0,0.0,0.0,Missing basic integrations,2.4,0,1,0,2.0,0.0,0.0,3.0
1295,2025-06-23,Paid,Mobile,USA,Premium,Upgrade,23.0,69.0,15.0,0.0,Analytics dashboard is insightful,4.1,1,0,1,0.0,0.0,0.0,29.0
1296,2025-01-02,Organic,Mobile,USA,Basic,Onboarding,6.0,29.0,2.0,1.0,Ok for basic use,,0,0,1,0.0,0.0,7.0,11.0
1297,2026-02-17,Referral,Desktop,USA,Free,First Feature Use,11.0,38.0,5.0,0.0,Automated reports are a lifesaver,4.6,0,1,1,2.0,0.0,0.0,6.0
1298,2026-01-12,Paid,Desktop,Germany,Free,Sign-up,2.0,16.0,0.0,2.0,UI feels outdated,1.0,0,1,0,0.0,1.0,0.0,9.0
1299,2025-06-19,Organic,Desktop,Canada,Free,First Feature Use,10.0,,5.0,1.0,Mobile experience is smooth,4.7,0,1,1,0.0,1.0,0.0,18.0
1300,2026-02-24,Paid,Mobile,India,Free,Landing,2.0,10.0,0.0,0.0,App crashes during report export,1.1,0,1,0,0.0,0.0,0.0,6.0
1301,2025-07-16,Paid,Mobile,UK,Free,Onboarding,6.0,31.0,3.0,0.0,Good enough for my use case,2.6,0,1,1,1.0,0.0,0.0,7.0
1302,2025-01-15,Organic,Desktop,India,Free,Onboarding,6.0,27.0,3.0,0.0,Meets minimum requirements,3.4,0,1,1,0.0,0.0,0.0,8.0
1303,2025-02-28,Organic,Mobile,India,Free,First Feature Use,9.0,65.0,5.0,0.0,Very intuitive UI,4.0,0,1,1,1.0,2.0,0.0,2.0
1304,2026-04-04,Organic,Desktop,India,Free,Sign-up,4.0,,,0.0,Decent but not great,2.8,0,1,0,0.0,0.0,0.0,5.0
1305,2026-04-05,Organic,Desktop,USA,Free,Landing,1.0,10.0,0.0,1.0,Dashboard loads slowly,1.3,0,1,0,1.0,,0.0,2.0
1306,2025-06-24,Organic,Mobile,USA,Free,Landing,1.0,11.0,0.0,0.0,Missing basic integrations,1.4,0,1,0,0.0,0.0,0.0,5.0
1307,2025-11-15,Organic,Mobile,USA,Free,Onboarding,3.0,22.0,3.0,0.0,Not blown away but not disappointed,3.5,0,1,1,0.0,0.0,0.0,9.0
1308,2025-01-21,Paid,Mobile,USA,Premium,Upgrade,11.0,145.0,19.0,0.0,The API documentation is clear,,1,0,1,0.0,2.0,0.0,8.0
1309,2025-11-14,Paid,Desktop,USA,Free,First Feature Use,9.0,36.0,3.0,1.0,Customer support was excellent,4.3,0,1,1,0.0,0.0,0.0,6.0
1310,2025-08-15,,Desktop,India,Free,Sign-up,3.0,20.0,0.0,0.0,It's fine for now,2.7,0,1,0,1.0,0.0,0.0,6.0
1311,2026-03-16,Referral,Desktop,India,Free,Landing,1.0,5.0,0.0,0.0,Steep learning curve,1.1,0,1,0,1.0,0.0,0.0,4.0
1312,2025-10-21,Referral,Mobile,USA,Free,Onboarding,6.0,44.0,1.0,1.0,Will evaluate again next month,2.9,0,1,1,0.0,0.0,0.0,9.0
1313,2025-01-14,Organic,Mobile,USA,Free,Sign-up,4.0,13.0,1.0,1.0,Room for improvement in UI,3.5,0,1,0,0.0,0.0,0.0,6.0
1314,2025-12-31,Organic,Desktop,UK,Free,Onboarding,4.0,42.0,2.0,1.0,Ok for basic use,3.2,0,1,1,1.0,0.0,0.0,8.0
1315,2025-05-01,Referral,Mobile,USA,Free,Sign-up,2.0,13.0,1.0,,Pricing too high for small businesses,1.9,0,1,0,0.0,1.0,0.0,8.0
1316,2026-02-27,Paid,Desktop,USA,Free,Sign-up,2.0,24.0,0.0,0.0,The onboarding tutorial was confusing,,0,1,0,1.0,1.0,0.0,7.0
1317,2025-06-05,Organic,Mobile,India,Free,Onboarding,6.0,23.0,3.0,1.0,Still exploring features,2.9,0,1,1,0.0,0.0,0.0,12.0
1318,2025-09-07,Paid,Mobile,USA,Free,Sign-up,2.0,18.0,1.0,0.0,Billing system is confusing,2.3,0,1,0,0.0,0.0,0.0,3.0
1319,2025-03-10,Paid,Mobile,Germany,Free,Sign-up,4.0,17.0,1.0,0.0,Haven't used all features yet,3.4,0,1,0,0.0,0.0,0.0,9.0
1320,2025-10-31,Organic,Mobile,India,Free,Landing,1.0,12.0,,0.0,Billing system is confusing,2.1,0,1,0,0.0,0.0,0.0,2.0
1321,2025-10-02,,Desktop,Germany,Basic,Upgrade,21.0,138.0,13.0,1.0,Support team solved my issue quickly,4.9,1,0,1,1.0,0.0,0.0,2.0
1322,2025-05-31,Paid,Mobile,USA,Free,Onboarding,6.0,26.0,3.0,1.0,Decent but not great,3.1,0,1,1,1.0,0.0,,3.0
1323,2025-11-14,Paid,Tablet,USA,Free,First Feature Use,6.0,30.0,5.0,0.0,Decent but not great,3.7,0,1,1,0.0,0.0,0.0,14.0
1324,2025-07-02,Referral,Desktop,USA,Free,First Feature Use,8.0,48.0,7.0,0.0,Similar to other tools,3.2,0,1,1,1.0,,0.0,10.0
1325,2026-01-02,Organic,Mobile,USA,Free,Landing,1.0,10.0,0.0,0.0,The onboarding tutorial was confusing,2.4,0,1,0,0.0,0.0,0.0,3.0
1326,2025-11-20,Paid,Mobile,USA,Free,First Feature Use,9.0,32.0,7.0,1.0,Love the reporting features,4.5,0,1,1,0.0,0.0,0.0,10.0
1327,2025-09-28,Organic,Desktop,India,Premium,Upgrade,21.0,145.0,11.0,0.0,Highly recommend to other teams,4.3,1,0,1,1.0,1.0,0.0,29.0
1328,2025-06-25,Organic,Mobile,Canada,Free,Sign-up,3.0,11.0,1.0,1.0,It's fine for now,3.5,0,1,0,1.0,0.0,0.0,8.0
1329,2025-07-23,Organic,Tablet,Germany,Premium,Upgrade,11.0,89.0,14.0,0.0,Customer support was excellent,4.8,1,0,1,0.0,2.0,0.0,19.0
1330,2026-01-14,Organic,Desktop,USA,Basic,Upgrade,21.0,94.0,15.0,1.0,Analytics dashboard is insightful,5.0,1,0,1,0.0,0.0,0.0,5.0
1331,2026-01-09,Organic,Mobile,UK,Basic,First Feature Use,5.0,31.0,3.0,1.0,Room for improvement in UI,2.6,0,0,1,1.0,0.0,1.0,9.0
1332,2025-10-31,Organic,Desktop,USA,Free,Landing,1.0,7.0,0.0,0.0,Too many bugs on mobile,1.4,0,1,0,1.0,0.0,0.0,5.0
1333,2026-04-06,Organic,Mobile,USA,Free,Onboarding,6.0,39.0,2.0,0.0,Needs a few more integrations,4.0,0,1,1,0.0,0.0,0.0,11.0
1334,2025-03-13,Paid,Mobile,Germany,Free,First Feature Use,10.0,47.0,4.0,0.0,Great value for money,4.5,0,1,1,0.0,1.0,0.0,18.0
1335,2025-05-13,Organic,Tablet,USA,Basic,First Feature Use,8.0,40.0,7.0,1.0,Meets minimum requirements,3.5,0,0,1,1.0,1.0,5.0,17.0
1336,2026-03-21,Paid,Mobile,UK,Free,Landing,1.0,6.0,0.0,0.0,Mobile UI is cluttered,2.3,0,1,0,0.0,0.0,0.0,2.0
1337,2025-04-20,Organic,Desktop,Germany,Free,Sign-up,3.0,,0.0,0.0,Basic features work fine so far,3.2,0,1,0,0.0,0.0,0.0,9.0
1338,2025-03-27,Organic,Tablet,USA,Basic,Onboarding,,38.0,1.0,0.0,Still evaluating whether premium is worth it,2.7,0,0,1,1.0,0.0,6.0,6.0
1339,2025-11-19,Organic,Mobile,Canada,Free,Sign-up,2.0,23.0,0.0,0.0,Export functionality is limited,2.1,0,1,0,0.0,1.0,0.0,5.0
1340,2025-03-18,Organic,Mobile,USA,Free,Sign-up,3.0,19.0,1.0,0.0,Need more time before upgrading,3.5,0,1,0,1.0,0.0,0.0,6.0
1341,2025-02-06,Paid,Mobile,Germany,Free,Sign-up,4.0,20.0,0.0,0.0,Standard SaaS experience,2.6,0,1,0,1.0,0.0,0.0,5.0
1342,2025-07-03,Organic,Mobile,USA,Free,Landing,1.0,6.0,0.0,1.0,Pricing too high for small businesses,1.8,0,1,0,0.0,0.0,0.0,4.0
1343,2025-01-16,Referral,Mobile,USA,Free,First Feature Use,9.0,62.0,4.0,1.0,Integration with Slack was seamless,4.6,0,1,1,0.0,0.0,0.0,12.0
1344,2026-02-18,Referral,Desktop,USA,Free,Landing,2.0,10.0,0.0,0.0,Support response time is slow,2.0,0,1,0,0.0,0.0,0.0,5.0
1345,2026-02-05,Organic,Desktop,India,Free,Landing,2.0,8.0,0.0,0.0,UI feels outdated,2.1,0,1,0,0.0,0.0,0.0,1.0
1346,2025-04-23,Paid,Desktop,Germany,Free,Landing,1.0,13.0,0.0,1.0,Mobile app crashes while exporting reports,2.4,0,1,0,0.0,0.0,0.0,4.0
1347,2025-01-27,Organic,Mobile,UK,Free,Sign-up,3.0,15.0,1.0,0.0,Not blown away but not disappointed,2.8,0,1,0,0.0,0.0,0.0,7.0
1348,2026-04-02,Paid,Desktop,Germany,Free,Landing,1.0,14.0,0.0,0.0,Frequent downtime,1.7,0,1,0,0.0,0.0,0.0,1.0
1349,2025-09-04,Paid,Mobile,India,Free,Sign-up,3.0,24.0,0.0,0.0,"Works as expected, nothing special",3.2,0,1,0,0.0,0.0,0.0,3.0
1350,2026-04-10,Organic,Mobile,USA,Free,Landing,1.0,13.0,0.0,0.0,UI feels outdated,1.8,0,1,0,0.0,0.0,0.0,1.0
1351,2026-03-26,Organic,Mobile,India,Free,Landing,1.0,13.0,0.0,0.0,The onboarding tutorial was confusing,1.7,0,1,0,0.0,0.0,0.0,1.0
1352,2025-02-23,Organic,Mobile,USA,Free,Landing,1.0,14.0,0.0,0.0,No offline access,2.4,0,1,0,0.0,0.0,0.0,4.0
1353,2026-03-29,Organic,Tablet,USA,Free,Landing,2.0,14.0,0.0,0.0,No offline access,1.3,0,1,0,0.0,0.0,0.0,6.0
1354,2026-04-03,Paid,Desktop,USA,Free,First Feature Use,11.0,68.0,4.0,2.0,Worth every penny,4.9,0,1,1,1.0,0.0,0.0,9.0
1355,2026-01-19,Organic,Desktop,USA,Free,First Feature Use,6.0,48.0,6.0,,"Works as expected, nothing special",3.0,0,1,1,0.0,0.0,0.0,9.0
1356,2025-04-18,Organic,Desktop,UK,Basic,Onboarding,5.0,,1.0,0.0,"Works as expected, nothing special",3.3,0,0,1,0.0,0.0,11.0,1.0
1357,2025-10-31,Paid,Desktop,USA,Free,Onboarding,3.0,44.0,3.0,0.0,Not blown away but not disappointed,3.1,0,1,1,1.0,0.0,0.0,8.0
1358,2025-04-11,Paid,Mobile,UK,Free,Onboarding,4.0,22.0,2.0,0.0,Not blown away but not disappointed,3.0,0,1,1,1.0,0.0,0.0,5.0
1359,2025-06-15,Organic,Mobile,Germany,Free,Sign-up,3.0,11.0,0.0,0.0,"Works as expected, nothing special",3.5,0,1,0,2.0,0.0,0.0,8.0
1360,2025-11-06,Paid,Desktop,USA,Free,Sign-up,3.0,19.0,1.0,0.0,Needs a few more integrations,3.6,0,1,0,0.0,0.0,0.0,5.0
1361,2025-09-30,Paid,Mobile,India,Free,Onboarding,7.0,36.0,3.0,0.0,Need more time before upgrading,3.7,0,1,1,0.0,0.0,0.0,6.0
1362,2026-02-26,Paid,Tablet,UK,Free,Onboarding,4.0,39.0,2.0,0.0,Similar to other tools,2.8,0,1,1,0.0,0.0,0.0,12.0
1363,2025-06-23,Paid,Mobile,USA,Free,Onboarding,5.0,23.0,2.0,0.0,"Works as expected, nothing special",2.7,0,1,1,1.0,1.0,0.0,7.0
1364,2025-04-16,Paid,Mobile,India,Free,Sign-up,4.0,11.0,0.0,0.0,Decent but not great,3.1,0,1,0,0.0,1.0,0.0,3.0
1365,2025-06-19,Organic,Mobile,USA,Basic,First Feature Use,10.0,64.0,3.0,1.0,Love how everything is customisable,4.9,0,0,1,0.0,1.0,6.0,3.0
1366,2025-01-14,Paid,Desktop,USA,Free,Onboarding,5.0,39.0,2.0,0.0,"Works as expected, nothing special",3.5,0,1,1,,0.0,0.0,6.0
1367,2025-01-27,Referral,Mobile,USA,Free,First Feature Use,10.0,33.0,7.0,0.0,The mobile app is surprisingly good,4.3,0,1,1,1.0,0.0,0.0,13.0
1368,2025-10-28,Paid,Desktop,UK,Free,Onboarding,4.0,34.0,2.0,0.0,Still evaluating whether premium is worth it,2.9,0,1,1,1.0,0.0,0.0,12.0
1369,2025-05-11,Organic,Mobile,USA,Free,Landing,2.0,11.0,0.0,0.0,Missing basic integrations,1.5,0,1,0,0.0,0.0,0.0,6.0
1370,2025-02-10,Organic,Desktop,USA,Free,First Feature Use,9.0,52.0,7.0,0.0,Mobile experience is smooth,4.1,0,1,1,3.0,1.0,0.0,12.0
1371,2025-08-12,Referral,Mobile,USA,Basic,Upgrade,14.0,60.0,12.0,1.0,Automated reports are a lifesaver,4.8,1,0,1,1.0,0.0,0.0,3.0
1372,2025-01-03,Organic,Mobile,India,Free,Sign-up,3.0,18.0,1.0,0.0,Will decide after trial ends,3.5,0,1,0,0.0,0.0,0.0,2.0
1373,2026-03-20,Organic,Mobile,Germany,Free,First Feature Use,7.0,30.0,3.0,0.0,Could be better but not terrible,4.0,0,1,1,0.0,0.0,0.0,4.0
1374,2026-04-30,Organic,Mobile,UK,Free,Onboarding,3.0,22.0,3.0,1.0,Standard SaaS experience,3.7,0,1,1,0.0,0.0,0.0,3.0
1375,2025-05-21,Referral,Mobile,USA,Free,Sign-up,2.0,10.0,1.0,,Mobile app crashes while exporting reports,2.2,0,1,0,1.0,0.0,0.0,3.0
1376,2025-08-19,Organic,Desktop,USA,Free,Onboarding,3.0,41.0,3.0,0.0,Meets minimum requirements,3.8,0,1,1,0.0,0.0,0.0,3.0
1377,2025-03-15,Organic,Mobile,Germany,Free,First Feature Use,6.0,46.0,4.0,0.0,Nothing exceptional,2.7,0,1,1,1.0,0.0,0.0,17.0
1378,2026-04-07,Paid,Mobile,USA,Premium,Upgrade,12.0,144.0,13.0,0.0,Customer support was excellent,4.8,1,0,1,0.0,0.0,0.0,13.0
1379,2025-12-04,Organic,Mobile,USA,Premium,Upgrade,10.0,110.0,9.0,0.0,Very intuitive UI,4.4,1,0,1,0.0,0.0,0.0,5.0
1380,2025-09-21,Referral,Mobile,USA,Free,Onboarding,5.0,44.0,3.0,0.0,Works most of the time,3.3,0,1,1,0.0,0.0,0.0,7.0
1381,2025-12-16,Paid,Mobile,India,Free,Sign-up,4.0,15.0,0.0,0.0,Still evaluating whether premium is worth it,3.8,0,1,0,0.0,0.0,0.0,9.0
1382,2026-03-18,Paid,Mobile,USA,Premium,Upgrade,19.0,131.0,15.0,0.0,Highly recommend to other teams,4.7,1,0,1,1.0,0.0,0.0,10.0
1383,2025-12-11,Referral,Mobile,USA,Free,Landing,1.0,13.0,0.0,0.0,Support response time is slow,2.4,0,1,0,0.0,0.0,0.0,5.0
1384,2026-04-23,Referral,Mobile,India,Free,Landing,2.0,11.0,0.0,0.0,Too many bugs on mobile,1.7,0,1,0,0.0,0.0,0.0,1.0
1385,2026-02-19,Organic,Desktop,UK,Premium,Upgrade,13.0,89.0,15.0,0.0,The mobile app is surprisingly good,4.1,1,0,1,,0.0,0.0,20.0
1386,2025-05-12,Organic,Desktop,India,Free,Landing,1.0,10.0,0.0,0.0,No offline access,1.8,0,1,0,0.0,0.0,0.0,5.0
1387,2025-03-13,Referral,Mobile,USA,Basic,Onboarding,5.0,34.0,1.0,1.0,It's fine for now,3.1,0,0,1,0.0,1.0,8.0,8.0
1388,2025-06-03,Organic,Mobile,India,Free,Onboarding,4.0,37.0,2.0,0.0,Standard SaaS experience,3.2,0,1,1,2.0,0.0,,12.0
1389,2025-02-10,Referral,Mobile,USA,Free,First Feature Use,11.0,49.0,7.0,0.0,Worth every penny,4.5,0,1,1,0.0,,0.0,15.0
1390,2025-11-07,Referral,Mobile,UK,Free,Onboarding,7.0,36.0,3.0,0.0,Still exploring features,3.7,0,1,1,0.0,1.0,0.0,6.0
1391,2026-03-30,Organic,Mobile,UK,Free,Sign-up,4.0,13.0,0.0,0.0,Room for improvement in UI,3.7,0,1,0,1.0,0.0,0.0,3.0
1392,2025-02-14,Referral,Desktop,USA,Free,Sign-up,4.0,22.0,0.0,1.0,Meets minimum requirements,3.7,0,1,0,0.0,0.0,0.0,7.0
1393,2025-10-06,Organic,Mobile,USA,Premium,Upgrade,11.0,82.0,13.0,,Highly recommend to other teams,4.8,1,0,1,,0.0,0.0,3.0
1394,2026-04-01,Paid,Tablet,USA,Premium,Upgrade,11.0,76.0,15.0,0.0,Automated reports are a lifesaver,4.4,1,0,1,1.0,0.0,0.0,1.0
1395,2026-04-13,Organic,Mobile,USA,Free,Sign-up,2.0,13.0,0.0,0.0,Mobile app crashes while exporting reports,2.1,0,1,0,0.0,0.0,0.0,3.0
1396,2025-07-31,Referral,Desktop,USA,Free,Sign-up,3.0,23.0,1.0,0.0,Decent but not great,2.6,0,1,0,0.0,0.0,0.0,2.0
1397,2025-11-04,Paid,Desktop,India,Premium,Upgrade,17.0,135.0,14.0,0.0,Love the reporting features,4.6,1,0,1,0.0,0.0,0.0,26.0
1398,2026-02-25,Paid,Mobile,USA,Free,Onboarding,4.0,28.0,2.0,0.0,Haven't used all features yet,3.7,0,1,1,1.0,0.0,0.0,5.0
1399,2025-08-22,Referral,Mobile,Germany,Premium,Upgrade,12.0,117.0,9.0,0.0,Best SaaS tool I've used,4.1,1,0,1,0.0,0.0,0.0,18.0
1400,2025-06-25,Paid,Desktop,USA,Free,Sign-up,3.0,22.0,0.0,,Will decide after trial ends,2.6,0,1,0,2.0,0.0,0.0,7.0
1401,2025-06-11,Organic,Desktop,USA,Free,Sign-up,4.0,18.0,0.0,0.0,Standard SaaS experience,3.9,0,1,0,0.0,0.0,0.0,8.0
1402,2025-08-08,Referral,Mobile,USA,Premium,Upgrade,14.0,109.0,12.0,0.0,Data export works perfectly,4.1,1,0,1,3.0,0.0,0.0,10.0
1403,2025-04-11,Paid,Mobile,India,Free,Landing,1.0,5.0,0.0,0.0,Billing system is confusing,2.0,0,1,0,0.0,0.0,0.0,4.0
1404,2025-09-29,Referral,Mobile,India,Free,First Feature Use,,34.0,,0.0,Works most of the time,2.9,0,1,1,0.0,2.0,0.0,18.0
1405,2026-02-12,Referral,Mobile,Germany,Free,Landing,2.0,8.0,0.0,0.0,Frequent downtime,1.2,0,1,0,0.0,0.0,0.0,2.0
1406,2026-01-14,Organic,Tablet,USA,Premium,Upgrade,15.0,79.0,8.0,0.0,Great value for money,4.4,1,0,1,0.0,0.0,0.0,14.0
1407,2025-12-18,Organic,Desktop,USA,Free,Landing,1.0,6.0,0.0,0.0,Support response time is slow,2.2,0,1,0,1.0,0.0,0.0,3.0
1408,2025-04-21,Organic,Mobile,India,Free,Onboarding,6.0,27.0,3.0,1.0,Standard SaaS experience,3.7,0,1,1,0.0,0.0,0.0,3.0
1409,2025-08-04,Paid,Mobile,India,Free,First Feature Use,7.0,39.0,5.0,0.0,Standard SaaS experience,3.9,0,1,1,0.0,0.0,0.0,13.0
1410,2026-04-23,Organic,Mobile,Germany,Premium,Upgrade,20.0,84.0,7.0,0.0,Helped our team productivity,4.5,1,0,1,0.0,0.0,0.0,29.0
1411,2025-01-21,Paid,Desktop,USA,Free,Landing,1.0,11.0,0.0,0.0,Trial period too short,2.1,0,1,0,0.0,0.0,0.0,4.0
1412,2025-09-24,Organic,Tablet,India,Free,First Feature Use,11.0,36.0,5.0,0.0,Great value for money,4.1,0,1,1,0.0,0.0,0.0,13.0
1413,2025-12-26,Organic,Mobile,USA,Free,Landing,1.0,9.0,0.0,0.0,Support response time is slow,2.1,0,1,0,0.0,0.0,0.0,2.0
1414,2025-06-13,Organic,Mobile,USA,Premium,Upgrade,21.0,133.0,14.0,0.0,Data export works perfectly,4.1,1,0,1,2.0,0.0,0.0,23.0
1415,2026-03-30,Organic,Tablet,USA,Premium,Upgrade,23.0,132.0,16.0,0.0,Data export works perfectly,4.2,1,0,1,1.0,0.0,0.0,5.0
1416,2025-05-29,Paid,Mobile,India,Basic,Onboarding,,38.0,1.0,0.0,It's fine for now,2.9,0,0,1,1.0,0.0,10.0,8.0
1417,2025-05-22,Organic,Mobile,UK,Free,Landing,1.0,6.0,0.0,0.0,No offline access,2.1,0,1,0,0.0,0.0,0.0,4.0
1418,2025-08-02,Organic,Mobile,USA,Basic,First Feature Use,8.0,35.0,4.0,0.0,Similar to other tools,3.8,0,0,1,1.0,0.0,1.0,8.0
1419,2026-04-21,Organic,Mobile,USA,Free,Sign-up,2.0,14.0,0.0,0.0,Frequent downtime,,0,1,0,0.0,0.0,0.0,8.0
1420,2025-01-08,Paid,Mobile,USA,Free,Sign-up,4.0,23.0,1.0,0.0,Still evaluating whether premium is worth it,3.3,0,1,0,0.0,0.0,0.0,7.0
1421,2026-04-01,Referral,Tablet,USA,Free,First Feature Use,5.0,66.0,5.0,3.0,Still exploring features,3.3,0,1,1,2.0,0.0,0.0,13.0
1422,2025-02-21,Organic,Desktop,USA,Free,Onboarding,4.0,41.0,2.0,0.0,Could be better but not terrible,3.7,0,1,1,0.0,0.0,0.0,3.0
1423,2026-02-25,Paid,Mobile,USA,Basic,First Feature Use,9.0,48.0,6.0,0.0,Very intuitive UI,4.6,0,1,1,0.0,1.0,0.0,14.0
1424,2025-03-06,Organic,Mobile,India,Free,Landing,1.0,7.0,0.0,1.0,Export functionality is limited,1.8,0,1,0,1.0,0.0,0.0,6.0
1425,2025-02-08,Organic,Desktop,USA,Premium,Upgrade,21.0,117.0,8.0,0.0,The dashboard analytics are extremely useful,4.1,1,0,1,0.0,0.0,0.0,6.0
1426,2025-02-28,Paid,Mobile,USA,Free,Onboarding,5.0,35.0,1.0,1.0,Will decide after trial ends,3.0,0,1,1,0.0,0.0,0.0,2.0
1427,2026-04-06,Organic,Mobile,Germany,Free,Sign-up,3.0,13.0,0.0,0.0,Similar to other tools,3.3,0,1,0,,0.0,0.0,1.0
1428,2025-03-26,Paid,Mobile,USA,Free,Onboarding,3.0,44.0,2.0,0.0,Average experience so far,3.7,0,1,1,1.0,0.0,0.0,11.0
1429,2025-02-12,Organic,Desktop,India,Free,Sign-up,2.0,17.0,1.0,1.0,App crashes during report export,1.4,0,1,0,0.0,0.0,0.0,5.0
1430,2026-03-07,Referral,Mobile,USA,Free,First Feature Use,5.0,54.0,4.0,0.0,Basic features work fine so far,3.6,0,1,1,1.0,0.0,0.0,11.0
1431,2025-10-21,Organic,Mobile,Germany,Free,Onboarding,3.0,32.0,2.0,0.0,Basic features work fine so far,3.9,0,1,1,0.0,0.0,0.0,13.0
1432,2025-06-03,Paid,Mobile,USA,Free,Onboarding,3.0,44.0,3.0,1.0,No strong opinion yet,3.1,0,1,1,1.0,0.0,0.0,6.0
1433,2025-11-14,Referral,Mobile,India,Free,Sign-up,3.0,16.0,0.0,0.0,Standard SaaS experience,3.4,0,1,0,0.0,0.0,0.0,1.0
1434,2025-05-28,Organic,Tablet,USA,Free,Onboarding,3.0,26.0,3.0,,Decent but not great,3.4,0,1,1,1.0,1.0,0.0,10.0
1435,2026-01-21,Paid,Desktop,Germany,Basic,First Feature Use,7.0,47.0,4.0,0.0,It's fine for now,2.9,0,0,1,0.0,1.0,5.0,10.0
1436,2026-01-16,Organic,Mobile,USA,Free,Landing,1.0,13.0,0.0,0.0,The onboarding tutorial was confusing,1.6,0,1,0,0.0,0.0,0.0,3.0
1437,2025-01-09,Paid,Mobile,UK,Free,Sign-up,3.0,22.0,0.0,0.0,No strong opinion yet,,0,1,0,0.0,0.0,,3.0
1438,2025-08-10,Organic,Desktop,USA,Free,Sign-up,2.0,11.0,1.0,1.0,Export functionality is limited,2.3,0,1,0,2.0,0.0,0.0,1.0
1439,2025-12-23,Organic,Mobile,Germany,Premium,Upgrade,12.0,112.0,18.0,0.0,Easy onboarding experience,4.0,1,0,1,3.0,0.0,0.0,5.0
1440,2025-03-27,Paid,Desktop,India,Free,Sign-up,2.0,18.0,1.0,0.0,Frequent downtime,2.4,0,1,0,0.0,1.0,0.0,4.0
1441,2025-09-17,Organic,Mobile,USA,Free,Onboarding,6.0,22.0,3.0,0.0,Works most of the time,2.9,0,1,1,0.0,0.0,0.0,1.0
1442,2025-02-24,Paid,Mobile,USA,Free,Landing,2.0,11.0,0.0,0.0,Support response time is slow,1.7,0,1,0,0.0,0.0,0.0,6.0
1443,2025-12-31,Organic,Tablet,USA,Free,Sign-up,3.0,23.0,1.0,0.0,Learning curve is medium,3.4,0,1,0,1.0,0.0,0.0,3.0
1444,2025-10-06,Organic,Mobile,USA,Basic,Onboarding,5.0,38.0,3.0,0.0,Need more time before upgrading,3.1,0,0,1,2.0,0.0,13.0,4.0
1445,2025-02-12,Paid,Mobile,USA,Free,Sign-up,4.0,17.0,1.0,1.0,Works most of the time,2.9,0,1,0,0.0,0.0,0.0,
1446,2026-02-20,Paid,Desktop,Canada,Free,Sign-up,2.0,24.0,0.0,0.0,UI feels outdated,1.1,0,1,0,0.0,0.0,0.0,1.0
1447,2025-12-15,Organic,Desktop,India,Free,Landing,1.0,7.0,0.0,1.0,Frequent downtime,1.6,0,1,0,0.0,0.0,0.0,4.0
1448,2025-07-15,Organic,Desktop,Germany,Free,Onboarding,4.0,20.0,1.0,0.0,Similar to other tools,3.2,0,1,1,1.0,0.0,0.0,6.0
1449,2025-05-05,Organic,Desktop,USA,Basic,Upgrade,12.0,114.0,7.0,0.0,Automated reports are a lifesaver,,1,0,1,0.0,0.0,0.0,17.0
1450,2025-04-25,Organic,Mobile,India,Free,Onboarding,5.0,34.0,2.0,0.0,It's fine for now,3.4,0,1,1,2.0,0.0,0.0,11.0
1451,2026-05-08,Organic,Mobile,USA,Free,Sign-up,2.0,14.0,1.0,0.0,Feature X is broken for weeks,2.3,0,1,0,1.0,0.0,0.0,7.0
1452,2025-08-15,Organic,Mobile,USA,Free,Onboarding,6.0,23.0,3.0,0.0,Good enough for my use case,2.8,0,1,1,1.0,0.0,0.0,11.0
1453,2025-11-10,Paid,Desktop,UK,Free,Onboarding,3.0,23.0,1.0,0.0,Will decide after trial ends,3.5,0,1,1,0.0,0.0,0.0,5.0
1454,2026-04-05,Paid,Mobile,USA,Free,Sign-up,4.0,14.0,1.0,0.0,Needs a few more integrations,3.1,0,1,0,0.0,0.0,0.0,9.0
1455,2025-08-04,Organic,Mobile,Canada,Free,Sign-up,3.0,18.0,0.0,0.0,Will evaluate again next month,3.0,0,1,0,1.0,0.0,0.0,8.0
1456,2025-06-19,Organic,Tablet,USA,Free,First Feature Use,11.0,63.0,5.0,0.0,Mobile experience is smooth,4.1,0,1,1,1.0,0.0,0.0,15.0
1457,2025-05-28,Organic,Mobile,India,Free,Sign-up,3.0,20.0,1.0,0.0,Nothing exceptional,2.5,0,1,0,0.0,0.0,0.0,7.0
1458,2026-03-24,Paid,Mobile,India,Basic,First Feature Use,7.0,55.0,5.0,0.0,Basic features work fine so far,3.3,0,0,1,1.0,0.0,4.0,16.0
1459,2026-01-06,Referral,Mobile,USA,Free,Onboarding,5.0,33.0,2.0,0.0,Still evaluating whether premium is worth it,3.3,0,1,1,,1.0,0.0,7.0
1460,2025-03-03,Paid,Mobile,USA,Free,Sign-up,2.0,17.0,1.0,0.0,Pricing feels too expensive,1.2,0,1,0,0.0,0.0,0.0,7.0
1461,2025-01-09,Paid,Mobile,USA,Free,First Feature Use,5.0,31.0,7.0,2.0,Haven't used all features yet,2.9,0,1,1,1.0,0.0,0.0,3.0
1462,2026-04-10,Referral,Mobile,USA,Premium,Upgrade,15.0,133.0,13.0,0.0,Helped our team productivity,4.2,1,0,1,0.0,0.0,0.0,11.0
1463,2025-05-25,Organic,Mobile,India,Free,Landing,1.0,12.0,0.0,0.0,Data sync is unreliable,1.5,0,1,0,2.0,0.0,0.0,5.0
1464,2025-12-24,Organic,Mobile,Germany,Free,Landing,1.0,6.0,0.0,1.0,Support response time is slow,2.4,0,1,0,0.0,0.0,0.0,3.0
1465,2026-01-12,Paid,Mobile,USA,Premium,Upgrade,12.0,141.0,10.0,1.0,Reporting module saves a lot of time,4.0,1,0,1,1.0,0.0,0.0,21.0
1466,2026-03-26,Organic,Mobile,Germany,Free,Onboarding,6.0,27.0,2.0,0.0,No strong opinion yet,2.5,0,1,1,0.0,0.0,0.0,11.0
1467,2025-10-21,,Mobile,USA,Free,Onboarding,5.0,25.0,3.0,0.0,Could be better but not terrible,3.0,0,1,1,1.0,0.0,0.0,13.0
1468,2025-02-26,Paid,Mobile,UK,Free,Sign-up,2.0,22.0,1.0,0.0,Customer support unhelpful,1.3,0,1,0,0.0,1.0,0.0,9.0
1469,2026-01-06,Paid,Mobile,USA,Free,Landing,2.0,5.0,0.0,0.0,Dashboard loads slowly,1.5,0,1,0,0.0,0.0,0.0,6.0
1470,2025-10-23,Organic,Desktop,USA,Premium,Upgrade,22.0,89.0,17.0,0.0,Simple and effective design,4.4,1,0,1,0.0,0.0,0.0,11.0
1471,2026-01-28,Paid,Desktop,USA,Free,Sign-up,2.0,15.0,0.0,1.0,Data sync is unreliable,2.3,0,1,0,1.0,0.0,0.0,3.0
1472,2025-04-08,Paid,Mobile,USA,Free,First Feature Use,5.0,40.0,7.0,1.0,Not blown away but not disappointed,3.9,0,1,1,0.0,0.0,0.0,11.0
1473,2025-02-07,Referral,Mobile,USA,Free,Landing,1.0,7.0,0.0,0.0,Customer support unhelpful,1.1,0,1,0,0.0,0.0,0.0,5.0
1474,2025-11-18,Paid,Mobile,USA,Premium,Upgrade,20.0,128.0,19.0,0.0,Real-time sync is fast,4.4,1,0,1,0.0,0.0,,6.0
1475,2025-01-14,Referral,Desktop,USA,Basic,Onboarding,3.0,25.0,1.0,0.0,Will decide after trial ends,,0,0,1,1.0,1.0,11.0,9.0
1476,2025-11-21,Organic,Tablet,USA,Free,First Feature Use,9.0,63.0,7.0,0.0,Best SaaS tool I've used,4.5,0,1,1,0.0,1.0,0.0,
1477,2025-06-29,Organic,Mobile,USA,Free,Landing,2.0,12.0,0.0,0.0,Customer support unhelpful,1.5,0,1,0,0.0,0.0,0.0,2.0
1478,2025-05-22,Organic,Desktop,UK,Free,Landing,1.0,12.0,0.0,0.0,Feature X is broken for weeks,1.7,0,1,0,0.0,0.0,0.0,2.0
1479,2025-01-02,Organic,Desktop,India,Free,Sign-up,4.0,12.0,1.0,0.0,Standard SaaS experience,3.0,0,1,0,0.0,0.0,0.0,3.0
1480,2025-10-05,Referral,Mobile,USA,Free,First Feature Use,8.0,41.0,4.0,0.0,Ok for basic use,3.9,0,1,1,1.0,0.0,0.0,9.0
1481,2026-03-03,Referral,Mobile,USA,Free,First Feature Use,11.0,48.0,3.0,,Automated reports are a lifesaver,4.8,0,1,1,0.0,0.0,0.0,5.0
1482,2025-06-06,,Mobile,India,Free,Onboarding,6.0,23.0,1.0,0.0,Average experience so far,3.9,0,1,1,0.0,0.0,0.0,5.0
1483,2025-08-10,Organic,Mobile,USA,Free,Landing,2.0,5.0,0.0,0.0,The onboarding tutorial was confusing,1.4,0,1,0,0.0,0.0,0.0,6.0
1484,2025-08-13,Organic,Mobile,India,Free,Landing,1.0,9.0,0.0,1.0,Pricing too high for small businesses,2.1,0,1,0,1.0,0.0,0.0,3.0
1485,2025-03-04,Referral,Desktop,USA,Free,Sign-up,3.0,19.0,0.0,1.0,Basic features work fine so far,3.4,0,1,0,0.0,,0.0,7.0
1486,2025-12-03,Organic,Mobile,USA,Free,Sign-up,4.0,20.0,0.0,0.0,No strong opinion yet,3.8,0,1,0,0.0,0.0,0.0,7.0
1487,2025-10-16,Organic,Mobile,USA,Premium,Upgrade,17.0,72.0,16.0,0.0,Mobile experience is smooth,4.6,1,0,1,1.0,0.0,0.0,10.0
1488,2025-10-31,Organic,Desktop,USA,Free,First Feature Use,9.0,39.0,4.0,1.0,Mobile experience is smooth,4.9,0,1,1,2.0,1.0,0.0,17.0
1489,2026-03-27,Organic,Mobile,India,Free,Sign-up,4.0,23.0,1.0,0.0,Nothing exceptional,3.2,0,1,0,0.0,0.0,0.0,4.0
1490,2025-03-08,Referral,Mobile,USA,Free,Landing,2.0,11.0,0.0,0.0,Support response time is slow,1.0,0,1,0,0.0,0.0,0.0,1.0
1491,2026-04-01,Organic,Mobile,Canada,Free,Sign-up,4.0,19.0,1.0,0.0,Similar to other tools,2.9,0,1,0,0.0,0.0,0.0,4.0
1492,2025-10-16,Organic,Mobile,USA,Free,Sign-up,3.0,18.0,0.0,0.0,Needs a few more integrations,2.8,0,1,0,0.0,0.0,0.0,4.0
1493,2025-06-16,Organic,Mobile,Germany,Free,First Feature Use,10.0,58.0,3.0,0.0,Automated reports are a lifesaver,4.6,0,1,1,2.0,0.0,0.0,18.0
1494,2026-04-21,Paid,Desktop,USA,Free,First Feature Use,11.0,31.0,,1.0,The mobile app is surprisingly good,4.1,0,1,1,0.0,0.0,0.0,6.0
1495,2025-07-20,Paid,Mobile,USA,Free,Sign-up,4.0,16.0,0.0,0.0,Average experience so far,3.3,0,1,0,1.0,0.0,0.0,1.0
1496,2026-03-26,Organic,Desktop,UK,Basic,Upgrade,24.0,100.0,16.0,0.0,Helped our team productivity,4.4,1,0,1,0.0,0.0,0.0,1.0
1497,2025-12-31,Organic,Mobile,USA,Free,First Feature Use,9.0,44.0,7.0,0.0,Simple and effective design,4.8,0,1,1,,0.0,0.0,4.0
1498,2025-11-28,Referral,Tablet,India,Free,Onboarding,3.0,34.0,3.0,0.0,Will evaluate again next month,3.1,0,1,1,0.0,0.0,0.0,6.0
1499,2025-07-18,Organic,Desktop,USA,Basic,Upgrade,16.0,142.0,10.0,0.0,Helped our team productivity,,1,0,1,0.0,0.0,0.0,16.0
1500,2026-03-26,Paid,Tablet,India,Basic,First Feature Use,7.0,66.0,6.0,0.0,Basic features work fine so far,3.7,0,0,1,0.0,2.0,6.0,16.0
1501,2025-03-14,Organic,Mobile,USA,Free,Landing,1.0,9.0,0.0,0.0,Export functionality is limited,2.1,0,1,0,0.0,0.0,0.0,2.0
1502,2025-08-05,Organic,Desktop,UK,Free,Landing,2.0,6.0,0.0,0.0,Customer support unhelpful,2.2,0,1,0,0.0,0.0,0.0,2.0
1503,2025-10-28,Paid,Desktop,UK,Free,Sign-up,3.0,18.0,1.0,0.0,Decent but not great,2.9,0,1,0,0.0,0.0,0.0,7.0
1504,2025-08-27,Referral,Desktop,India,Basic,First Feature Use,6.0,51.0,,2.0,Still exploring features,3.9,0,0,1,2.0,0.0,5.0,15.0
1505,2025-03-14,Paid,Mobile,USA,Free,First Feature Use,9.0,54.0,7.0,,The dashboard analytics are extremely useful,4.9,0,1,1,2.0,2.0,0.0,10.0
1506,2025-05-18,Organic,Mobile,Germany,Free,Landing,2.0,9.0,0.0,0.0,Pricing too high for small businesses,1.1,0,1,0,0.0,0.0,0.0,3.0
1507,2025-04-01,Paid,Mobile,Canada,Premium,Upgrade,24.0,106.0,7.0,0.0,Onboarding tutorial was straightforward,5.0,1,0,1,0.0,0.0,0.0,7.0
1508,2025-04-26,Paid,Mobile,Germany,Basic,First Feature Use,5.0,46.0,5.0,0.0,Haven't used all features yet,3.1,0,1,1,0.0,0.0,0.0,15.0
1509,2025-11-25,Paid,Desktop,UK,Free,Landing,,8.0,0.0,0.0,Cannot customize reports enough,2.4,0,1,0,0.0,0.0,0.0,4.0
1510,2025-09-24,Paid,Desktop,USA,Basic,First Feature Use,10.0,,5.0,1.0,Worth every penny,4.4,0,0,1,1.0,1.0,3.0,12.0
1511,2026-03-07,Organic,Mobile,USA,Free,Landing,2.0,11.0,0.0,0.0,No dark mode,1.1,0,1,0,0.0,0.0,0.0,6.0
1512,2025-04-05,Paid,Mobile,Germany,Free,Sign-up,3.0,16.0,1.0,0.0,Nothing exceptional,3.1,0,1,0,0.0,0.0,0.0,5.0
1513,2025-02-23,Paid,Mobile,Canada,Free,First Feature Use,7.0,62.0,4.0,0.0,It's fine for now,2.8,0,1,1,0.0,0.0,0.0,16.0
1514,2026-04-02,Organic,Mobile,USA,Free,Onboarding,3.0,43.0,2.0,1.0,Similar to other tools,3.1,0,1,1,0.0,1.0,0.0,4.0
1515,2025-11-27,Paid,Mobile,USA,Free,Sign-up,,,,0.0,"Works as expected, nothing special",2.9,0,1,0,0.0,0.0,0.0,6.0
1516,2025-06-20,Organic,Desktop,Germany,Free,Sign-up,3.0,13.0,0.0,0.0,Nothing exceptional,2.8,0,1,0,0.0,0.0,0.0,5.0
1517,2025-09-25,Organic,Mobile,USA,Free,Landing,1.0,9.0,0.0,0.0,The onboarding tutorial was confusing,1.3,0,1,0,0.0,0.0,0.0,5.0
1518,2025-11-03,Referral,Desktop,USA,Free,Landing,1.0,5.0,0.0,0.0,Billing system is confusing,1.4,0,1,0,0.0,0.0,0.0,5.0
1519,2026-02-26,Organic,Mobile,Canada,Free,Landing,2.0,5.0,0.0,0.0,Mobile UI is cluttered,1.2,0,1,0,0.0,0.0,0.0,2.0
1520,2025-06-15,Organic,Desktop,India,Free,Landing,2.0,6.0,0.0,0.0,Customer support unhelpful,2.3,0,1,0,0.0,0.0,0.0,6.0
1521,2025-05-04,Paid,Mobile,Germany,Free,Onboarding,5.0,30.0,3.0,0.0,Similar to other tools,3.3,0,1,1,0.0,0.0,0.0,7.0
1522,2025-01-05,Referral,Mobile,USA,Free,Landing,1.0,10.0,0.0,0.0,Billing system is confusing,1.2,0,1,0,0.0,0.0,0.0,5.0
1523,2026-03-10,Referral,Mobile,USA,Basic,Onboarding,6.0,38.0,1.0,0.0,"Works as expected, nothing special",3.4,0,0,1,1.0,0.0,14.0,13.0
1524,2026-04-27,Paid,Mobile,UK,Free,Landing,2.0,6.0,0.0,0.0,The onboarding tutorial was confusing,1.5,0,1,0,0.0,0.0,0.0,3.0
1525,2025-01-03,Organic,Mobile,UK,Basic,Upgrade,12.0,84.0,18.0,0.0,Worth every penny,5.0,1,0,1,0.0,0.0,0.0,5.0
1526,2026-01-23,Referral,Desktop,USA,Basic,Upgrade,18.0,122.0,8.0,0.0,Love how everything is customisable,4.9,1,0,1,0.0,0.0,0.0,9.0
1527,2025-02-18,Paid,Mobile,Germany,Free,First Feature Use,7.0,35.0,3.0,0.0,"Works as expected, nothing special",3.7,0,1,1,1.0,0.0,0.0,19.0
1528,2025-07-25,Organic,Mobile,Germany,Free,Sign-up,3.0,11.0,0.0,0.0,Could be better but not terrible,3.2,0,1,0,2.0,0.0,0.0,6.0
1529,2025-07-27,Referral,Desktop,USA,Premium,Upgrade,16.0,127.0,16.0,0.0,Automated reports are a lifesaver,4.8,1,0,1,0.0,1.0,0.0,9.0
1530,2026-04-02,Organic,Mobile,USA,Free,First Feature Use,6.0,59.0,4.0,0.0,Learning curve is medium,3.3,0,1,1,0.0,0.0,0.0,1.0
1531,2025-08-05,Organic,Mobile,USA,Free,Sign-up,4.0,14.0,1.0,0.0,Nothing exceptional,3.8,0,1,0,0.0,0.0,0.0,4.0
1532,2025-08-27,Referral,Desktop,USA,Premium,Upgrade,21.0,80.0,16.0,0.0,The dashboard analytics are extremely useful,4.6,1,0,1,1.0,1.0,0.0,28.0
1533,2025-08-08,Paid,Mobile,USA,Free,Onboarding,4.0,23.0,1.0,1.0,Could be better but not terrible,,0,1,1,0.0,0.0,0.0,13.0
1534,2025-03-14,Organic,Desktop,USA,Free,Onboarding,4.0,21.0,3.0,0.0,Basic features work fine so far,3.9,0,1,1,2.0,0.0,0.0,8.0
1535,2025-12-02,Organic,Desktop,USA,Free,Landing,2.0,9.0,0.0,0.0,Cannot customize reports enough,1.5,0,1,0,0.0,0.0,0.0,2.0
1536,2026-03-13,Paid,Desktop,Germany,Free,First Feature Use,11.0,38.0,6.0,1.0,Mobile experience is smooth,4.9,0,1,1,1.0,1.0,0.0,18.0
1537,2025-11-07,Organic,Desktop,USA,Premium,Upgrade,16.0,74.0,9.0,1.0,Onboarding tutorial was straightforward,5.0,1,0,1,1.0,0.0,0.0,20.0
1538,2026-01-07,Organic,Mobile,UK,Free,Landing,2.0,10.0,0.0,0.0,Too many steps during setup process,2.4,0,1,0,0.0,0.0,0.0,1.0
1539,2026-03-03,Paid,Mobile,India,Free,First Feature Use,10.0,68.0,7.0,0.0,Reporting module saves a lot of time,4.6,0,1,1,0.0,0.0,0.0,11.0
1540,2025-05-02,Referral,Tablet,UK,Basic,Upgrade,17.0,130.0,19.0,,Love how everything is customisable,4.1,1,0,1,0.0,1.0,0.0,21.0
1541,2026-01-30,Paid,Mobile,Canada,Basic,Upgrade,20.0,146.0,,0.0,Support team solved my issue quickly,4.3,1,0,1,0.0,,0.0,17.0
1542,2025-11-20,Paid,Desktop,UK,Free,Landing,1.0,13.0,0.0,0.0,Pricing too high for small businesses,,0,1,0,0.0,0.0,0.0,6.0
1543,2025-01-02,Paid,Desktop,Germany,Basic,First Feature Use,5.0,69.0,4.0,1.0,Not blown away but not disappointed,2.5,0,0,1,2.0,0.0,6.0,16.0
1544,2025-03-06,Paid,Desktop,USA,Free,Onboarding,5.0,37.0,1.0,0.0,Room for improvement in UI,3.5,0,1,1,1.0,0.0,0.0,8.0
1545,2025-12-07,Organic,Mobile,UK,Free,Landing,1.0,14.0,0.0,0.0,Billing system is confusing,1.3,0,1,0,0.0,0.0,0.0,4.0
1546,2026-02-26,Referral,Mobile,UK,Free,First Feature Use,11.0,69.0,5.0,1.0,Automated reports are a lifesaver,4.5,0,1,1,1.0,0.0,0.0,3.0
1547,2025-11-17,Organic,Mobile,Canada,Free,Landing,2.0,9.0,0.0,0.0,No dark mode,1.0,0,1,0,0.0,0.0,0.0,5.0
1548,2025-03-26,Organic,Mobile,USA,Free,Landing,1.0,7.0,0.0,0.0,Frequent downtime,1.2,0,1,0,0.0,0.0,0.0,5.0
1549,2025-05-27,Organic,Tablet,USA,Free,First Feature Use,11.0,51.0,7.0,0.0,Reporting module saves a lot of time,4.2,0,1,1,1.0,0.0,0.0,12.0
1550,2025-05-28,Paid,Desktop,UK,Free,First Feature Use,5.0,63.0,4.0,1.0,Learning curve is medium,3.4,0,1,1,5.0,0.0,0.0,10.0
1551,2026-04-23,Organic,Desktop,USA,Free,Sign-up,2.0,13.0,0.0,2.0,Frequent downtime,1.6,0,1,0,0.0,,0.0,2.0
1552,2025-09-29,Organic,Mobile,UK,Free,First Feature Use,10.0,44.0,7.0,1.0,Very intuitive UI,,0,1,1,1.0,0.0,0.0,18.0
1553,2025-12-29,Paid,Mobile,Canada,Free,Onboarding,7.0,,1.0,0.0,Will decide after trial ends,3.1,0,1,1,2.0,0.0,0.0,10.0
1554,2025-01-23,Referral,Mobile,Germany,Free,First Feature Use,8.0,33.0,7.0,0.0,No strong opinion yet,2.5,0,1,1,1.0,1.0,0.0,15.0
1555,2026-03-27,Paid,Mobile,USA,Free,Onboarding,7.0,31.0,2.0,0.0,Similar to other tools,3.3,0,1,1,2.0,0.0,0.0,8.0
1556,2025-08-05,Organic,Mobile,USA,Free,Landing,1.0,5.0,0.0,0.0,Missing key features compared to competitors,1.9,0,1,0,0.0,0.0,0.0,3.0
1557,2025-09-26,Organic,Mobile,UK,Free,Sign-up,2.0,,0.0,0.0,Cannot customize reports enough,1.8,0,1,0,0.0,0.0,0.0,8.0
1558,2026-03-29,Paid,Mobile,UK,Free,Landing,2.0,14.0,0.0,0.0,Too many bugs on mobile,1.3,0,1,0,1.0,0.0,0.0,
1559,2026-02-13,Organic,Mobile,India,Free,Onboarding,3.0,21.0,1.0,0.0,Basic features work fine so far,3.8,0,1,1,0.0,1.0,0.0,9.0
1560,2025-02-07,Paid,Tablet,India,Basic,Onboarding,3.0,37.0,3.0,0.0,Similar to other tools,4.0,0,0,1,0.0,0.0,10.0,9.0
1561,2025-07-17,Organic,Mobile,UK,Free,First Feature Use,6.0,67.0,5.0,,Learning curve is medium,2.9,0,1,1,2.0,0.0,0.0,3.0
1562,2025-02-17,Referral,Desktop,USA,Premium,Upgrade,15.0,86.0,12.0,0.0,The mobile app is surprisingly good,4.6,1,0,1,0.0,0.0,0.0,18.0
1563,2025-12-09,Paid,Mobile,India,Basic,First Feature Use,8.0,54.0,3.0,0.0,Standard SaaS experience,,0,1,1,0.0,0.0,0.0,13.0
1564,2026-01-29,Organic,Mobile,USA,Free,Onboarding,3.0,26.0,2.0,0.0,Still evaluating whether premium is worth it,3.1,0,1,1,1.0,0.0,0.0,4.0
1565,2025-06-02,Referral,Mobile,USA,Free,First Feature Use,6.0,69.0,5.0,0.0,Could be better but not terrible,3.6,0,1,1,0.0,1.0,0.0,13.0
1566,2026-01-15,Organic,Desktop,India,Free,Landing,2.0,10.0,0.0,0.0,Too many bugs on mobile,1.3,0,1,0,0.0,0.0,0.0,3.0
1567,2025-12-15,Organic,Mobile,UK,Free,Landing,1.0,13.0,0.0,0.0,Support response time is slow,2.2,0,1,0,0.0,0.0,0.0,5.0
1568,2025-12-30,Referral,Mobile,India,Free,Landing,1.0,14.0,0.0,1.0,UI feels outdated,1.7,0,1,0,,0.0,0.0,4.0
1569,2025-04-24,Organic,Desktop,USA,Basic,First Feature Use,6.0,38.0,3.0,1.0,It's fine for now,2.8,0,0,1,0.0,0.0,5.0,5.0
1570,2025-05-05,Organic,Mobile,USA,Basic,Onboarding,6.0,20.0,2.0,0.0,It's fine for now,3.0,0,0,1,3.0,0.0,9.0,12.0
1571,2025-09-16,Organic,Mobile,USA,Free,Landing,1.0,8.0,0.0,0.0,App crashes during report export,1.7,0,1,0,1.0,0.0,0.0,4.0
1572,2026-04-29,Organic,Mobile,UK,Free,Landing,2.0,14.0,0.0,0.0,App crashes during report export,1.7,0,1,0,0.0,0.0,0.0,6.0
1573,2025-02-28,Organic,Mobile,USA,Free,Landing,2.0,9.0,0.0,0.0,The onboarding tutorial was confusing,1.3,0,1,0,,0.0,,5.0
1574,2025-03-31,Paid,Desktop,India,Free,First Feature Use,9.0,35.0,3.0,0.0,Data export works perfectly,4.7,0,1,1,1.0,0.0,0.0,8.0
1575,2025-09-09,Paid,Desktop,India,Basic,Onboarding,6.0,35.0,2.0,0.0,Not sure if I'll continue,3.7,0,0,1,1.0,0.0,6.0,13.0
1576,2026-03-10,Organic,Mobile,USA,Free,Sign-up,2.0,15.0,1.0,0.0,Steep learning curve,1.1,0,1,0,1.0,0.0,0.0,1.0
1577,2025-08-29,Organic,Mobile,Germany,Basic,First Feature Use,6.0,32.0,7.0,0.0,Ok for basic use,3.6,0,1,1,1.0,0.0,0.0,11.0
1578,2026-04-12,Referral,Desktop,Germany,Premium,Upgrade,14.0,69.0,9.0,0.0,Real-time sync is fast,4.9,1,0,1,0.0,0.0,0.0,11.0
1579,2025-08-19,Referral,Mobile,Germany,Premium,Upgrade,21.0,119.0,9.0,0.0,Love the reporting features,4.1,1,0,1,0.0,0.0,0.0,22.0
1580,2025-10-22,Paid,Desktop,India,Free,Landing,1.0,6.0,0.0,0.0,Billing system is confusing,2.0,0,1,0,0.0,0.0,0.0,6.0
1581,2026-03-19,Referral,Mobile,USA,Free,Sign-up,4.0,23.0,0.0,0.0,Good enough for my use case,3.3,0,1,0,0.0,0.0,0.0,2.0
1582,2026-01-20,Paid,Desktop,USA,Free,Landing,1.0,13.0,0.0,0.0,Mobile app crashes while exporting reports,1.6,0,1,0,0.0,0.0,,4.0
1583,2025-07-14,Organic,Tablet,India,Free,First Feature Use,7.0,47.0,4.0,0.0,No strong opinion yet,3.7,0,1,1,0.0,1.0,0.0,13.0
1584,2026-02-15,Organic,Desktop,USA,Free,Onboarding,6.0,27.0,3.0,0.0,Learning curve is medium,3.9,0,1,1,0.0,1.0,0.0,12.0
1585,2026-04-21,Organic,Mobile,India,Basic,Onboarding,3.0,38.0,1.0,0.0,Needs a few more integrations,2.5,0,0,1,1.0,0.0,,1.0
1586,2025-02-10,Referral,Desktop,UK,Free,Sign-up,4.0,11.0,0.0,0.0,Similar to other tools,3.5,0,1,0,0.0,0.0,0.0,4.0
1587,2025-01-26,Paid,Mobile,USA,Free,Onboarding,4.0,28.0,1.0,1.0,Standard SaaS experience,2.5,0,1,1,1.0,0.0,0.0,3.0
1588,2026-03-16,Paid,Desktop,UK,Free,First Feature Use,8.0,32.0,5.0,0.0,No strong opinion yet,2.7,0,1,1,,0.0,0.0,7.0
1589,2025-05-10,Organic,Mobile,USA,Premium,Upgrade,23.0,136.0,17.0,0.0,Integration with Slack was seamless,4.0,1,0,1,0.0,0.0,0.0,15.0
1590,2026-04-16,Paid,Desktop,USA,Free,Sign-up,3.0,24.0,0.0,1.0,Learning curve is medium,2.6,0,1,0,0.0,0.0,0.0,3.0
1591,2026-01-17,Paid,Mobile,Germany,Free,Landing,1.0,8.0,0.0,0.0,Steep learning curve,1.9,0,1,0,0.0,0.0,0.0,3.0
1592,2025-10-07,Referral,Mobile,USA,Free,Landing,2.0,6.0,0.0,0.0,Customer support unhelpful,2.2,0,1,0,1.0,0.0,0.0,6.0
1593,2025-09-25,Organic,Desktop,UK,Free,Sign-up,4.0,20.0,0.0,1.0,It's fine for now,2.8,0,1,0,0.0,0.0,0.0,8.0
1594,2025-10-23,Paid,Mobile,USA,Premium,Upgrade,10.0,94.0,10.0,1.0,Real-time sync is fast,4.4,1,0,1,1.0,0.0,0.0,28.0
1595,2025-05-12,Organic,Desktop,UK,Free,First Feature Use,5.0,36.0,4.0,2.0,Will decide after trial ends,3.9,0,1,1,1.0,0.0,0.0,16.0
1596,2025-05-08,,Desktop,USA,Free,Sign-up,4.0,15.0,1.0,0.0,Meets minimum requirements,3.7,0,1,0,0.0,0.0,0.0,9.0
1597,2026-02-24,Paid,Tablet,India,Basic,First Feature Use,7.0,53.0,5.0,0.0,Nothing exceptional,3.1,0,0,1,2.0,0.0,2.0,12.0
1598,2025-10-16,Organic,Desktop,India,Free,First Feature Use,7.0,62.0,6.0,0.0,It's fine for now,2.9,0,1,1,2.0,0.0,0.0,16.0
1599,2025-05-25,Paid,Mobile,Germany,Basic,Onboarding,6.0,33.0,2.0,1.0,Decent but not great,3.3,0,0,1,1.0,0.0,8.0,10.0
1600,2026-04-16,Organic,Mobile,USA,Free,Sign-up,3.0,16.0,1.0,0.0,Not sure if I'll continue,3.5,0,1,0,1.0,0.0,0.0,1.0
1601,2025-10-08,Referral,Mobile,UK,Free,Sign-up,4.0,17.0,1.0,0.0,Similar to other tools,2.9,0,1,0,0.0,0.0,0.0,5.0
1602,2026-04-23,Organic,Mobile,India,Free,Onboarding,4.0,24.0,1.0,0.0,Not sure if I'll continue,3.1,0,1,1,0.0,0.0,0.0,1.0
1603,2025-06-01,Paid,Mobile,USA,Free,Sign-up,2.0,21.0,1.0,,Steep learning curve,1.0,0,1,0,,0.0,0.0,3.0
1604,2026-03-10,Referral,Desktop,USA,Free,Sign-up,4.0,17.0,0.0,0.0,Will decide after trial ends,2.8,0,1,0,0.0,0.0,0.0,6.0
1605,2025-06-09,Organic,Mobile,India,Free,Landing,2.0,14.0,0.0,0.0,No offline access,1.0,0,1,0,1.0,0.0,0.0,6.0
1606,2026-04-13,Paid,Mobile,India,Free,Sign-up,2.0,10.0,0.0,0.0,Support response time is slow,1.7,0,1,0,0.0,0.0,0.0,9.0
1607,2025-03-14,Paid,Desktop,USA,Free,Onboarding,6.0,22.0,3.0,0.0,Will decide after trial ends,2.8,0,1,1,0.0,0.0,0.0,8.0
1608,2025-08-19,Organic,Mobile,USA,Free,Landing,2.0,9.0,0.0,0.0,Mobile app crashes while exporting reports,1.6,0,1,0,0.0,0.0,0.0,3.0
1609,2026-04-18,Paid,Mobile,UK,Free,First Feature Use,7.0,64.0,6.0,0.0,Similar to other tools,3.0,0,1,1,3.0,0.0,0.0,12.0
1610,2025-03-07,Paid,Mobile,USA,Basic,First Feature Use,7.0,57.0,6.0,2.0,"Works as expected, nothing special",2.8,0,0,1,1.0,0.0,2.0,4.0
1611,2025-12-22,Referral,Desktop,UK,Basic,Upgrade,19.0,115.0,11.0,0.0,Reporting module saves a lot of time,4.4,1,0,1,0.0,,0.0,5.0
1612,2025-02-28,Referral,Desktop,USA,Free,First Feature Use,7.0,42.0,4.0,0.0,Ok for basic use,,0,1,1,0.0,0.0,0.0,16.0
1613,2025-06-23,Paid,Desktop,UK,Free,Onboarding,3.0,21.0,3.0,0.0,Could be better but not terrible,2.7,0,1,1,0.0,0.0,0.0,7.0
1614,2025-05-19,Paid,Mobile,India,Premium,Upgrade,23.0,88.0,17.0,0.0,The API documentation is clear,4.9,1,0,1,1.0,0.0,0.0,21.0
1615,2025-09-25,Referral,Desktop,India,Free,First Feature Use,6.0,49.0,7.0,1.0,Need more time before upgrading,2.6,0,1,1,0.0,0.0,0.0,2.0
1616,2025-08-04,Paid,Desktop,UK,Free,Onboarding,5.0,44.0,3.0,1.0,Nothing exceptional,3.1,0,1,1,1.0,0.0,0.0,11.0
1617,2025-06-12,Organic,Mobile,USA,Basic,Upgrade,19.0,87.0,7.0,0.0,Saves me hours every week,4.3,1,0,1,1.0,0.0,0.0,23.0
1618,2025-06-28,Organic,Mobile,USA,Free,Landing,1.0,8.0,0.0,0.0,Pricing too high for small businesses,2.4,0,1,0,0.0,0.0,,4.0
1619,2025-04-19,Referral,Desktop,USA,Free,Onboarding,4.0,20.0,3.0,1.0,Still evaluating whether premium is worth it,3.2,0,1,1,1.0,0.0,0.0,6.0
1620,2026-02-08,Paid,Mobile,USA,Free,Onboarding,6.0,21.0,3.0,1.0,"Works as expected, nothing special",2.5,0,1,1,0.0,0.0,0.0,13.0
1621,2025-11-07,Paid,Desktop,Canada,Free,Onboarding,,44.0,2.0,1.0,Not blown away but not disappointed,2.9,0,1,1,0.0,0.0,0.0,6.0
1622,2025-06-06,Organic,Mobile,UK,Free,Sign-up,3.0,14.0,1.0,0.0,It's fine for now,2.6,0,1,0,1.0,0.0,0.0,2.0
1623,2025-08-22,Referral,Mobile,USA,Free,Onboarding,5.0,38.0,3.0,0.0,"Works as expected, nothing special",3.8,0,1,1,0.0,0.0,0.0,2.0
1624,2025-08-21,Organic,Mobile,USA,Premium,Upgrade,23.0,68.0,13.0,0.0,Customer support was excellent,4.7,1,0,1,1.0,0.0,0.0,27.0
1625,2025-03-12,Paid,Mobile,USA,Free,First Feature Use,10.0,69.0,6.0,0.0,Best SaaS tool I've used,4.5,0,1,1,1.0,0.0,0.0,1.0
1626,2025-08-09,Organic,Mobile,USA,Free,Sign-up,4.0,17.0,1.0,0.0,Learning curve is medium,3.6,0,1,0,2.0,0.0,0.0,4.0
1627,2026-04-23,Organic,Desktop,USA,Free,Sign-up,2.0,,0.0,0.0,No dark mode,2.1,0,1,0,0.0,0.0,0.0,3.0
1628,2026-01-08,Paid,Desktop,USA,Free,First Feature Use,6.0,64.0,5.0,0.0,Need more time before upgrading,2.6,0,1,1,0.0,0.0,0.0,6.0
1629,2025-07-29,Referral,Desktop,USA,Premium,Upgrade,23.0,100.0,14.0,0.0,Helped our team productivity,4.3,1,0,1,1.0,0.0,0.0,4.0
1630,2025-07-01,Organic,Desktop,USA,Basic,Upgrade,20.0,133.0,8.0,0.0,Very intuitive UI,4.0,1,0,1,0.0,1.0,0.0,10.0
1631,2025-04-30,Organic,Mobile,India,Free,Landing,1.0,9.0,0.0,,Too many bugs on mobile,2.1,0,1,0,0.0,0.0,0.0,5.0
1632,2026-01-09,Organic,Desktop,UK,Free,First Feature Use,6.0,67.0,4.0,0.0,Still evaluating whether premium is worth it,2.9,0,1,1,0.0,1.0,0.0,14.0
1633,2025-12-01,Organic,Mobile,India,Free,Landing,2.0,10.0,,2.0,No dark mode,2.0,0,1,0,0.0,0.0,0.0,4.0
1634,2025-12-03,Organic,Mobile,USA,Free,First Feature Use,6.0,62.0,4.0,0.0,Still evaluating whether premium is worth it,3.4,0,1,1,1.0,0.0,,19.0
1635,2026-04-26,Paid,Mobile,India,Free,First Feature Use,8.0,60.0,3.0,1.0,Will evaluate again next month,2.8,0,1,1,0.0,3.0,0.0,15.0
1636,2025-01-05,Referral,Mobile,UK,Free,Sign-up,,24.0,1.0,0.0,Will evaluate again next month,3.4,0,1,0,0.0,1.0,0.0,2.0
1637,2026-01-25,Organic,Mobile,USA,Free,Landing,2.0,9.0,0.0,0.0,Steep learning curve,1.8,0,1,0,0.0,0.0,0.0,3.0
1638,2025-03-07,Paid,Mobile,USA,Basic,Upgrade,20.0,98.0,17.0,1.0,The dashboard analytics are extremely useful,4.2,1,0,1,2.0,0.0,0.0,22.0
1639,2025-02-16,Organic,Mobile,USA,Free,Sign-up,3.0,22.0,1.0,,Not sure if I'll continue,2.8,0,1,0,0.0,0.0,0.0,7.0
1640,2026-01-23,Organic,Desktop,USA,Basic,First Feature Use,10.0,38.0,7.0,0.0,Very intuitive UI,4.4,0,0,1,3.0,1.0,3.0,17.0
1641,2025-02-19,Organic,Mobile,USA,Free,Sign-up,3.0,19.0,1.0,0.0,Learning curve is medium,3.9,0,1,0,,0.0,0.0,9.0
1642,2025-10-01,Paid,Mobile,India,Basic,Onboarding,6.0,22.0,3.0,2.0,It's fine for now,3.0,0,0,1,0.0,1.0,5.0,1.0
1643,2025-01-14,Organic,Desktop,USA,Free,Landing,2.0,8.0,0.0,0.0,The onboarding tutorial was confusing,2.2,0,1,0,0.0,0.0,0.0,1.0
1644,2026-04-24,Organic,Mobile,USA,Free,First Feature Use,7.0,41.0,6.0,0.0,Will evaluate again next month,3.5,0,1,1,0.0,0.0,0.0,18.0
1645,2025-08-04,Organic,Desktop,USA,Free,Landing,1.0,10.0,0.0,0.0,No dark mode,1.9,0,1,0,0.0,0.0,0.0,2.0
1646,2026-03-25,Organic,Desktop,UK,Free,Onboarding,3.0,26.0,1.0,0.0,Ok for basic use,3.1,0,1,1,3.0,1.0,0.0,8.0
1647,2025-12-27,Organic,Mobile,Germany,Free,Landing,2.0,13.0,,0.0,Missing basic integrations,2.1,0,1,0,0.0,0.0,0.0,5.0
1648,2025-02-25,Referral,Mobile,Canada,Free,Sign-up,4.0,21.0,0.0,1.0,Nothing exceptional,,0,1,0,0.0,0.0,0.0,8.0
1649,2025-07-03,Paid,Mobile,USA,Free,Onboarding,6.0,39.0,2.0,0.0,Meets minimum requirements,3.8,0,1,1,0.0,0.0,0.0,13.0
1650,2025-10-08,Referral,Mobile,USA,Premium,Upgrade,21.0,141.0,17.0,0.0,The dashboard analytics are extremely useful,4.5,1,0,1,0.0,0.0,0.0,8.0
1651,2026-03-12,Organic,Mobile,India,Free,Sign-up,2.0,22.0,1.0,0.0,Too many bugs on mobile,1.7,0,1,0,1.0,0.0,0.0,9.0
1652,2025-01-22,Organic,Mobile,USA,Free,First Feature Use,10.0,53.0,4.0,0.0,Simple and effective design,4.3,0,1,1,0.0,0.0,0.0,15.0
1653,2025-06-25,Organic,Mobile,UK,Free,Landing,2.0,5.0,0.0,0.0,Billing system is confusing,1.6,0,1,0,0.0,0.0,0.0,3.0
1654,2026-01-11,Organic,Desktop,Canada,Basic,First Feature Use,11.0,68.0,3.0,0.0,Love the reporting features,4.1,0,0,1,2.0,0.0,3.0,10.0
1655,2025-08-30,Paid,Mobile,UK,Basic,Upgrade,24.0,118.0,11.0,0.0,Easy onboarding experience,4.1,1,0,1,0.0,0.0,0.0,24.0
1656,2025-08-10,Organic,Desktop,USA,Free,Sign-up,4.0,17.0,0.0,0.0,It's fine for now,2.5,0,1,0,1.0,0.0,0.0,9.0
1657,2025-06-17,Organic,Mobile,India,Free,Landing,1.0,14.0,0.0,1.0,Steep learning curve,1.5,0,1,0,1.0,0.0,0.0,
1658,2025-06-10,Paid,Desktop,Canada,Free,Sign-up,2.0,,0.0,0.0,Too many steps during setup process,1.4,0,1,0,1.0,0.0,0.0,9.0
1659,2026-04-23,Organic,Mobile,India,Free,Sign-up,3.0,,1.0,0.0,Will evaluate again next month,3.1,0,1,0,0.0,1.0,0.0,5.0
1660,2025-09-04,Referral,Desktop,USA,Free,First Feature Use,7.0,35.0,5.0,1.0,Learning curve is medium,3.9,0,1,1,2.0,0.0,0.0,18.0
1661,2026-03-31,Organic,Mobile,Germany,Free,Landing,1.0,9.0,0.0,0.0,No offline access,1.2,0,1,0,0.0,0.0,,5.0
1662,2025-02-17,Paid,Desktop,Canada,Free,Sign-up,,11.0,1.0,0.0,Basic features work fine so far,3.9,0,1,0,0.0,0.0,0.0,9.0
1663,2025-08-13,Organic,Mobile,Germany,Free,Landing,1.0,5.0,0.0,0.0,Feature X is broken for weeks,1.1,0,1,0,0.0,0.0,0.0,3.0
1664,2026-04-01,Referral,Mobile,USA,Free,Onboarding,5.0,28.0,2.0,0.0,Meets minimum requirements,3.1,0,1,1,0.0,0.0,0.0,5.0
1665,2025-01-12,Organic,Mobile,India,Free,First Feature Use,10.0,57.0,7.0,0.0,Mobile experience is smooth,4.8,0,1,1,1.0,1.0,0.0,17.0
1666,2025-03-31,Paid,Mobile,India,Basic,Upgrade,14.0,78.0,14.0,1.0,Analytics dashboard is insightful,4.0,1,0,1,0.0,0.0,0.0,21.0
1667,2025-07-20,Organic,Mobile,USA,Free,Landing,2.0,11.0,0.0,0.0,Support response time is slow,2.4,0,1,0,1.0,0.0,0.0,4.0
1668,2025-02-19,Paid,Mobile,UK,Free,Sign-up,3.0,23.0,0.0,1.0,Standard SaaS experience,3.5,0,1,0,1.0,0.0,0.0,3.0
1669,2025-01-11,Organic,Mobile,India,Free,Onboarding,3.0,43.0,3.0,2.0,Not sure if I'll continue,2.7,0,1,1,2.0,0.0,0.0,1.0
1670,2025-10-30,Organic,Mobile,Germany,Free,Onboarding,4.0,39.0,3.0,0.0,Similar to other tools,3.2,0,1,1,0.0,0.0,0.0,5.0
1671,2025-11-16,Referral,Desktop,Germany,Premium,Upgrade,19.0,61.0,,0.0,Love how everything is customisable,4.6,1,0,1,1.0,2.0,0.0,16.0
1672,2025-05-16,Referral,Tablet,USA,Free,Onboarding,6.0,32.0,1.0,0.0,Could be better but not terrible,3.9,0,1,1,0.0,0.0,0.0,1.0
1673,2025-04-16,Organic,Mobile,USA,Free,Sign-up,2.0,22.0,1.0,1.0,Export functionality is limited,1.9,0,1,0,0.0,0.0,0.0,4.0
1674,2026-03-11,Referral,Desktop,USA,Free,Onboarding,3.0,39.0,2.0,0.0,Could be better but not terrible,3.2,0,1,1,0.0,0.0,0.0,6.0
1675,2026-01-29,Organic,Mobile,Germany,Free,Landing,2.0,11.0,0.0,1.0,Frequent downtime,1.7,0,1,0,1.0,0.0,0.0,1.0
1676,2025-05-07,Referral,Mobile,USA,Free,Landing,2.0,10.0,0.0,0.0,No offline access,2.1,0,1,0,0.0,0.0,0.0,6.0
1677,2025-12-07,Paid,Mobile,India,Basic,First Feature Use,7.0,67.0,4.0,1.0,Not sure if I'll continue,3.6,0,1,1,1.0,0.0,0.0,14.0
1678,2025-03-09,Paid,Mobile,UK,Premium,Upgrade,13.0,145.0,14.0,0.0,Mobile experience is smooth,4.8,1,0,1,0.0,1.0,0.0,4.0
1679,2025-04-09,Referral,Desktop,Germany,Free,Sign-up,2.0,18.0,1.0,1.0,Email notifications are spammy,1.8,0,1,0,0.0,0.0,0.0,4.0
1680,2025-08-14,Referral,Mobile,USA,Basic,First Feature Use,8.0,53.0,3.0,1.0,Average experience so far,3.1,0,0,1,1.0,0.0,6.0,3.0
1681,2026-02-26,Organic,Desktop,India,Free,Onboarding,4.0,24.0,3.0,2.0,Not blown away but not disappointed,3.0,0,1,1,1.0,0.0,0.0,13.0
1682,2025-05-19,Paid,Mobile,Canada,Basic,Onboarding,6.0,22.0,2.0,0.0,Good enough for my use case,3.3,0,0,1,0.0,0.0,8.0,6.0
1683,2026-01-25,Organic,Mobile,India,Free,First Feature Use,8.0,51.0,6.0,1.0,Not blown away but not disappointed,3.0,0,1,1,0.0,1.0,0.0,3.0
1684,2025-11-29,Referral,Mobile,USA,Basic,Onboarding,7.0,21.0,3.0,0.0,It's fine for now,3.0,0,0,1,0.0,0.0,6.0,10.0
1685,2026-01-07,Paid,Desktop,USA,Free,First Feature Use,9.0,60.0,3.0,0.0,Feature updates are frequent and useful,4.4,0,1,1,1.0,0.0,0.0,11.0
1686,2025-04-12,Organic,Mobile,India,Basic,Onboarding,7.0,40.0,2.0,0.0,Room for improvement in UI,3.1,0,0,1,1.0,1.0,5.0,11.0
1687,2026-03-02,Paid,Mobile,USA,Free,Landing,1.0,12.0,0.0,0.0,Feature X is broken for weeks,1.3,0,1,0,0.0,0.0,0.0,4.0
1688,2025-02-25,Paid,Mobile,India,Free,Onboarding,6.0,22.0,2.0,0.0,Basic features work fine so far,3.6,0,1,1,2.0,,0.0,9.0
1689,2025-08-07,Paid,Tablet,India,Free,Sign-up,4.0,17.0,,0.0,Needs a few more integrations,2.9,0,1,0,0.0,0.0,0.0,8.0
1690,2025-02-03,Organic,Mobile,Canada,Free,Sign-up,4.0,23.0,0.0,2.0,Need more time before upgrading,3.8,0,1,0,1.0,0.0,0.0,6.0
1691,2025-06-06,Organic,Desktop,USA,Free,First Feature Use,11.0,64.0,6.0,0.0,Support team solved my issue quickly,4.5,0,1,1,0.0,1.0,0.0,5.0
1692,2025-09-25,Paid,Mobile,India,Free,First Feature Use,9.0,40.0,4.0,0.0,Real-time sync is fast,4.1,0,1,1,0.0,0.0,0.0,17.0
1693,2025-03-06,Organic,Mobile,USA,Free,Landing,1.0,12.0,0.0,0.0,Missing key features compared to competitors,2.2,0,1,0,0.0,0.0,0.0,3.0
1694,2025-03-26,Organic,Desktop,USA,Free,First Feature Use,7.0,32.0,7.0,1.0,Haven't used all features yet,3.2,0,1,1,1.0,0.0,0.0,15.0
1695,2026-02-19,Paid,Desktop,USA,Free,Onboarding,6.0,44.0,3.0,1.0,Works most of the time,3.8,0,1,1,0.0,0.0,0.0,10.0
1696,2026-01-07,Organic,Mobile,India,Free,Onboarding,6.0,39.0,1.0,0.0,Average experience so far,3.7,0,1,1,0.0,0.0,0.0,1.0
1697,2026-02-11,Paid,Mobile,India,Free,Landing,1.0,6.0,0.0,0.0,Missing basic integrations,1.8,0,1,0,0.0,0.0,0.0,5.0
1698,2025-09-23,Paid,Mobile,USA,Free,Onboarding,3.0,43.0,1.0,0.0,Will decide after trial ends,,0,1,1,0.0,0.0,0.0,6.0
1699,2025-02-14,Paid,Desktop,USA,Free,Landing,2.0,12.0,0.0,0.0,Pricing feels too expensive,1.2,0,1,0,0.0,0.0,0.0,2.0
1700,2026-02-10,Organic,Mobile,India,Free,Landing,1.0,6.0,0.0,0.0,Too many steps during setup process,2.0,0,1,0,0.0,0.0,0.0,5.0
1701,2025-04-23,Organic,Desktop,India,Free,First Feature Use,5.0,56.0,4.0,1.0,Works most of the time,2.8,0,1,1,2.0,0.0,,4.0
1702,2025-08-16,Organic,Mobile,India,Free,Sign-up,2.0,15.0,1.0,0.0,Export functionality is limited,1.2,0,1,0,0.0,0.0,0.0,9.0
1703,2026-01-14,Referral,Mobile,Canada,Basic,Onboarding,4.0,42.0,3.0,0.0,Will decide after trial ends,3.1,0,0,1,0.0,0.0,12.0,2.0
1704,2025-01-26,Organic,Desktop,Germany,Free,Onboarding,,38.0,3.0,0.0,Will evaluate again next month,3.4,0,1,1,2.0,0.0,0.0,
1705,2026-04-20,Referral,Tablet,USA,Free,Sign-up,4.0,19.0,1.0,0.0,Needs a few more integrations,3.7,0,1,0,1.0,0.0,0.0,7.0
1706,2025-01-12,Paid,Mobile,USA,Free,Onboarding,4.0,21.0,1.0,1.0,Works most of the time,3.9,0,1,1,2.0,1.0,0.0,10.0
1707,2025-04-29,Referral,Desktop,UK,Free,First Feature Use,8.0,47.0,6.0,0.0,"Works as expected, nothing special",3.3,0,1,1,1.0,0.0,0.0,15.0
1708,2025-01-14,Organic,Desktop,India,Free,First Feature Use,11.0,67.0,5.0,0.0,Love how everything is customisable,4.7,0,1,1,0.0,0.0,0.0,8.0
1709,2025-04-07,Organic,Desktop,USA,Basic,Onboarding,7.0,36.0,3.0,1.0,Needs a few more integrations,2.7,0,0,1,0.0,0.0,5.0,12.0
1710,2025-01-10,Referral,Tablet,India,Free,Sign-up,3.0,18.0,0.0,0.0,Average experience so far,3.0,0,1,0,0.0,,0.0,8.0
1711,2026-04-29,Organic,Mobile,USA,Free,Landing,1.0,10.0,0.0,0.0,Dashboard loads slowly,2.3,0,1,0,,0.0,0.0,2.0
1712,2026-02-27,Organic,Desktop,Germany,Free,Onboarding,4.0,41.0,3.0,0.0,Not blown away but not disappointed,3.5,0,1,1,1.0,0.0,0.0,6.0
1713,2025-06-19,Organic,Desktop,India,Free,Sign-up,3.0,22.0,1.0,0.0,Needs a few more integrations,2.9,0,1,0,0.0,0.0,0.0,5.0
1714,2026-04-05,Referral,Mobile,USA,Premium,Upgrade,22.0,116.0,19.0,2.0,Onboarding tutorial was straightforward,4.7,1,0,1,1.0,0.0,0.0,18.0
1715,2026-01-29,Paid,Mobile,USA,Free,Landing,2.0,10.0,0.0,0.0,Export functionality is limited,1.7,0,1,0,0.0,0.0,,
1716,2025-07-02,Paid,Mobile,USA,Free,Landing,1.0,14.0,0.0,0.0,The onboarding tutorial was confusing,2.0,0,1,0,,0.0,0.0,1.0
1717,2025-10-16,Paid,Desktop,India,Premium,Upgrade,20.0,127.0,18.0,0.0,Onboarding tutorial was straightforward,4.6,1,0,1,1.0,0.0,0.0,6.0
1718,2025-06-04,Organic,Desktop,India,Free,Sign-up,3.0,23.0,0.0,0.0,Similar to other tools,2.8,0,1,0,0.0,0.0,0.0,9.0
1719,2025-12-19,Paid,Mobile,UK,Free,First Feature Use,11.0,64.0,6.0,0.0,The mobile app is surprisingly good,,0,1,1,1.0,1.0,0.0,8.0
1720,2025-04-02,Organic,Mobile,USA,Free,Sign-up,3.0,11.0,0.0,1.0,Standard SaaS experience,3.3,0,1,0,1.0,0.0,0.0,
1721,2025-08-05,Referral,Mobile,USA,Free,Sign-up,3.0,23.0,0.0,0.0,Meets minimum requirements,3.6,0,1,0,0.0,0.0,0.0,4.0
1722,2025-02-13,Organic,Mobile,USA,Free,Sign-up,4.0,18.0,1.0,1.0,Similar to other tools,2.7,0,1,0,0.0,0.0,0.0,1.0
1723,2025-05-28,Organic,Mobile,USA,Free,Landing,2.0,11.0,0.0,0.0,Pricing feels too expensive,1.1,0,1,0,0.0,0.0,0.0,3.0
1724,2025-02-23,Paid,Mobile,USA,Free,First Feature Use,7.0,42.0,4.0,1.0,"Works as expected, nothing special",3.0,0,1,1,0.0,0.0,0.0,7.0
1725,2025-06-12,Organic,Desktop,USA,Free,Landing,2.0,6.0,0.0,0.0,Frequent downtime,1.9,0,1,0,0.0,0.0,0.0,6.0
1726,2025-02-18,Paid,Mobile,USA,Premium,Upgrade,24.0,68.0,18.0,2.0,Simple and effective design,4.9,1,0,1,1.0,1.0,0.0,14.0
1727,2025-05-29,Organic,Tablet,India,Free,Sign-up,3.0,10.0,1.0,0.0,Decent but not great,2.7,0,1,0,0.0,0.0,0.0,4.0
1728,2025-03-28,Organic,Mobile,Germany,Free,Sign-up,3.0,15.0,0.0,1.0,Still exploring features,3.0,0,1,0,0.0,1.0,0.0,6.0
1729,2025-10-21,Paid,Tablet,USA,Free,Sign-up,3.0,16.0,1.0,0.0,Haven't used all features yet,3.5,0,1,0,1.0,0.0,0.0,2.0
1730,2025-09-02,Paid,Mobile,India,Free,First Feature Use,8.0,,5.0,0.0,Ok for basic use,3.5,0,1,1,1.0,0.0,0.0,12.0
1731,2025-02-05,Organic,Desktop,USA,Premium,Upgrade,13.0,138.0,15.0,0.0,Great value for money,4.2,1,0,1,0.0,0.0,0.0,28.0
1732,2025-10-07,Paid,Mobile,UK,Free,First Feature Use,,40.0,7.0,1.0,Reporting module saves a lot of time,4.5,0,1,1,0.0,0.0,0.0,7.0
1733,2025-09-09,Organic,Mobile,Germany,Free,Landing,1.0,13.0,0.0,0.0,Too many steps during setup process,1.4,0,1,0,0.0,0.0,0.0,5.0
1734,2025-09-25,Organic,Mobile,USA,Free,Landing,2.0,8.0,0.0,0.0,No offline access,1.3,0,1,0,1.0,0.0,0.0,3.0
1735,2025-10-23,Organic,Mobile,USA,Free,Landing,1.0,6.0,0.0,0.0,App crashes during report export,1.1,0,1,0,0.0,0.0,0.0,5.0
1736,2025-04-22,Referral,Desktop,USA,Free,First Feature Use,5.0,62.0,7.0,1.0,Needs a few more integrations,3.9,0,1,1,0.0,0.0,0.0,14.0
1737,2025-01-25,Paid,Mobile,UK,Free,Onboarding,6.0,40.0,2.0,1.0,Not blown away but not disappointed,3.4,0,1,1,0.0,0.0,0.0,6.0
1738,2025-12-30,Organic,Tablet,India,Basic,First Feature Use,11.0,62.0,7.0,1.0,Highly recommend to other teams,4.5,0,0,1,2.0,1.0,3.0,3.0
1739,2025-09-13,Paid,Mobile,USA,Free,Onboarding,6.0,22.0,3.0,0.0,No strong opinion yet,3.2,0,1,1,1.0,0.0,0.0,6.0
1740,2026-02-18,Referral,Tablet,USA,Free,First Feature Use,7.0,62.0,4.0,1.0,Learning curve is medium,2.9,0,1,1,0.0,0.0,0.0,12.0
1741,2025-11-12,Organic,Mobile,Germany,Free,Sign-up,4.0,11.0,1.0,0.0,Need more time before upgrading,2.7,0,1,0,0.0,0.0,0.0,7.0
1742,2025-07-22,Referral,Mobile,USA,Basic,First Feature Use,8.0,38.0,5.0,0.0,Meets minimum requirements,3.3,0,0,1,0.0,,5.0,12.0
1743,2025-06-23,Organic,Mobile,USA,Free,Landing,2.0,13.0,0.0,0.0,Pricing feels too expensive,1.8,0,1,0,0.0,0.0,0.0,6.0
1744,2025-12-18,Referral,Desktop,Germany,Free,Sign-up,2.0,16.0,0.0,0.0,Email notifications are spammy,1.6,0,1,0,0.0,0.0,0.0,6.0
1745,2025-07-17,Paid,Mobile,USA,Free,Onboarding,7.0,22.0,2.0,1.0,It's fine for now,3.4,0,1,1,1.0,0.0,0.0,10.0
1746,2025-04-19,Organic,Mobile,Germany,Basic,First Feature Use,8.0,34.0,6.0,0.0,Decent but not great,3.1,0,0,1,1.0,0.0,5.0,15.0
1747,2025-04-23,Organic,Mobile,Canada,Free,Sign-up,3.0,16.0,0.0,,It's fine for now,2.7,0,1,0,1.0,0.0,0.0,9.0
1748,2025-08-21,Referral,Mobile,USA,Free,Onboarding,7.0,28.0,2.0,2.0,Still exploring features,3.3,0,1,1,0.0,0.0,0.0,12.0
1749,2026-04-05,Paid,Desktop,UK,Premium,Upgrade,19.0,107.0,12.0,1.0,Helped our team productivity,4.7,1,0,1,0.0,0.0,0.0,11.0
1750,2025-07-27,Paid,Mobile,UK,Basic,Upgrade,24.0,87.0,15.0,1.0,Highly recommend to other teams,4.7,1,0,1,1.0,0.0,0.0,8.0
1751,2025-03-25,Organic,Desktop,Germany,Premium,Upgrade,10.0,141.0,19.0,0.0,Feature updates are frequent and useful,4.4,1,0,1,0.0,0.0,0.0,1.0
1752,2025-06-26,Organic,Desktop,USA,Free,First Feature Use,5.0,68.0,7.0,0.0,Haven't used all features yet,3.7,0,1,1,0.0,0.0,0.0,18.0
1753,2025-06-23,Organic,Desktop,India,Free,Sign-up,2.0,11.0,0.0,0.0,App crashes during report export,1.2,0,1,0,1.0,0.0,0.0,3.0
1754,2025-09-30,Organic,Mobile,Canada,Free,Sign-up,4.0,14.0,1.0,0.0,"Works as expected, nothing special",3.9,0,1,0,0.0,0.0,0.0,8.0
1755,2025-03-14,Paid,Mobile,India,Free,Sign-up,4.0,23.0,0.0,0.0,"Works as expected, nothing special",3.5,0,1,0,0.0,0.0,0.0,3.0
1756,2025-08-27,Referral,Tablet,Germany,Free,Onboarding,3.0,25.0,2.0,1.0,Needs a few more integrations,3.5,0,1,1,2.0,0.0,0.0,6.0
1757,2026-03-12,Paid,Mobile,India,Free,First Feature Use,6.0,55.0,7.0,0.0,Decent but not great,3.7,0,1,1,0.0,2.0,0.0,19.0
1758,2025-03-05,Organic,Mobile,Germany,Free,Landing,1.0,14.0,0.0,0.0,No dark mode,2.4,0,1,0,0.0,0.0,0.0,
1759,2025-01-14,Paid,Desktop,USA,Premium,Upgrade,23.0,83.0,8.0,0.0,Very intuitive UI,4.1,1,0,1,0.0,0.0,0.0,10.0
1760,2025-11-14,Referral,Mobile,India,Free,Sign-up,4.0,12.0,0.0,1.0,Decent but not great,3.3,0,1,0,0.0,0.0,0.0,9.0
1761,2025-02-28,Paid,Mobile,India,Free,Landing,1.0,9.0,0.0,0.0,Mobile UI is cluttered,2.2,0,1,0,0.0,0.0,0.0,5.0
1762,2025-08-20,Paid,Mobile,USA,Free,First Feature Use,6.0,55.0,3.0,1.0,Standard SaaS experience,3.6,0,1,1,1.0,0.0,0.0,3.0
1763,2025-09-13,Referral,Mobile,USA,Free,Landing,1.0,10.0,0.0,0.0,App crashes during report export,2.3,0,1,0,0.0,0.0,0.0,4.0
1764,2025-11-15,Paid,Mobile,UK,Free,Onboarding,4.0,40.0,3.0,0.0,Not sure if I'll continue,,0,1,1,1.0,0.0,0.0,12.0
1765,2025-05-06,Organic,Mobile,USA,Free,Sign-up,2.0,23.0,1.0,0.0,No dark mode,1.8,0,1,0,0.0,0.0,0.0,6.0
1766,2025-10-20,Organic,Mobile,USA,Premium,Upgrade,24.0,107.0,14.0,1.0,Data export works perfectly,4.6,1,0,1,1.0,0.0,0.0,3.0
1767,2025-09-17,Referral,Desktop,USA,Free,Onboarding,3.0,24.0,1.0,0.0,Good enough for my use case,3.5,0,1,1,0.0,1.0,0.0,3.0
1768,2025-01-14,Paid,Desktop,Canada,Free,Sign-up,2.0,24.0,1.0,0.0,Missing basic integrations,1.8,0,1,0,0.0,0.0,0.0,
1769,2025-11-03,Organic,Desktop,USA,Free,Sign-up,2.0,19.0,0.0,0.0,The onboarding tutorial was confusing,2.2,0,1,0,0.0,0.0,0.0,1.0
1770,2025-10-11,Paid,Mobile,India,Free,Sign-up,2.0,21.0,0.0,0.0,Data sync is unreliable,1.5,0,1,0,0.0,1.0,0.0,6.0
1771,2025-05-06,Paid,Desktop,USA,Free,First Feature Use,11.0,30.0,7.0,3.0,Highly recommend to other teams,4.8,0,1,1,0.0,0.0,0.0,15.0
1772,2025-09-09,Referral,Desktop,UK,Free,Sign-up,4.0,11.0,0.0,0.0,Decent but not great,2.6,0,1,0,0.0,0.0,0.0,6.0
1773,2025-04-23,Organic,Desktop,UK,Free,Onboarding,3.0,27.0,1.0,0.0,Still exploring features,2.7,0,1,1,1.0,0.0,0.0,11.0
1774,2025-01-27,Paid,Desktop,UK,Free,Onboarding,7.0,25.0,3.0,0.0,Will decide after trial ends,3.5,0,1,1,0.0,0.0,0.0,1.0
1775,2025-03-27,Referral,Mobile,India,Free,Onboarding,5.0,44.0,,0.0,Need more time before upgrading,3.1,0,1,1,0.0,0.0,0.0,1.0
1776,2025-03-17,Organic,Desktop,India,Free,Onboarding,6.0,37.0,1.0,1.0,Will evaluate again next month,3.8,0,1,1,0.0,1.0,0.0,3.0
1777,2026-03-02,Organic,Desktop,India,Basic,Onboarding,7.0,38.0,1.0,0.0,No strong opinion yet,3.0,0,0,1,1.0,0.0,9.0,3.0
1778,2025-12-17,Referral,Mobile,USA,Free,Sign-up,2.0,22.0,0.0,0.0,Too many bugs on mobile,1.6,0,1,0,0.0,0.0,0.0,8.0
1779,2025-04-24,,Mobile,India,Free,Sign-up,4.0,23.0,1.0,0.0,Basic features work fine so far,4.0,0,1,0,0.0,0.0,0.0,6.0
1780,2025-06-27,Paid,Mobile,USA,Free,Onboarding,4.0,27.0,3.0,,Not sure if I'll continue,2.5,0,1,1,,1.0,0.0,9.0
1781,2025-11-19,Paid,Mobile,USA,Free,Onboarding,6.0,25.0,3.0,1.0,It's fine for now,3.6,0,1,1,0.0,0.0,0.0,7.0
1782,2025-11-10,Organic,Tablet,Germany,Free,First Feature Use,11.0,56.0,5.0,1.0,Highly recommend to other teams,4.0,0,1,1,0.0,0.0,0.0,4.0
1783,2026-02-10,Referral,Desktop,Germany,Basic,First Feature Use,9.0,66.0,4.0,0.0,Integration with Slack was seamless,4.8,0,0,1,0.0,1.0,4.0,19.0
1784,2025-06-21,Organic,Mobile,USA,Free,First Feature Use,11.0,51.0,6.0,1.0,Feature updates are frequent and useful,4.9,0,1,1,0.0,0.0,0.0,5.0
1785,2025-10-15,Organic,Mobile,Germany,Free,First Feature Use,6.0,38.0,5.0,0.0,"Works as expected, nothing special",3.9,0,1,1,1.0,0.0,0.0,6.0
1786,2025-09-11,Organic,Desktop,India,Free,Sign-up,2.0,15.0,1.0,0.0,The onboarding tutorial was confusing,1.9,0,1,0,0.0,0.0,0.0,7.0
1787,2026-03-20,Organic,Mobile,USA,Free,Landing,2.0,5.0,0.0,0.0,Dashboard loads slowly,2.3,0,1,0,0.0,0.0,0.0,5.0
1788,2025-10-01,Referral,Mobile,USA,Free,Sign-up,3.0,11.0,0.0,0.0,Room for improvement in UI,3.7,0,1,0,0.0,0.0,0.0,9.0
1789,2025-06-10,Paid,Mobile,Canada,Free,First Feature Use,5.0,59.0,4.0,0.0,Standard SaaS experience,3.1,0,1,1,0.0,0.0,0.0,6.0
1790,2026-02-19,Referral,Mobile,India,Free,First Feature Use,5.0,36.0,4.0,0.0,Not blown away but not disappointed,3.9,0,1,1,0.0,0.0,0.0,18.0
1791,2025-12-29,Organic,Mobile,USA,Free,Sign-up,2.0,19.0,1.0,0.0,Too many steps during setup process,1.3,0,1,0,,1.0,0.0,7.0
1792,2025-01-20,Paid,Desktop,UK,Basic,Upgrade,10.0,133.0,12.0,0.0,Great value for money,4.0,1,0,1,1.0,0.0,0.0,7.0
1793,2025-09-23,Paid,Mobile,UK,Free,Landing,1.0,13.0,0.0,0.0,Steep learning curve,,0,1,0,0.0,,0.0,3.0
1794,2025-12-03,Referral,Mobile,UK,Free,Onboarding,6.0,27.0,1.0,0.0,Similar to other tools,3.4,0,1,1,0.0,0.0,0.0,3.0
1795,2026-01-16,Paid,Desktop,UK,Basic,First Feature Use,7.0,32.0,4.0,1.0,Standard SaaS experience,3.7,0,0,1,1.0,,5.0,4.0
1796,2025-01-21,Organic,Desktop,UK,Basic,Upgrade,24.0,104.0,7.0,1.0,Helped our team productivity,4.3,1,0,1,0.0,1.0,0.0,9.0
1797,2025-08-25,Organic,Mobile,India,Free,Sign-up,2.0,14.0,1.0,0.0,Feature X is broken for weeks,2.1,0,1,0,0.0,0.0,0.0,5.0
1798,2025-01-14,Organic,Desktop,Germany,Free,Sign-up,3.0,12.0,0.0,0.0,"Works as expected, nothing special",3.0,0,1,0,0.0,0.0,0.0,4.0
1799,2025-12-12,Paid,Tablet,Canada,Free,Onboarding,5.0,21.0,2.0,0.0,Haven't used all features yet,2.7,0,1,1,2.0,0.0,0.0,1.0
1800,2025-05-09,Referral,Tablet,India,Free,Landing,2.0,8.0,0.0,0.0,The onboarding tutorial was confusing,1.7,0,1,0,0.0,0.0,0.0,2.0
1801,2025-12-02,Organic,Desktop,Germany,Free,Sign-up,4.0,20.0,0.0,1.0,Basic features work fine so far,3.0,0,1,0,0.0,0.0,0.0,2.0
1802,2025-05-26,Organic,Desktop,Germany,Free,Landing,1.0,12.0,0.0,0.0,No offline access,2.2,0,1,0,0.0,0.0,0.0,2.0
1803,2025-03-25,Organic,Mobile,USA,Free,Onboarding,3.0,34.0,3.0,0.0,Needs a few more integrations,2.6,0,1,1,0.0,0.0,0.0,8.0
1804,2026-02-19,Paid,Desktop,Germany,Free,Onboarding,7.0,26.0,1.0,0.0,It's fine for now,3.8,0,1,1,1.0,2.0,0.0,3.0
1805,2025-02-20,Organic,Desktop,USA,Premium,Upgrade,17.0,139.0,9.0,0.0,Love the reporting features,4.2,1,0,1,1.0,0.0,0.0,9.0
1806,2025-04-14,Organic,Mobile,USA,Free,Landing,1.0,13.0,0.0,0.0,Steep learning curve,2.0,0,1,0,0.0,0.0,0.0,2.0
1807,2026-01-12,Organic,Mobile,UK,Free,First Feature Use,7.0,54.0,4.0,2.0,Still exploring features,2.8,0,1,1,2.0,0.0,0.0,13.0
1808,2026-04-21,Paid,Desktop,UK,Basic,Upgrade,13.0,89.0,10.0,0.0,Data export works perfectly,4.3,1,0,1,,0.0,0.0,14.0
1809,2025-12-27,Paid,Tablet,UK,Basic,First Feature Use,6.0,49.0,5.0,0.0,Works most of the time,3.1,0,0,1,1.0,1.0,6.0,1.0
1810,2026-04-16,Paid,Mobile,India,Free,Onboarding,5.0,25.0,2.0,0.0,Room for improvement in UI,3.1,0,1,1,0.0,0.0,0.0,6.0
1811,2025-08-31,Organic,Mobile,USA,Free,Sign-up,3.0,10.0,1.0,0.0,Still exploring features,3.8,0,1,0,1.0,0.0,0.0,7.0
1812,2026-03-11,Paid,Desktop,Canada,Premium,Upgrade,17.0,76.0,14.0,0.0,Integration with Slack was seamless,4.6,1,0,1,0.0,0.0,0.0,
1813,2025-10-16,Organic,Mobile,USA,Free,Sign-up,2.0,12.0,1.0,0.0,Pricing too high for small businesses,1.7,0,1,0,0.0,0.0,0.0,2.0
1814,2025-08-14,Organic,Desktop,Germany,Free,First Feature Use,10.0,47.0,3.0,0.0,Onboarding tutorial was straightforward,4.4,0,1,1,3.0,0.0,,8.0
1815,2025-08-29,Paid,Mobile,USA,Free,Landing,2.0,14.0,0.0,0.0,Frequent downtime,2.4,0,1,0,0.0,0.0,0.0,4.0
1816,2025-04-16,Organic,Mobile,UK,Free,Onboarding,5.0,43.0,2.0,0.0,"Works as expected, nothing special",2.7,0,1,1,2.0,0.0,0.0,8.0
1817,2026-01-29,Paid,Desktop,USA,Basic,Onboarding,6.0,27.0,2.0,0.0,Room for improvement in UI,2.6,0,0,1,0.0,0.0,8.0,4.0
1818,2025-10-30,Organic,Mobile,India,Free,First Feature Use,8.0,55.0,6.0,0.0,Standard SaaS experience,3.6,0,1,1,0.0,0.0,0.0,5.0
1819,2025-08-28,Organic,Mobile,USA,Free,Landing,1.0,12.0,0.0,,Pricing too high for small businesses,2.1,0,1,0,0.0,0.0,0.0,6.0
1820,2025-04-24,Referral,Mobile,USA,Free,First Feature Use,5.0,63.0,3.0,1.0,Works most of the time,3.1,0,1,1,0.0,0.0,0.0,10.0
1821,2025-12-16,Paid,Mobile,USA,Free,First Feature Use,5.0,45.0,3.0,0.0,Not sure if I'll continue,3.2,0,1,1,,0.0,0.0,19.0
1822,2025-04-30,Paid,Desktop,UK,Basic,Upgrade,24.0,65.0,11.0,0.0,Automated reports are a lifesaver,5.0,1,0,1,1.0,1.0,0.0,11.0
1823,2025-12-11,Referral,Mobile,Canada,Free,First Feature Use,6.0,44.0,5.0,2.0,Learning curve is medium,3.8,0,1,1,0.0,0.0,0.0,7.0
1824,2026-01-12,Paid,Mobile,USA,Free,Sign-up,4.0,15.0,0.0,1.0,It's fine for now,4.0,0,1,0,0.0,0.0,0.0,1.0
1825,2025-08-12,Paid,Mobile,India,Basic,Onboarding,5.0,25.0,2.0,2.0,Could be better but not terrible,2.7,0,0,1,3.0,1.0,10.0,1.0
1826,2025-06-19,Paid,Mobile,India,Free,Onboarding,3.0,32.0,1.0,2.0,Average experience so far,3.8,0,1,1,0.0,0.0,0.0,7.0
1827,2025-11-19,Organic,Desktop,USA,Free,Landing,1.0,14.0,0.0,0.0,Customer support unhelpful,1.2,0,1,0,0.0,0.0,,6.0
1828,2025-07-31,Organic,Mobile,USA,Free,First Feature Use,11.0,32.0,4.0,0.0,Helped our team productivity,4.2,0,1,1,1.0,0.0,0.0,7.0
1829,2025-10-15,Paid,Desktop,USA,Free,First Feature Use,11.0,65.0,3.0,1.0,The mobile app is surprisingly good,4.9,0,1,1,1.0,0.0,0.0,1.0
1830,2025-01-23,Organic,Mobile,USA,Free,Onboarding,4.0,20.0,2.0,0.0,Not sure if I'll continue,3.0,0,1,1,0.0,0.0,0.0,1.0
1831,2025-01-02,Organic,Mobile,USA,Free,Onboarding,5.0,30.0,2.0,0.0,Still evaluating whether premium is worth it,4.0,0,1,1,0.0,0.0,0.0,12.0
1832,2025-07-08,Organic,Desktop,USA,Free,First Feature Use,7.0,61.0,6.0,0.0,Needs a few more integrations,2.5,0,1,1,2.0,1.0,0.0,9.0
1833,2026-01-29,Organic,Desktop,USA,Free,Sign-up,3.0,11.0,0.0,,Decent but not great,3.3,0,1,0,0.0,0.0,0.0,7.0
1834,2025-06-22,Organic,Tablet,India,Free,Sign-up,,22.0,,0.0,Room for improvement in UI,3.4,0,1,0,0.0,0.0,,6.0
1835,2026-03-04,Organic,Mobile,India,Free,Sign-up,4.0,22.0,1.0,1.0,Needs a few more integrations,3.4,0,1,0,0.0,0.0,0.0,3.0
1836,2025-11-19,Organic,Mobile,India,Free,First Feature Use,11.0,52.0,6.0,2.0,Data export works perfectly,4.2,0,1,1,1.0,0.0,0.0,14.0
1837,2025-06-17,Organic,Desktop,UK,Free,Landing,1.0,5.0,0.0,0.0,Pricing too high for small businesses,1.9,0,1,0,0.0,0.0,0.0,2.0
1838,2025-04-10,Paid,Mobile,USA,Free,Landing,2.0,10.0,0.0,,No offline access,1.1,0,1,0,1.0,0.0,0.0,5.0
1839,2025-09-12,Organic,Desktop,USA,Free,Landing,1.0,7.0,0.0,0.0,The onboarding tutorial was confusing,2.2,0,1,0,1.0,0.0,0.0,6.0
1840,2026-01-14,Referral,Desktop,USA,Free,First Feature Use,10.0,48.0,5.0,1.0,The dashboard analytics are extremely useful,4.5,0,1,1,1.0,1.0,0.0,5.0
1841,2025-02-08,Referral,Tablet,UK,Premium,Upgrade,24.0,73.0,9.0,,Real-time sync is fast,4.4,1,0,1,0.0,0.0,0.0,7.0
1842,2025-07-20,Paid,Desktop,Germany,Free,First Feature Use,9.0,32.0,3.0,2.0,Analytics dashboard is insightful,,0,1,1,1.0,0.0,0.0,9.0
1843,2025-03-04,Paid,Mobile,USA,Premium,Upgrade,11.0,107.0,12.0,0.0,Automated reports are a lifesaver,4.0,1,0,1,0.0,1.0,0.0,29.0
1844,2026-02-02,Organic,Desktop,USA,Free,Landing,1.0,,0.0,0.0,Customer support unhelpful,2.0,0,1,0,0.0,0.0,0.0,4.0
1845,2025-09-14,Organic,Mobile,India,Free,Onboarding,6.0,38.0,2.0,0.0,Decent but not great,2.8,0,1,1,0.0,0.0,0.0,
1846,2025-07-15,Referral,Mobile,India,Premium,Upgrade,18.0,128.0,19.0,1.0,The dashboard analytics are extremely useful,4.6,1,0,1,3.0,0.0,0.0,8.0
1847,2025-04-02,Organic,Mobile,USA,Free,First Feature Use,6.0,52.0,6.0,2.0,Need more time before upgrading,3.1,0,1,1,4.0,1.0,0.0,6.0
1848,2025-05-01,Referral,Mobile,USA,Premium,Upgrade,12.0,101.0,17.0,0.0,The API documentation is clear,4.3,1,0,1,0.0,0.0,0.0,10.0
1849,2025-03-10,Paid,Desktop,Germany,Free,First Feature Use,10.0,35.0,5.0,0.0,Integration with Slack was seamless,4.3,0,1,1,1.0,1.0,,15.0
1850,2025-07-13,Organic,Tablet,USA,Premium,Upgrade,14.0,123.0,7.0,0.0,Analytics dashboard is insightful,4.7,1,0,1,1.0,1.0,0.0,12.0
1851,2026-04-29,Paid,Desktop,UK,Free,Onboarding,5.0,37.0,1.0,0.0,Haven't used all features yet,3.7,0,1,1,1.0,0.0,0.0,13.0
1852,2026-03-16,Paid,Mobile,Germany,Premium,Upgrade,21.0,144.0,9.0,0.0,Support team solved my issue quickly,4.0,1,0,1,2.0,2.0,0.0,7.0
1853,2026-04-23,Organic,Desktop,Germany,Free,Sign-up,2.0,14.0,1.0,1.0,Feature X is broken for weeks,2.3,0,1,0,0.0,0.0,,4.0
1854,2026-02-26,,Desktop,USA,Free,Landing,1.0,13.0,0.0,0.0,Billing system is confusing,1.2,0,1,0,0.0,0.0,0.0,
1855,2025-03-06,Paid,Desktop,USA,Basic,Upgrade,19.0,75.0,8.0,1.0,Love how everything is customisable,4.6,1,0,1,1.0,0.0,0.0,6.0
1856,2025-11-07,Paid,Desktop,USA,Free,Landing,2.0,11.0,0.0,0.0,Dashboard loads slowly,2.0,0,1,0,0.0,0.0,0.0,2.0
1857,2025-09-23,Organic,Desktop,UK,Free,Landing,1.0,12.0,0.0,0.0,Too many steps during setup process,2.1,0,1,0,2.0,0.0,0.0,3.0
1858,2025-05-15,Organic,Mobile,UK,Free,Landing,1.0,7.0,0.0,0.0,Mobile app crashes while exporting reports,1.2,0,1,0,0.0,0.0,0.0,4.0
1859,2025-08-05,Referral,Tablet,Canada,Free,First Feature Use,8.0,32.0,3.0,1.0,Will evaluate again next month,3.0,0,1,1,0.0,1.0,0.0,18.0
1860,2025-07-09,Paid,Tablet,UK,Free,Landing,2.0,10.0,0.0,0.0,The onboarding tutorial was confusing,2.3,0,1,0,0.0,0.0,0.0,1.0
1861,2025-12-19,Paid,Desktop,UK,Basic,Upgrade,21.0,144.0,11.0,0.0,Saves me hours every week,4.5,1,0,1,0.0,1.0,0.0,4.0
1862,2026-02-04,Referral,Mobile,USA,Free,First Feature Use,11.0,42.0,6.0,0.0,Mobile experience is smooth,4.5,0,1,1,0.0,0.0,0.0,6.0
1863,2025-08-26,Organic,Desktop,USA,Free,Landing,1.0,5.0,0.0,0.0,Pricing too high for small businesses,2.1,0,1,0,0.0,0.0,0.0,1.0
1864,2025-03-13,Paid,Mobile,USA,Free,First Feature Use,8.0,48.0,3.0,1.0,Learning curve is medium,3.2,0,1,1,0.0,0.0,0.0,4.0
1865,2025-01-28,Referral,Desktop,USA,Basic,Onboarding,6.0,42.0,2.0,0.0,Average experience so far,3.4,0,0,1,0.0,0.0,13.0,13.0
1866,2025-06-20,Paid,Desktop,India,Free,Onboarding,5.0,35.0,1.0,0.0,Will evaluate again next month,2.5,0,1,1,0.0,1.0,0.0,6.0
1867,2025-02-10,Organic,Mobile,UK,Free,Landing,1.0,13.0,0.0,0.0,App crashes during report export,1.2,0,1,0,0.0,0.0,0.0,4.0
1868,2026-04-14,Organic,Mobile,USA,Free,Sign-up,3.0,10.0,0.0,0.0,No strong opinion yet,2.6,0,1,0,0.0,0.0,0.0,7.0
1869,2025-05-16,Paid,Desktop,USA,Free,Onboarding,4.0,44.0,2.0,0.0,Will decide after trial ends,3.3,0,1,1,0.0,0.0,,4.0
1870,2025-11-28,Organic,Desktop,USA,Free,Sign-up,2.0,15.0,0.0,0.0,Too many bugs on mobile,2.4,0,1,0,0.0,0.0,0.0,2.0
1871,2025-06-27,Referral,Desktop,USA,Free,First Feature Use,7.0,44.0,7.0,0.0,Not sure if I'll continue,2.8,0,1,1,0.0,2.0,0.0,17.0
1872,2025-09-01,Organic,Mobile,Germany,Free,Landing,1.0,6.0,0.0,,Missing key features compared to competitors,2.2,0,1,0,0.0,0.0,0.0,3.0
1873,2025-12-07,Organic,Desktop,Germany,Free,Sign-up,3.0,23.0,0.0,0.0,Needs a few more integrations,2.7,0,1,0,0.0,0.0,0.0,1.0
1874,2026-02-26,Organic,Mobile,USA,Free,Landing,1.0,7.0,0.0,0.0,Mobile UI is cluttered,2.5,0,1,0,0.0,0.0,0.0,5.0
1875,2025-09-30,Paid,Desktop,India,Free,Onboarding,5.0,28.0,1.0,1.0,It's fine for now,4.0,0,1,1,0.0,0.0,0.0,3.0
1876,2026-04-01,Referral,Mobile,USA,Premium,Upgrade,22.0,85.0,11.0,0.0,The mobile app is surprisingly good,4.8,1,0,1,0.0,,0.0,10.0
1877,2025-04-28,Paid,Desktop,USA,Free,First Feature Use,7.0,53.0,5.0,1.0,Not blown away but not disappointed,2.9,0,1,1,1.0,0.0,0.0,19.0
1878,2025-07-12,Referral,Mobile,India,Free,Onboarding,7.0,36.0,3.0,0.0,Similar to other tools,3.0,0,1,1,0.0,0.0,0.0,7.0
1879,2025-12-08,Organic,Tablet,USA,Free,Onboarding,3.0,43.0,2.0,0.0,Basic features work fine so far,3.5,0,1,1,0.0,0.0,0.0,8.0
1880,2026-04-15,Organic,Desktop,USA,Basic,Upgrade,10.0,131.0,13.0,0.0,Support team solved my issue quickly,4.5,1,0,1,0.0,0.0,0.0,27.0
1881,2026-02-08,Referral,Desktop,USA,Premium,Upgrade,15.0,117.0,10.0,1.0,Highly recommend to other teams,4.1,1,0,1,0.0,2.0,0.0,23.0
1882,2026-03-06,Referral,Mobile,USA,Free,Onboarding,7.0,30.0,1.0,0.0,Works most of the time,2.7,0,1,1,0.0,0.0,0.0,2.0
1883,2025-02-28,Referral,Desktop,USA,Basic,First Feature Use,5.0,34.0,5.0,0.0,Haven't used all features yet,3.6,0,1,1,1.0,1.0,0.0,6.0
1884,2025-10-04,Paid,Mobile,USA,Free,Onboarding,6.0,39.0,1.0,1.0,Standard SaaS experience,3.2,0,1,1,0.0,0.0,0.0,13.0
1885,2026-04-26,Organic,Mobile,USA,Free,Landing,1.0,12.0,0.0,0.0,UI feels outdated,1.7,0,1,0,0.0,0.0,0.0,6.0
1886,2025-07-18,Organic,Desktop,India,Free,Sign-up,4.0,22.0,1.0,0.0,Could be better but not terrible,,0,1,0,1.0,0.0,0.0,8.0
1887,2025-01-16,Referral,Desktop,USA,Free,Onboarding,6.0,21.0,2.0,0.0,Haven't used all features yet,2.8,0,1,1,0.0,1.0,0.0,1.0
1888,2025-01-07,,Mobile,USA,Free,Onboarding,4.0,30.0,2.0,0.0,Room for improvement in UI,3.7,0,1,1,1.0,0.0,0.0,
1889,2025-08-13,Organic,Mobile,USA,Free,Onboarding,5.0,33.0,1.0,0.0,Good enough for my use case,,0,1,1,3.0,0.0,,2.0
1890,2025-09-12,Paid,Desktop,Germany,Free,Sign-up,4.0,14.0,1.0,0.0,Basic features work fine so far,2.7,0,1,0,0.0,0.0,0.0,2.0
1891,2025-04-10,Organic,Desktop,USA,Free,Landing,1.0,14.0,0.0,0.0,Email notifications are spammy,2.1,0,1,0,0.0,0.0,0.0,2.0
1892,2026-02-26,Referral,Mobile,Germany,Free,Sign-up,,20.0,1.0,1.0,Dashboard loads slowly,1.4,0,1,0,0.0,0.0,0.0,
1893,2026-04-15,Organic,Tablet,USA,Free,Onboarding,6.0,21.0,1.0,0.0,Could be better but not terrible,3.2,0,1,1,,0.0,0.0,10.0
1894,2026-01-30,Paid,Tablet,Germany,Basic,Upgrade,21.0,78.0,11.0,0.0,Analytics dashboard is insightful,4.5,1,0,1,1.0,1.0,0.0,27.0
1895,2026-03-16,Paid,Mobile,USA,Free,Sign-up,3.0,16.0,0.0,0.0,Basic features work fine so far,2.9,0,1,0,0.0,0.0,0.0,8.0
1896,2026-02-05,Paid,Mobile,USA,Free,First Feature Use,9.0,40.0,4.0,2.0,The dashboard analytics are extremely useful,4.5,0,1,1,0.0,0.0,0.0,3.0
1897,2025-05-31,Paid,Desktop,UK,Basic,Upgrade,19.0,104.0,7.0,0.0,Reporting module saves a lot of time,4.7,1,0,1,0.0,0.0,0.0,14.0
1898,2025-08-08,Organic,Tablet,UK,Free,Sign-up,2.0,18.0,1.0,0.0,Support response time is slow,1.7,0,1,0,0.0,0.0,0.0,2.0
1899,2025-05-21,Paid,Desktop,UK,Free,Onboarding,4.0,25.0,2.0,0.0,Works most of the time,3.8,0,1,1,1.0,0.0,0.0,12.0
1900,2025-09-06,Paid,Mobile,USA,Free,First Feature Use,7.0,56.0,4.0,0.0,Still exploring features,2.9,0,1,1,1.0,0.0,0.0,19.0
1901,2025-04-10,Paid,Mobile,USA,Free,Sign-up,4.0,10.0,1.0,0.0,Not blown away but not disappointed,3.5,0,1,0,1.0,0.0,0.0,7.0
1902,2025-10-31,Organic,Mobile,UK,Free,Landing,2.0,11.0,0.0,0.0,Steep learning curve,2.0,0,1,0,0.0,0.0,0.0,6.0
1903,2026-01-07,Organic,Desktop,Germany,Free,Landing,2.0,10.0,0.0,0.0,Pricing feels too expensive,2.0,0,1,0,0.0,,0.0,1.0
1904,2026-02-11,Organic,Mobile,Canada,Free,First Feature Use,8.0,54.0,3.0,0.0,Still exploring features,3.2,0,1,1,0.0,0.0,0.0,12.0
1905,2026-02-03,Paid,Mobile,UK,Free,Sign-up,3.0,14.0,1.0,0.0,Good enough for my use case,3.6,0,1,0,0.0,0.0,0.0,6.0
1906,2025-08-01,Organic,Mobile,USA,Free,Sign-up,4.0,20.0,1.0,0.0,Decent but not great,2.8,0,1,0,0.0,0.0,0.0,5.0
1907,2026-04-19,Referral,Mobile,USA,Free,Onboarding,7.0,29.0,3.0,1.0,It's fine for now,4.0,0,1,1,2.0,0.0,0.0,11.0
1908,2025-08-13,Paid,Mobile,India,Free,Sign-up,3.0,11.0,1.0,0.0,Needs a few more integrations,4.0,0,1,0,0.0,0.0,0.0,8.0
1909,2025-04-15,Paid,Mobile,India,Free,Sign-up,4.0,17.0,0.0,0.0,Will decide after trial ends,3.5,0,1,0,0.0,0.0,0.0,5.0
1910,2025-07-13,Referral,Desktop,Germany,Basic,First Feature Use,6.0,45.0,3.0,1.0,Will decide after trial ends,3.9,0,0,1,0.0,0.0,2.0,3.0
1911,2025-08-21,Organic,Mobile,UK,Free,Sign-up,4.0,15.0,1.0,1.0,Meets minimum requirements,3.7,0,1,0,1.0,0.0,0.0,8.0
1912,2026-03-02,Referral,Desktop,Germany,Basic,First Feature Use,11.0,63.0,7.0,0.0,Worth every penny,4.4,0,0,1,0.0,0.0,2.0,9.0
1913,2026-04-22,Paid,Mobile,India,Free,First Feature Use,6.0,39.0,3.0,0.0,No strong opinion yet,,0,1,1,0.0,1.0,0.0,13.0
1914,2025-11-08,Referral,Mobile,UK,Premium,Upgrade,,145.0,11.0,1.0,Simple and effective design,4.4,1,0,1,0.0,0.0,0.0,18.0
1915,2025-11-10,Referral,Mobile,India,Free,Sign-up,4.0,18.0,1.0,0.0,Average experience so far,3.8,0,1,0,0.0,0.0,0.0,1.0
1916,2025-11-24,Organic,Mobile,USA,Free,Sign-up,4.0,22.0,1.0,0.0,Works most of the time,3.5,0,1,0,1.0,,0.0,2.0
1917,2026-01-13,Organic,Mobile,UK,Free,Landing,2.0,7.0,0.0,0.0,Customer support unhelpful,1.9,0,1,0,0.0,0.0,0.0,6.0
1918,2025-09-29,Paid,Desktop,Canada,Free,Onboarding,4.0,22.0,3.0,1.0,Average experience so far,3.0,0,1,1,1.0,0.0,0.0,1.0
1919,2025-01-13,Paid,Mobile,USA,Free,First Feature Use,9.0,33.0,6.0,1.0,Simple and effective design,4.5,0,1,1,2.0,1.0,0.0,10.0
1920,2025-02-19,Organic,Mobile,India,Free,Sign-up,4.0,21.0,1.0,0.0,Still exploring features,2.7,0,1,0,0.0,0.0,0.0,6.0
1921,2026-03-10,Organic,Desktop,USA,Free,Sign-up,3.0,23.0,1.0,0.0,Good enough for my use case,2.7,0,1,0,0.0,0.0,0.0,5.0
1922,2025-09-26,Organic,Mobile,India,Free,Landing,1.0,10.0,0.0,0.0,No offline access,2.4,0,1,0,1.0,0.0,0.0,6.0
1923,2025-04-07,Paid,Desktop,India,Premium,Upgrade,24.0,62.0,14.0,0.0,Support team solved my issue quickly,5.0,1,0,1,0.0,0.0,0.0,18.0
1924,2025-01-09,Referral,Mobile,Germany,Basic,First Feature Use,7.0,54.0,7.0,0.0,"Works as expected, nothing special",3.5,0,0,1,0.0,1.0,7.0,17.0
1925,2025-04-29,Paid,Mobile,India,Free,First Feature Use,9.0,43.0,6.0,1.0,Best SaaS tool I've used,4.9,0,1,1,0.0,3.0,0.0,3.0
1926,2025-12-08,Organic,Desktop,USA,Free,Onboarding,4.0,44.0,3.0,1.0,No strong opinion yet,3.3,0,1,1,0.0,0.0,0.0,6.0
1927,2025-05-05,Organic,Tablet,USA,Free,First Feature Use,9.0,48.0,3.0,4.0,Analytics dashboard is insightful,4.6,0,1,1,0.0,0.0,0.0,17.0
1928,2025-03-31,Organic,Mobile,India,Basic,Upgrade,15.0,113.0,16.0,0.0,Best SaaS tool I've used,4.1,1,0,1,0.0,0.0,0.0,3.0
1929,2025-12-20,Paid,Mobile,USA,Free,Landing,2.0,5.0,0.0,0.0,Feature X is broken for weeks,2.0,0,1,0,0.0,0.0,0.0,1.0
1930,2026-04-04,Referral,Mobile,India,Free,Sign-up,3.0,20.0,1.0,0.0,Decent but not great,2.6,0,1,0,1.0,0.0,0.0,2.0
1931,2026-01-01,Organic,Mobile,USA,Premium,Upgrade,19.0,110.0,7.0,0.0,Worth every penny,4.7,1,0,1,1.0,0.0,0.0,15.0
1932,2025-03-07,Paid,Tablet,Germany,Basic,Onboarding,7.0,31.0,1.0,0.0,Will decide after trial ends,3.7,0,0,1,1.0,0.0,5.0,5.0
1933,2025-05-06,Referral,Mobile,USA,Basic,Upgrade,16.0,93.0,17.0,0.0,The dashboard analytics are extremely useful,4.1,1,0,1,0.0,0.0,0.0,5.0
1934,2026-04-20,Referral,Desktop,Germany,Free,Landing,1.0,10.0,,0.0,Too many bugs on mobile,2.0,0,1,0,1.0,0.0,0.0,3.0
1935,2025-10-02,Organic,Mobile,India,Free,Landing,1.0,13.0,,0.0,No offline access,1.9,0,1,0,0.0,0.0,0.0,2.0
1936,2025-07-10,Organic,Desktop,USA,Free,Sign-up,3.0,16.0,0.0,0.0,Still evaluating whether premium is worth it,3.9,0,1,0,0.0,0.0,0.0,1.0
1937,2025-08-25,Organic,Mobile,UK,Free,First Feature Use,11.0,34.0,7.0,0.0,The mobile app is surprisingly good,4.2,0,1,1,0.0,0.0,0.0,6.0
1938,2025-01-23,Paid,Desktop,Germany,Free,Onboarding,7.0,31.0,2.0,1.0,Could be better but not terrible,2.7,0,1,1,0.0,0.0,0.0,7.0
1939,2025-07-08,Referral,Mobile,India,Free,Landing,2.0,6.0,0.0,0.0,Pricing feels too expensive,1.5,0,1,0,0.0,0.0,0.0,5.0
1940,2025-02-16,Organic,Desktop,USA,Free,Sign-up,3.0,19.0,1.0,0.0,Room for improvement in UI,2.9,0,1,0,0.0,0.0,0.0,9.0
1941,2025-05-25,Organic,Desktop,Canada,Free,Landing,1.0,11.0,0.0,0.0,Missing key features compared to competitors,1.7,0,1,0,0.0,0.0,0.0,5.0
1942,2026-03-23,Referral,Mobile,USA,Free,Sign-up,4.0,12.0,0.0,,Still exploring features,3.2,0,1,0,0.0,0.0,0.0,9.0
1943,2026-02-21,Paid,Desktop,USA,Free,Landing,1.0,8.0,0.0,0.0,Export functionality is limited,1.6,0,1,0,0.0,0.0,0.0,3.0
1944,2026-04-23,Referral,Desktop,India,Free,First Feature Use,9.0,44.0,4.0,0.0,Integration with Slack was seamless,4.2,0,1,1,2.0,0.0,0.0,12.0
1945,2026-04-16,Organic,Desktop,USA,Free,Landing,1.0,6.0,0.0,,Frequent downtime,1.5,0,1,0,0.0,0.0,0.0,4.0
1946,2026-04-10,Organic,Mobile,UK,Basic,First Feature Use,11.0,39.0,5.0,0.0,Reporting module saves a lot of time,4.5,0,0,1,0.0,0.0,4.0,9.0
1947,2025-04-22,Organic,Desktop,India,Free,Landing,2.0,13.0,0.0,0.0,Billing system is confusing,2.0,0,1,0,0.0,0.0,0.0,5.0
1948,2025-09-07,Organic,Desktop,UK,Premium,Upgrade,15.0,108.0,9.0,0.0,The mobile app is surprisingly good,4.9,1,0,1,0.0,0.0,0.0,15.0
1949,2025-01-13,Paid,Mobile,USA,Free,Sign-up,4.0,11.0,1.0,0.0,Average experience so far,4.0,0,1,0,0.0,0.0,0.0,7.0
1950,2026-04-05,Organic,Mobile,UK,Free,Landing,2.0,14.0,0.0,0.0,Data sync is unreliable,2.2,0,1,0,0.0,0.0,0.0,5.0
1951,2025-06-03,Organic,Tablet,UK,Free,Landing,1.0,8.0,0.0,0.0,Customer support unhelpful,2.4,0,1,0,0.0,0.0,0.0,5.0
1952,2025-01-07,Referral,Mobile,UK,Free,First Feature Use,9.0,57.0,6.0,0.0,Automated reports are a lifesaver,4.2,0,1,1,0.0,1.0,0.0,19.0
1953,2025-04-13,Organic,Mobile,India,Free,Landing,2.0,10.0,0.0,0.0,UI feels outdated,1.1,0,1,0,0.0,0.0,0.0,2.0
1954,2025-03-03,Paid,Mobile,USA,Free,First Feature Use,5.0,35.0,5.0,0.0,Room for improvement in UI,2.5,0,1,1,0.0,0.0,0.0,9.0
1955,2025-01-20,Organic,Desktop,India,Premium,Upgrade,18.0,96.0,12.0,1.0,Great value for money,4.0,1,0,1,0.0,0.0,,17.0
1956,2026-03-10,Referral,Tablet,India,Premium,Upgrade,13.0,101.0,16.0,,The API documentation is clear,4.6,1,0,1,0.0,0.0,0.0,27.0
1957,2025-03-04,Organic,Tablet,India,Free,Landing,1.0,5.0,0.0,0.0,Billing system is confusing,1.0,0,1,0,2.0,0.0,0.0,6.0
1958,2025-11-12,Paid,Desktop,UK,Free,Landing,,9.0,0.0,0.0,The onboarding tutorial was confusing,1.4,0,1,0,1.0,0.0,0.0,2.0
1959,2025-04-27,Organic,Mobile,USA,Free,Sign-up,2.0,18.0,1.0,0.0,Mobile UI is cluttered,2.2,0,1,0,0.0,0.0,0.0,6.0
1960,2025-05-14,Organic,Mobile,USA,Free,Landing,,9.0,0.0,,Steep learning curve,2.2,0,1,0,0.0,0.0,0.0,5.0
1961,2025-06-09,Paid,Mobile,India,Basic,Onboarding,4.0,40.0,1.0,1.0,Will decide after trial ends,3.9,0,0,1,0.0,1.0,5.0,11.0
1962,2025-02-25,Organic,Mobile,USA,Free,Landing,1.0,11.0,0.0,0.0,UI feels outdated,1.1,0,1,0,1.0,0.0,0.0,5.0
1963,2025-03-22,Organic,Mobile,USA,Free,Landing,1.0,7.0,0.0,0.0,Data sync is unreliable,2.3,0,1,0,0.0,0.0,0.0,4.0
1964,2025-02-14,Referral,Desktop,UK,Basic,Onboarding,7.0,31.0,3.0,0.0,Ok for basic use,3.6,0,0,1,1.0,0.0,5.0,12.0
1965,2025-08-12,Referral,Desktop,India,Free,Sign-up,3.0,10.0,1.0,1.0,Still exploring features,3.7,0,1,0,0.0,0.0,0.0,
1966,2026-04-02,Organic,Desktop,USA,Free,Sign-up,2.0,24.0,1.0,0.0,Dashboard loads slowly,2.4,0,1,0,0.0,1.0,0.0,4.0
1967,2025-11-15,Organic,Tablet,Canada,Free,Sign-up,2.0,22.0,0.0,0.0,Customer support unhelpful,1.0,0,1,0,1.0,0.0,0.0,4.0
1968,2025-06-26,Organic,Tablet,USA,Free,Landing,2.0,12.0,0.0,0.0,Feature X is broken for weeks,2.1,0,1,0,0.0,0.0,0.0,4.0
1969,2025-02-24,Organic,Desktop,UK,Free,First Feature Use,11.0,40.0,5.0,,Customer support was excellent,4.4,0,1,1,1.0,0.0,0.0,1.0
1970,2025-07-18,Referral,Mobile,UK,Premium,Upgrade,13.0,97.0,8.0,0.0,Integration with Slack was seamless,4.5,1,0,1,0.0,1.0,0.0,29.0
1971,2025-04-12,Paid,Mobile,USA,Basic,Upgrade,11.0,99.0,,0.0,Onboarding tutorial was straightforward,4.3,1,0,1,1.0,1.0,0.0,22.0
1972,2026-01-16,Paid,Mobile,Germany,Free,Onboarding,3.0,33.0,2.0,1.0,Similar to other tools,2.8,0,1,1,0.0,0.0,0.0,7.0
1973,2026-02-08,Referral,Mobile,USA,Free,Sign-up,2.0,24.0,1.0,0.0,Steep learning curve,1.9,0,1,0,1.0,0.0,0.0,6.0
1974,2025-08-21,Paid,Mobile,USA,Free,Onboarding,5.0,44.0,3.0,2.0,Decent but not great,2.8,0,1,1,3.0,0.0,0.0,9.0
1975,2026-02-05,Paid,Tablet,India,Basic,Onboarding,4.0,35.0,3.0,0.0,Needs a few more integrations,2.9,0,0,1,1.0,0.0,12.0,7.0
1976,2025-03-25,Organic,Mobile,India,Free,Landing,2.0,10.0,0.0,0.0,Dashboard loads slowly,1.1,0,1,0,0.0,0.0,0.0,4.0
1977,2025-07-11,Organic,Mobile,Canada,Free,Onboarding,7.0,43.0,2.0,1.0,Good enough for my use case,3.1,0,1,1,0.0,0.0,0.0,13.0
1978,2026-01-29,Paid,Desktop,USA,Free,First Feature Use,10.0,,4.0,1.0,Mobile experience is smooth,4.1,0,1,1,2.0,0.0,0.0,8.0
1979,2025-12-22,Organic,Desktop,USA,Free,Landing,2.0,10.0,0.0,0.0,Too many steps during setup process,1.4,0,1,0,1.0,0.0,0.0,6.0
1980,2025-05-01,Organic,Mobile,USA,Free,Sign-up,2.0,20.0,1.0,0.0,Frequent downtime,,0,1,0,0.0,0.0,0.0,7.0
1981,2025-07-25,Organic,Mobile,India,Free,Landing,1.0,6.0,0.0,1.0,Frequent downtime,1.7,0,1,0,3.0,0.0,0.0,2.0
1982,2025-04-02,Organic,Tablet,UK,Free,Onboarding,6.0,28.0,1.0,0.0,Not blown away but not disappointed,2.6,0,1,1,0.0,0.0,0.0,7.0
1983,2025-12-07,Paid,Mobile,Canada,Basic,Onboarding,3.0,38.0,3.0,1.0,Learning curve is medium,3.8,0,0,1,1.0,0.0,10.0,4.0
1984,2026-02-11,Paid,Desktop,India,Free,Onboarding,3.0,29.0,3.0,0.0,Decent but not great,3.8,0,1,1,0.0,0.0,0.0,9.0
1985,2025-10-23,Organic,Mobile,Germany,Free,Sign-up,4.0,16.0,1.0,0.0,Average experience so far,3.8,0,1,0,0.0,0.0,0.0,9.0
1986,2025-08-18,Organic,Mobile,Canada,Free,Sign-up,2.0,15.0,0.0,0.0,Too many steps during setup process,1.3,0,1,0,0.0,0.0,0.0,3.0
1987,2026-03-16,Paid,Mobile,USA,Free,Sign-up,4.0,17.0,0.0,0.0,Not sure if I'll continue,3.4,0,1,0,0.0,0.0,0.0,4.0
1988,2026-01-26,Organic,Desktop,USA,Free,Landing,1.0,8.0,0.0,0.0,Missing key features compared to competitors,2.1,0,1,0,1.0,0.0,0.0,5.0
1989,2025-08-29,Paid,Desktop,USA,Basic,First Feature Use,11.0,48.0,5.0,1.0,Love the reporting features,4.6,0,0,1,1.0,0.0,5.0,13.0
1990,2025-03-18,Paid,Mobile,USA,Free,Onboarding,7.0,38.0,1.0,0.0,Not sure if I'll continue,3.3,0,1,1,0.0,0.0,0.0,8.0
1991,2025-02-09,Organic,Mobile,UK,Free,Sign-up,4.0,19.0,0.0,0.0,Haven't used all features yet,3.4,0,1,0,0.0,0.0,0.0,7.0
1992,2026-02-05,Paid,Mobile,USA,Free,Sign-up,3.0,23.0,1.0,0.0,Learning curve is medium,3.6,0,1,0,0.0,0.0,0.0,3.0
1993,2025-04-27,Paid,Desktop,USA,Free,First Feature Use,10.0,60.0,5.0,1.0,Great value for money,4.1,0,1,1,2.0,0.0,0.0,16.0
1994,2025-09-01,Organic,Mobile,USA,Free,First Feature Use,11.0,66.0,7.0,0.0,Helped our team productivity,4.6,0,1,1,1.0,0.0,0.0,17.0
1995,2025-12-03,Organic,Mobile,USA,Free,Sign-up,2.0,,0.0,0.0,Missing key features compared to competitors,1.6,0,1,0,0.0,1.0,0.0,3.0
1996,2025-04-23,Referral,Mobile,USA,Free,Landing,1.0,5.0,0.0,,Mobile UI is cluttered,2.2,0,1,0,0.0,0.0,0.0,6.0
1997,2025-05-08,Organic,Mobile,USA,Free,Sign-up,2.0,17.0,0.0,0.0,Dashboard loads slowly,2.4,0,1,0,0.0,0.0,0.0,2.0
1998,2025-06-21,Referral,Desktop,USA,Basic,First Feature Use,11.0,56.0,7.0,0.0,Support team solved my issue quickly,4.7,0,0,1,2.0,0.0,6.0,9.0
1999,2025-03-18,Paid,Desktop,USA,Free,Sign-up,4.0,10.0,1.0,0.0,Still exploring features,3.6,0,1,0,0.0,0.0,0.0,4.0
2000,2026-04-17,Organic,Mobile,India,Free,Sign-up,2.0,18.0,0.0,0.0,UI feels outdated,1.4,0,1,0,0.0,0.0,0.0,2.0
2001,2025-07-11,Organic,Mobile,USA,Free,Sign-up,2.0,11.0,0.0,0.0,Frequent downtime,2.3,0,1,0,1.0,1.0,0.0,1.0
2002,2025-02-05,Paid,Mobile,Germany,Free,Onboarding,5.0,40.0,3.0,1.0,Needs a few more integrations,3.3,0,1,1,0.0,0.0,0.0,2.0
2003,2025-05-12,Organic,Mobile,UK,Free,Sign-up,3.0,23.0,0.0,0.0,Not blown away but not disappointed,3.6,0,1,0,0.0,0.0,0.0,5.0
2004,2025-10-04,Paid,Desktop,USA,Free,Sign-up,2.0,17.0,0.0,0.0,Mobile UI is cluttered,1.1,0,1,0,1.0,1.0,0.0,5.0
2005,2025-09-10,Referral,Mobile,UK,Premium,Upgrade,15.0,102.0,7.0,1.0,Support team solved my issue quickly,5.0,1,0,1,0.0,0.0,0.0,6.0
2006,2025-10-20,Referral,Mobile,USA,Free,Landing,,7.0,0.0,0.0,Pricing too high for small businesses,2.2,0,1,0,0.0,0.0,0.0,4.0
2007,2025-06-27,Organic,Mobile,USA,Basic,Upgrade,23.0,148.0,19.0,1.0,Real-time sync is fast,4.8,1,0,1,0.0,0.0,0.0,27.0
2008,2025-04-06,Referral,Desktop,India,Free,Sign-up,2.0,23.0,1.0,0.0,Pricing feels too expensive,1.2,0,1,0,0.0,0.0,0.0,9.0
2009,2026-03-04,Referral,Desktop,Germany,Free,Onboarding,7.0,25.0,1.0,0.0,It's fine for now,3.4,0,1,1,1.0,0.0,0.0,4.0
2010,2026-01-29,Referral,Desktop,Canada,Free,Onboarding,6.0,28.0,1.0,1.0,Works most of the time,3.8,0,1,1,0.0,0.0,0.0,6.0
2011,2025-11-22,Paid,Desktop,India,Free,Sign-up,4.0,21.0,1.0,0.0,Good enough for my use case,3.6,0,1,0,0.0,0.0,0.0,1.0
2012,2026-01-26,Paid,Desktop,USA,Free,Sign-up,4.0,12.0,0.0,0.0,Works most of the time,2.7,0,1,0,0.0,0.0,0.0,6.0
2013,2025-01-09,Paid,Desktop,USA,Free,First Feature Use,5.0,56.0,5.0,1.0,Need more time before upgrading,3.1,0,1,1,0.0,0.0,0.0,4.0
2014,2025-04-12,Organic,Mobile,India,Basic,Onboarding,4.0,25.0,1.0,1.0,Basic features work fine so far,2.9,0,0,1,0.0,0.0,5.0,3.0
2015,2025-08-10,Referral,Mobile,India,Basic,Onboarding,5.0,39.0,1.0,1.0,It's fine for now,3.8,0,0,1,3.0,0.0,12.0,9.0
2016,2026-03-24,Organic,Tablet,USA,Free,Landing,1.0,,0.0,0.0,Trial period too short,2.2,0,1,0,1.0,0.0,0.0,1.0
2017,2025-04-11,Organic,Tablet,Germany,Free,Sign-up,2.0,20.0,1.0,2.0,Mobile UI is cluttered,1.3,0,1,0,1.0,0.0,0.0,3.0
2018,2026-01-12,Referral,Desktop,USA,Basic,Upgrade,13.0,135.0,13.0,0.0,Customer support was excellent,4.6,1,0,1,1.0,0.0,0.0,13.0
2019,2025-09-18,Organic,Desktop,UK,Free,Sign-up,4.0,10.0,1.0,0.0,Good enough for my use case,2.6,0,1,0,0.0,0.0,0.0,9.0
2020,2025-02-03,Referral,Mobile,Canada,Basic,First Feature Use,6.0,58.0,7.0,1.0,Similar to other tools,,0,1,1,0.0,0.0,0.0,8.0
2021,2025-07-21,Paid,Mobile,Germany,Free,Landing,1.0,10.0,0.0,0.0,No offline access,1.7,0,1,0,1.0,0.0,0.0,5.0
2022,2025-07-09,Organic,Tablet,India,Free,First Feature Use,6.0,50.0,3.0,0.0,Meets minimum requirements,3.1,0,1,1,0.0,1.0,0.0,9.0
2023,2026-01-20,Organic,Desktop,USA,Premium,Upgrade,16.0,85.0,7.0,0.0,Best SaaS tool I've used,4.0,1,0,1,0.0,0.0,0.0,28.0
2024,2025-07-18,,Mobile,USA,Free,Onboarding,6.0,25.0,1.0,1.0,Similar to other tools,3.5,0,1,1,0.0,1.0,0.0,9.0
2025,2025-04-16,Paid,Mobile,USA,Free,Onboarding,7.0,27.0,3.0,0.0,Standard SaaS experience,3.7,0,1,1,0.0,1.0,0.0,6.0
2026,2025-11-18,Referral,Mobile,India,Free,First Feature Use,5.0,68.0,4.0,0.0,Need more time before upgrading,3.4,0,1,1,0.0,0.0,0.0,11.0
2027,2026-02-04,Referral,Mobile,UK,Premium,Upgrade,,141.0,12.0,0.0,Mobile experience is smooth,4.1,1,0,1,1.0,1.0,0.0,13.0
2028,2025-10-16,Organic,Mobile,UK,Free,Onboarding,4.0,27.0,3.0,0.0,Room for improvement in UI,3.0,0,1,1,0.0,0.0,0.0,1.0
2029,2025-06-11,Organic,Desktop,USA,Free,First Feature Use,10.0,68.0,4.0,,Easy onboarding experience,4.7,0,1,1,1.0,0.0,0.0,6.0
2030,2025-12-16,Referral,Mobile,USA,Free,First Feature Use,9.0,50.0,6.0,0.0,Integration with Slack was seamless,4.8,0,1,1,1.0,1.0,0.0,18.0
2031,2025-06-27,Paid,Desktop,UK,Premium,Upgrade,24.0,140.0,10.0,0.0,Data export works perfectly,4.3,1,0,1,1.0,0.0,0.0,21.0
2032,2026-04-01,Organic,Desktop,Germany,Free,Onboarding,3.0,27.0,3.0,0.0,Needs a few more integrations,2.5,0,1,1,1.0,0.0,,5.0
2033,2025-10-15,Referral,Desktop,USA,Free,Landing,1.0,7.0,0.0,0.0,No offline access,1.7,0,1,0,0.0,0.0,0.0,6.0
2034,2025-11-16,Referral,Desktop,India,Basic,First Feature Use,10.0,63.0,6.0,0.0,Highly recommend to other teams,4.1,0,0,1,2.0,0.0,,2.0
2035,2025-07-21,Paid,Desktop,USA,Premium,Upgrade,14.0,119.0,7.0,0.0,The dashboard analytics are extremely useful,4.5,1,0,1,2.0,0.0,0.0,9.0
2036,2025-09-15,Organic,Desktop,India,Free,Landing,2.0,13.0,0.0,0.0,Feature X is broken for weeks,2.2,0,1,0,0.0,0.0,0.0,3.0
2037,2025-02-16,Paid,Mobile,Germany,Free,Onboarding,7.0,25.0,2.0,1.0,Ok for basic use,3.2,0,1,1,0.0,0.0,0.0,1.0
2038,2025-04-19,Paid,Tablet,USA,Free,Sign-up,2.0,17.0,0.0,0.0,Email notifications are spammy,2.0,0,1,0,0.0,0.0,0.0,6.0
2039,2026-04-25,Referral,Mobile,USA,Free,Landing,2.0,13.0,0.0,0.0,App crashes during report export,1.8,0,1,0,1.0,0.0,0.0,5.0
2040,2025-10-22,Referral,Tablet,USA,Premium,Upgrade,14.0,76.0,11.0,0.0,Onboarding tutorial was straightforward,4.6,1,0,1,0.0,0.0,0.0,12.0
2041,2025-07-28,Paid,Mobile,USA,Free,Onboarding,3.0,42.0,2.0,0.0,Still exploring features,3.3,0,1,1,0.0,0.0,0.0,4.0
2042,2025-08-12,Paid,Mobile,India,Premium,Upgrade,22.0,77.0,15.0,0.0,Mobile experience is smooth,4.9,1,0,1,0.0,0.0,,23.0
2043,2025-04-11,Referral,Mobile,USA,Basic,Upgrade,12.0,115.0,11.0,0.0,Great value for money,5.0,1,0,1,0.0,1.0,0.0,6.0
2044,2026-01-11,Organic,Desktop,USA,Free,Onboarding,5.0,35.0,1.0,0.0,Will decide after trial ends,3.5,0,1,1,0.0,1.0,0.0,2.0
2045,2025-01-29,Organic,Mobile,India,Free,Landing,1.0,10.0,0.0,1.0,Trial period too short,1.1,0,1,0,0.0,0.0,0.0,3.0
2046,2025-02-18,Referral,Desktop,UK,Premium,Upgrade,17.0,65.0,14.0,0.0,Love the reporting features,4.1,1,0,1,1.0,1.0,0.0,13.0
2047,2025-11-30,Organic,Desktop,USA,Free,Sign-up,4.0,20.0,0.0,0.0,Room for improvement in UI,2.5,0,1,0,0.0,0.0,0.0,6.0
2048,2025-08-04,Organic,Mobile,UK,Premium,Upgrade,10.0,138.0,19.0,1.0,The mobile app is surprisingly good,4.2,1,0,1,0.0,0.0,0.0,20.0
2049,2026-04-29,Organic,Desktop,India,Free,Landing,2.0,7.0,0.0,0.0,Missing basic integrations,1.1,0,1,0,0.0,0.0,0.0,5.0
2050,2025-02-21,Organic,Mobile,USA,Free,Landing,1.0,12.0,0.0,0.0,Email notifications are spammy,1.8,0,1,0,0.0,0.0,0.0,2.0
2051,2025-01-13,Organic,Mobile,UK,Free,Sign-up,3.0,12.0,0.0,0.0,Will evaluate again next month,2.7,0,1,0,1.0,0.0,0.0,1.0
2052,2025-07-07,Organic,Desktop,India,Free,First Feature Use,11.0,34.0,3.0,0.0,Love the reporting features,4.2,0,1,1,1.0,0.0,0.0,4.0
2053,2025-02-05,Referral,Mobile,USA,Free,Onboarding,5.0,21.0,1.0,2.0,Works most of the time,2.9,0,1,1,0.0,1.0,0.0,5.0
2054,2025-08-01,Paid,Tablet,India,Free,Landing,2.0,12.0,0.0,0.0,Customer support unhelpful,2.0,0,1,0,0.0,0.0,0.0,1.0
2055,2026-03-12,Paid,Desktop,India,Basic,First Feature Use,9.0,36.0,4.0,1.0,Customer support was excellent,4.0,0,0,1,0.0,1.0,4.0,5.0
2056,2025-12-03,Organic,Desktop,India,Free,Landing,2.0,7.0,0.0,0.0,Pricing feels too expensive,2.3,0,1,0,1.0,0.0,0.0,
2057,2025-05-02,Paid,Desktop,India,Premium,Upgrade,12.0,110.0,12.0,0.0,The API documentation is clear,4.8,1,0,1,0.0,1.0,0.0,14.0
2058,2025-05-07,Paid,Desktop,India,Basic,Onboarding,3.0,28.0,2.0,2.0,It's fine for now,3.2,0,0,1,0.0,0.0,10.0,13.0
2059,2025-10-14,Paid,Mobile,India,Free,Onboarding,7.0,43.0,2.0,0.0,Still exploring features,4.0,0,1,1,0.0,0.0,0.0,1.0
2060,2026-01-15,Organic,Mobile,India,Free,Landing,2.0,5.0,0.0,0.0,Too many steps during setup process,1.8,0,1,0,0.0,0.0,0.0,4.0
2061,2026-03-19,Organic,Mobile,USA,Free,Onboarding,5.0,33.0,2.0,0.0,Works most of the time,3.8,0,1,1,0.0,0.0,0.0,4.0
2062,2025-08-19,Referral,Desktop,USA,Free,Onboarding,6.0,34.0,2.0,0.0,Basic features work fine so far,2.6,0,1,1,1.0,1.0,0.0,9.0
2063,2025-04-14,Paid,Mobile,USA,Free,First Feature Use,11.0,35.0,7.0,0.0,Integration with Slack was seamless,5.0,0,1,1,0.0,1.0,0.0,4.0
2064,2025-04-20,Paid,Tablet,USA,Free,Sign-up,4.0,16.0,0.0,0.0,Room for improvement in UI,2.6,0,1,0,0.0,0.0,0.0,2.0
2065,2025-12-29,Paid,Mobile,USA,Free,Landing,2.0,9.0,0.0,0.0,Too many bugs on mobile,1.4,0,1,0,0.0,0.0,0.0,2.0
2066,2026-01-17,Organic,Mobile,USA,Free,Sign-up,3.0,11.0,1.0,0.0,Meets minimum requirements,3.9,0,1,0,0.0,0.0,0.0,6.0
2067,2026-03-25,Paid,Mobile,Canada,Free,Sign-up,4.0,17.0,0.0,0.0,Room for improvement in UI,3.9,0,1,0,0.0,0.0,0.0,2.0
2068,2025-07-17,Organic,Desktop,Canada,Premium,Upgrade,23.0,68.0,,0.0,Highly recommend to other teams,4.2,1,0,1,1.0,0.0,0.0,1.0
2069,2026-04-28,Paid,Tablet,India,Free,Sign-up,3.0,21.0,0.0,1.0,Need more time before upgrading,2.8,0,1,0,1.0,0.0,0.0,7.0
2070,2025-03-28,Referral,Mobile,Canada,Free,Sign-up,2.0,21.0,0.0,0.0,Email notifications are spammy,1.9,0,1,0,1.0,1.0,0.0,8.0
2071,2025-05-21,Paid,Desktop,Canada,Free,Sign-up,3.0,18.0,1.0,0.0,Similar to other tools,2.6,0,1,0,0.0,0.0,0.0,7.0
2072,2025-07-23,Organic,Mobile,Germany,Free,Landing,2.0,11.0,0.0,0.0,Cannot customize reports enough,2.3,0,1,0,0.0,0.0,0.0,6.0
2073,2026-03-19,Organic,Desktop,USA,Free,Landing,2.0,,0.0,0.0,App crashes during report export,1.1,0,1,0,0.0,,0.0,1.0
2074,2025-12-05,Paid,Mobile,USA,Basic,Onboarding,3.0,34.0,2.0,0.0,Standard SaaS experience,3.2,0,0,1,0.0,1.0,5.0,4.0
2075,2026-02-26,Referral,Mobile,UK,Free,Onboarding,,41.0,2.0,0.0,Not blown away but not disappointed,3.3,0,1,1,0.0,1.0,0.0,13.0
2076,2026-02-03,Paid,Desktop,USA,Basic,Onboarding,4.0,31.0,3.0,0.0,Not blown away but not disappointed,2.5,0,0,1,0.0,0.0,10.0,12.0
2077,2026-01-31,Paid,Desktop,India,Free,Onboarding,6.0,36.0,3.0,0.0,Could be better but not terrible,3.5,0,1,1,0.0,0.0,0.0,6.0
2078,2025-12-12,Organic,Mobile,USA,Free,Onboarding,6.0,24.0,2.0,1.0,Standard SaaS experience,3.6,0,1,1,0.0,0.0,0.0,5.0
2079,2025-05-07,,Mobile,USA,Free,Sign-up,3.0,19.0,,0.0,"Works as expected, nothing special",2.7,0,1,0,0.0,,0.0,8.0
2080,2025-04-18,Paid,Desktop,USA,Free,Sign-up,3.0,20.0,1.0,0.0,Works most of the time,2.8,0,1,0,0.0,0.0,0.0,7.0
2081,2025-05-10,Referral,Desktop,UK,Free,Sign-up,4.0,24.0,,0.0,Could be better but not terrible,3.8,0,1,0,1.0,0.0,0.0,7.0
2082,2026-03-26,Organic,Tablet,UK,Free,First Feature Use,11.0,64.0,7.0,0.0,Onboarding tutorial was straightforward,4.2,0,1,1,1.0,1.0,,13.0
2083,2025-04-26,Paid,Desktop,India,Free,Sign-up,3.0,15.0,1.0,0.0,"Works as expected, nothing special",3.8,0,1,0,,0.0,0.0,9.0
2084,2025-06-11,Organic,Tablet,USA,Free,Landing,2.0,6.0,0.0,0.0,App crashes during report export,2.5,0,1,0,0.0,0.0,0.0,4.0
2085,2025-02-26,Paid,Mobile,UK,Free,Sign-up,4.0,18.0,1.0,0.0,Need more time before upgrading,2.9,0,1,0,1.0,0.0,0.0,1.0
2086,2025-01-02,Referral,Mobile,India,Free,Onboarding,5.0,23.0,2.0,2.0,Need more time before upgrading,2.5,0,1,1,0.0,0.0,0.0,11.0
2087,2025-01-27,Organic,Mobile,India,Basic,Onboarding,3.0,,1.0,0.0,No strong opinion yet,3.2,0,0,1,0.0,0.0,14.0,12.0
2088,2025-11-06,Organic,Mobile,USA,Free,Landing,1.0,11.0,0.0,0.0,Email notifications are spammy,1.8,0,1,0,1.0,0.0,0.0,3.0
2089,2025-08-02,Paid,Desktop,USA,Free,Sign-up,2.0,15.0,1.0,0.0,UI feels outdated,1.3,0,1,0,0.0,0.0,0.0,4.0
2090,2025-03-19,Paid,Desktop,USA,Free,Sign-up,3.0,15.0,1.0,0.0,Average experience so far,3.1,0,1,0,0.0,0.0,0.0,3.0
2091,2025-04-08,Organic,Mobile,India,Free,Sign-up,3.0,19.0,1.0,0.0,Not sure if I'll continue,3.7,0,1,0,1.0,1.0,0.0,3.0
2092,2025-05-01,Organic,Mobile,USA,Premium,Upgrade,12.0,61.0,12.0,0.0,Easy onboarding experience,4.1,1,0,1,0.0,0.0,0.0,21.0
2093,2025-06-02,Paid,Desktop,USA,Free,First Feature Use,7.0,51.0,6.0,0.0,Could be better but not terrible,3.7,0,1,1,2.0,0.0,0.0,1.0
2094,2025-08-25,Referral,Desktop,USA,Basic,Onboarding,4.0,38.0,3.0,1.0,Need more time before upgrading,3.4,0,0,1,0.0,0.0,12.0,9.0
2095,2025-01-13,Organic,Mobile,India,Free,Landing,2.0,8.0,0.0,2.0,No dark mode,1.7,0,1,0,0.0,0.0,0.0,5.0
2096,2025-01-21,,Desktop,UK,Basic,Onboarding,7.0,25.0,3.0,0.0,Not blown away but not disappointed,3.5,0,0,1,0.0,0.0,11.0,12.0
2097,2026-01-08,Organic,Mobile,UK,Free,Onboarding,,43.0,1.0,0.0,Works most of the time,2.9,0,1,1,0.0,0.0,0.0,5.0
2098,2026-01-16,Organic,Tablet,UK,Free,Landing,2.0,14.0,0.0,0.0,Trial period too short,2.2,0,1,0,0.0,0.0,0.0,3.0
2099,2025-11-21,Organic,Tablet,USA,Basic,Upgrade,,65.0,19.0,1.0,Love the reporting features,4.1,1,0,1,0.0,0.0,0.0,22.0
2100,2025-07-07,Referral,Mobile,USA,Free,First Feature Use,6.0,65.0,3.0,0.0,"Works as expected, nothing special",2.6,0,1,1,,0.0,0.0,16.0
2101,2025-10-31,Organic,Mobile,USA,Free,Sign-up,4.0,16.0,1.0,0.0,Good enough for my use case,2.8,0,1,0,0.0,0.0,0.0,9.0
2102,2026-03-22,Paid,Desktop,USA,Free,First Feature Use,11.0,51.0,3.0,1.0,Easy onboarding experience,4.8,0,1,1,1.0,1.0,0.0,13.0
2103,2025-12-28,Paid,Mobile,Germany,Premium,Upgrade,12.0,130.0,13.0,0.0,Simple and effective design,4.8,1,0,1,0.0,0.0,0.0,21.0
2104,2025-01-14,Referral,Mobile,UK,Basic,First Feature Use,,30.0,7.0,1.0,Easy onboarding experience,4.4,0,1,1,1.0,0.0,0.0,8.0
2105,2025-02-24,Referral,Tablet,India,Free,Onboarding,4.0,40.0,2.0,2.0,Will evaluate again next month,2.7,0,1,1,0.0,0.0,0.0,2.0
2106,2025-02-07,Paid,Mobile,USA,Free,Onboarding,7.0,42.0,1.0,0.0,No strong opinion yet,3.8,0,1,1,0.0,0.0,0.0,6.0
2107,2026-03-27,Referral,Mobile,USA,Free,First Feature Use,11.0,66.0,7.0,0.0,Feature updates are frequent and useful,4.1,0,1,1,1.0,0.0,0.0,14.0
2108,2025-02-18,Paid,Desktop,USA,Free,Landing,2.0,5.0,0.0,0.0,Too many bugs on mobile,1.7,0,1,0,0.0,0.0,0.0,4.0
2109,2025-07-06,Referral,Mobile,India,Basic,Upgrade,19.0,142.0,11.0,0.0,Analytics dashboard is insightful,4.2,1,0,1,0.0,0.0,0.0,2.0
2110,2025-10-22,Organic,Mobile,USA,Free,First Feature Use,8.0,47.0,6.0,0.0,Standard SaaS experience,2.8,0,1,1,1.0,0.0,0.0,17.0
2111,2026-01-19,Organic,Mobile,USA,Free,Sign-up,4.0,21.0,0.0,1.0,It's fine for now,3.9,0,1,0,0.0,0.0,0.0,5.0
2112,2025-08-12,Paid,Mobile,India,Free,First Feature Use,8.0,34.0,3.0,0.0,Room for improvement in UI,3.9,0,1,1,1.0,0.0,0.0,
2113,2025-11-22,Organic,Desktop,Canada,Free,Sign-up,3.0,11.0,0.0,0.0,Not blown away but not disappointed,,0,1,0,0.0,0.0,0.0,5.0
2114,2026-02-07,Organic,Tablet,USA,Basic,First Feature Use,9.0,57.0,6.0,0.0,Support team solved my issue quickly,4.1,0,0,1,2.0,0.0,4.0,1.0
2115,2025-10-07,Paid,Desktop,USA,Free,Onboarding,5.0,34.0,1.0,0.0,Not blown away but not disappointed,3.8,0,1,1,2.0,0.0,0.0,9.0
2116,2025-08-21,Organic,Mobile,USA,Free,Landing,1.0,13.0,0.0,0.0,Pricing feels too expensive,1.2,0,1,0,,0.0,0.0,1.0
2117,2025-12-22,Paid,Mobile,India,Free,First Feature Use,7.0,65.0,6.0,0.0,Could be better but not terrible,2.9,0,1,1,5.0,0.0,0.0,1.0
2118,2025-02-12,Organic,Desktop,USA,Free,First Feature Use,11.0,65.0,5.0,0.0,Feature updates are frequent and useful,4.4,0,1,1,0.0,0.0,0.0,8.0
2119,2025-12-27,Referral,Desktop,UK,Free,Onboarding,3.0,35.0,3.0,0.0,Could be better but not terrible,2.8,0,1,1,0.0,0.0,0.0,5.0
2120,2025-10-08,Referral,Desktop,UK,Free,First Feature Use,10.0,36.0,5.0,0.0,Data export works perfectly,4.4,0,1,1,2.0,0.0,0.0,2.0
2121,2025-07-25,Referral,Desktop,USA,Free,Onboarding,4.0,31.0,1.0,1.0,Not blown away but not disappointed,2.9,0,1,1,0.0,1.0,0.0,2.0
2122,2026-02-21,Organic,Mobile,USA,Free,Sign-up,4.0,11.0,1.0,0.0,Not blown away but not disappointed,2.9,0,1,0,0.0,0.0,0.0,6.0
2123,2026-01-03,Paid,Mobile,USA,Premium,Upgrade,20.0,96.0,14.0,1.0,Customer support was excellent,4.7,1,0,1,1.0,1.0,0.0,20.0
2124,2025-12-03,Referral,Desktop,USA,Free,Onboarding,4.0,36.0,2.0,0.0,Basic features work fine so far,3.1,0,1,1,2.0,0.0,0.0,10.0
2125,2025-06-18,Referral,Tablet,USA,Free,Onboarding,6.0,31.0,2.0,3.0,Works most of the time,3.9,0,1,1,0.0,0.0,0.0,4.0
2126,2025-12-24,Paid,Mobile,UK,Free,Landing,1.0,8.0,0.0,0.0,Frequent downtime,1.1,0,1,0,0.0,0.0,0.0,6.0
2127,2026-01-18,Organic,Mobile,India,Free,Landing,1.0,5.0,0.0,0.0,Pricing feels too expensive,1.0,0,1,0,0.0,0.0,0.0,6.0
2128,2025-05-25,Paid,Mobile,USA,Free,Landing,1.0,7.0,0.0,0.0,No offline access,1.9,0,1,0,0.0,0.0,0.0,4.0
2129,2026-03-23,Paid,Mobile,UK,Free,First Feature Use,10.0,55.0,6.0,0.0,Helped our team productivity,4.2,0,1,1,0.0,0.0,0.0,8.0
2130,2026-01-26,Organic,Mobile,USA,Free,Landing,2.0,9.0,0.0,0.0,Email notifications are spammy,2.5,0,1,0,0.0,0.0,0.0,
2131,2025-07-27,Paid,Tablet,India,Basic,Onboarding,6.0,29.0,3.0,0.0,Learning curve is medium,3.4,0,0,1,2.0,0.0,9.0,2.0
2132,2025-06-28,Referral,Desktop,India,Free,Onboarding,6.0,40.0,1.0,1.0,Ok for basic use,3.4,0,1,1,0.0,0.0,0.0,1.0
2133,2026-04-25,Paid,Desktop,India,Basic,Upgrade,,86.0,15.0,0.0,Customer support was excellent,4.3,1,0,1,0.0,0.0,0.0,26.0
2134,2025-05-21,Paid,Tablet,USA,Free,First Feature Use,10.0,43.0,6.0,0.0,Customer support was excellent,4.6,0,1,1,0.0,0.0,0.0,
2135,2026-01-07,Paid,Mobile,UK,Basic,Upgrade,13.0,87.0,15.0,0.0,The dashboard analytics are extremely useful,4.6,1,0,1,,1.0,0.0,
2136,2026-04-16,Referral,Desktop,India,Free,Sign-up,2.0,19.0,1.0,0.0,Data sync is unreliable,1.4,0,1,0,1.0,0.0,0.0,9.0
2137,2025-05-21,Paid,Desktop,USA,Free,Landing,2.0,7.0,0.0,0.0,UI feels outdated,2.3,0,1,0,1.0,0.0,,1.0
2138,2025-06-05,Paid,Desktop,UK,Free,Landing,2.0,8.0,0.0,0.0,App crashes during report export,2.3,0,1,0,0.0,0.0,0.0,1.0
2139,2025-10-29,Paid,Desktop,India,Free,Landing,1.0,7.0,0.0,0.0,Too many steps during setup process,1.9,0,1,0,1.0,0.0,0.0,4.0
2140,2025-12-15,Paid,Mobile,USA,Free,Onboarding,7.0,40.0,1.0,0.0,Ok for basic use,2.6,0,1,1,1.0,0.0,0.0,3.0
2141,2026-01-26,Paid,Desktop,USA,Free,Sign-up,2.0,12.0,0.0,1.0,Too many steps during setup process,2.3,0,1,0,0.0,0.0,0.0,5.0
2142,2026-02-03,Paid,Mobile,India,Free,First Feature Use,5.0,52.0,4.0,0.0,Not sure if I'll continue,2.9,0,1,1,1.0,0.0,0.0,15.0
2143,2025-02-16,Paid,Mobile,USA,Free,Sign-up,4.0,22.0,0.0,0.0,Works most of the time,3.9,0,1,0,0.0,1.0,0.0,7.0
2144,2025-07-08,Paid,Mobile,USA,Free,First Feature Use,11.0,30.0,5.0,2.0,Helped our team productivity,4.4,0,1,1,0.0,0.0,0.0,13.0
2145,2026-03-04,Organic,Mobile,USA,Free,Landing,2.0,7.0,0.0,0.0,Mobile UI is cluttered,1.2,0,1,0,1.0,0.0,0.0,
2146,2025-07-25,Organic,Mobile,USA,Free,First Feature Use,5.0,64.0,3.0,1.0,Still evaluating whether premium is worth it,3.0,0,1,1,0.0,1.0,0.0,7.0
2147,2025-06-27,Organic,Mobile,USA,Free,Sign-up,2.0,21.0,0.0,0.0,Trial period too short,2.5,0,1,0,0.0,0.0,0.0,6.0
2148,2026-04-21,Referral,Mobile,USA,Free,First Feature Use,9.0,61.0,4.0,0.0,The API documentation is clear,4.9,0,1,1,0.0,0.0,0.0,15.0
2149,2025-05-27,Organic,Mobile,USA,Free,Sign-up,3.0,18.0,1.0,0.0,Nothing exceptional,3.2,0,1,0,0.0,0.0,0.0,4.0
2150,2025-05-04,Organic,Mobile,UK,Premium,Upgrade,,130.0,8.0,0.0,Analytics dashboard is insightful,4.3,1,0,1,1.0,0.0,0.0,14.0
2151,2025-02-18,Organic,Desktop,USA,Free,Sign-up,2.0,12.0,0.0,0.0,No offline access,2.1,0,1,0,0.0,0.0,0.0,4.0
2152,2025-02-04,Paid,Desktop,USA,Basic,Upgrade,13.0,93.0,,0.0,Saves me hours every week,4.3,1,0,1,2.0,0.0,0.0,2.0
2153,2025-08-27,Organic,Desktop,USA,Free,Landing,1.0,8.0,0.0,0.0,Cannot customize reports enough,1.0,0,1,0,0.0,0.0,0.0,1.0
2154,2025-11-03,Paid,Tablet,USA,Premium,Upgrade,18.0,144.0,19.0,,Very intuitive UI,4.8,1,0,1,1.0,0.0,0.0,10.0
2155,2025-03-17,Organic,Mobile,USA,Free,Landing,2.0,5.0,0.0,0.0,The onboarding tutorial was confusing,2.0,0,1,0,0.0,,0.0,
2156,2025-08-24,Referral,Mobile,USA,Basic,Upgrade,11.0,121.0,14.0,0.0,Easy onboarding experience,4.9,1,0,1,0.0,1.0,0.0,29.0
2157,2025-07-29,Referral,Mobile,India,Free,Landing,1.0,5.0,0.0,0.0,Support response time is slow,2.2,0,1,0,0.0,0.0,0.0,4.0
2158,2026-02-02,Referral,Tablet,USA,Free,Sign-up,3.0,11.0,1.0,0.0,Will evaluate again next month,3.5,0,1,0,0.0,0.0,0.0,5.0
2159,2025-04-23,Organic,Desktop,USA,Free,Onboarding,7.0,20.0,3.0,1.0,Learning curve is medium,3.5,0,1,1,1.0,,0.0,6.0
2160,2025-01-31,Paid,Mobile,India,Basic,Upgrade,11.0,113.0,15.0,0.0,Data export works perfectly,4.3,1,0,1,1.0,1.0,0.0,21.0
2161,2026-01-28,Paid,Mobile,USA,Free,Onboarding,5.0,27.0,3.0,1.0,Similar to other tools,3.9,0,1,1,0.0,0.0,0.0,8.0
2162,2025-12-16,Organic,Desktop,UK,Free,Onboarding,5.0,20.0,1.0,0.0,Works most of the time,2.5,0,1,1,0.0,0.0,0.0,6.0
2163,2026-04-05,Organic,Mobile,India,Free,Sign-up,2.0,12.0,1.0,1.0,Export functionality is limited,1.0,0,1,0,0.0,1.0,0.0,2.0
2164,2025-08-16,Organic,Mobile,USA,Free,Sign-up,,16.0,0.0,0.0,Still evaluating whether premium is worth it,3.0,0,1,0,0.0,0.0,,3.0
2165,2025-05-28,Paid,Tablet,Canada,Basic,First Feature Use,7.0,30.0,6.0,2.0,Will evaluate again next month,3.4,0,0,1,0.0,2.0,1.0,3.0
2166,2025-11-19,Organic,Desktop,Germany,Free,Sign-up,4.0,21.0,0.0,0.0,Learning curve is medium,3.2,0,1,0,0.0,0.0,0.0,5.0
2167,2026-01-14,Paid,Tablet,USA,Free,Sign-up,2.0,24.0,0.0,1.0,Pricing too high for small businesses,1.5,0,1,0,0.0,1.0,,7.0
2168,2025-12-26,Paid,Mobile,Germany,Basic,Onboarding,5.0,22.0,3.0,1.0,Standard SaaS experience,3.0,0,0,1,1.0,0.0,6.0,7.0
2169,2025-05-22,Paid,Desktop,India,Free,Sign-up,4.0,16.0,0.0,0.0,Not sure if I'll continue,3.1,0,1,0,0.0,0.0,0.0,1.0
2170,2025-03-04,Referral,Desktop,Germany,Basic,First Feature Use,6.0,47.0,4.0,0.0,Not sure if I'll continue,2.6,0,0,1,1.0,0.0,6.0,5.0
2171,2026-03-11,Paid,Desktop,India,Free,First Feature Use,7.0,63.0,3.0,0.0,Meets minimum requirements,3.6,0,1,1,1.0,0.0,0.0,3.0
2172,2025-06-23,Paid,Desktop,India,Free,Sign-up,2.0,17.0,0.0,0.0,No dark mode,1.7,0,1,0,1.0,0.0,0.0,6.0
2173,2025-08-02,Paid,Desktop,USA,Free,Landing,2.0,9.0,0.0,0.0,Data sync is unreliable,2.3,0,1,0,0.0,0.0,0.0,3.0
2174,2025-08-19,Organic,Desktop,USA,Basic,First Feature Use,11.0,36.0,,0.0,Highly recommend to other teams,4.5,0,0,1,2.0,0.0,1.0,16.0
2175,2025-05-21,Organic,Mobile,USA,Free,Landing,1.0,8.0,0.0,0.0,No dark mode,2.1,0,1,0,0.0,0.0,0.0,5.0
2176,2026-04-19,Referral,Mobile,USA,Premium,Upgrade,18.0,139.0,16.0,0.0,Best SaaS tool I've used,4.6,1,0,1,2.0,1.0,0.0,16.0
2177,2025-12-26,Referral,Mobile,Canada,Premium,Upgrade,22.0,94.0,13.0,0.0,The dashboard analytics are extremely useful,4.6,1,0,1,1.0,2.0,0.0,3.0
2178,2025-02-22,Paid,Tablet,USA,Free,Sign-up,3.0,14.0,0.0,0.0,Similar to other tools,3.3,0,1,0,0.0,1.0,0.0,7.0
2179,2025-09-20,Organic,Tablet,India,Free,Sign-up,4.0,16.0,1.0,1.0,Learning curve is medium,,0,1,0,2.0,0.0,0.0,
2180,2025-04-12,Organic,Mobile,USA,Free,Landing,2.0,12.0,0.0,0.0,Frequent downtime,2.2,0,1,0,0.0,0.0,0.0,4.0
2181,2026-02-01,Organic,Mobile,USA,Free,Landing,2.0,9.0,0.0,0.0,Frequent downtime,1.2,0,1,0,1.0,0.0,0.0,4.0
2182,2025-02-24,Referral,Tablet,UK,Free,Onboarding,3.0,28.0,3.0,0.0,Not sure if I'll continue,2.9,0,1,1,0.0,0.0,0.0,9.0
2183,2025-03-10,Paid,Mobile,USA,Free,Sign-up,3.0,13.0,0.0,1.0,Need more time before upgrading,3.0,0,1,0,0.0,0.0,0.0,1.0
2184,2026-04-14,Referral,Mobile,Canada,Free,Onboarding,7.0,31.0,2.0,0.0,Room for improvement in UI,3.2,0,1,1,0.0,0.0,0.0,10.0
2185,2025-12-08,Paid,Mobile,USA,Free,Landing,2.0,11.0,0.0,0.0,Mobile app crashes while exporting reports,2.0,0,1,0,0.0,0.0,0.0,3.0
2186,2025-02-28,Organic,Mobile,USA,Free,First Feature Use,9.0,58.0,5.0,0.0,Simple and effective design,5.0,0,1,1,0.0,2.0,0.0,11.0
2187,2025-09-10,Organic,Desktop,USA,Premium,Upgrade,24.0,,13.0,0.0,Easy onboarding experience,4.2,1,0,1,0.0,0.0,0.0,11.0
2188,2025-02-24,Organic,Mobile,USA,Free,Onboarding,6.0,33.0,3.0,0.0,It's fine for now,2.7,0,1,1,1.0,0.0,0.0,10.0
2189,2025-03-16,Paid,Mobile,USA,Free,Onboarding,7.0,36.0,1.0,0.0,Still evaluating whether premium is worth it,,0,1,1,0.0,2.0,0.0,13.0
2190,2025-02-19,Organic,Tablet,USA,Free,Landing,1.0,5.0,0.0,0.0,Dashboard loads slowly,2.3,0,1,0,0.0,0.0,0.0,3.0
2191,2025-12-15,Paid,Mobile,UK,Free,First Feature Use,6.0,49.0,5.0,1.0,Ok for basic use,3.3,0,1,1,0.0,0.0,0.0,18.0
2192,2025-08-06,Paid,Mobile,USA,Basic,First Feature Use,9.0,59.0,3.0,1.0,Love how everything is customisable,4.3,0,0,1,1.0,1.0,7.0,3.0
2193,2025-11-26,Organic,Desktop,USA,Free,Sign-up,4.0,18.0,0.0,0.0,Ok for basic use,3.2,0,1,0,0.0,0.0,0.0,4.0
2194,2025-08-17,Organic,Desktop,India,Free,Landing,1.0,7.0,0.0,0.0,App crashes during report export,1.4,0,1,0,0.0,0.0,0.0,2.0
2195,2025-05-20,Organic,Mobile,USA,Free,Onboarding,7.0,39.0,1.0,0.0,Basic features work fine so far,3.0,0,1,1,1.0,0.0,0.0,7.0
2196,2026-03-30,Paid,Mobile,USA,Free,Landing,2.0,12.0,0.0,1.0,Dashboard loads slowly,1.3,0,1,0,0.0,0.0,0.0,6.0
2197,2025-05-16,Paid,Mobile,India,Basic,Onboarding,3.0,28.0,2.0,0.0,Good enough for my use case,3.8,0,0,1,0.0,0.0,8.0,8.0
2198,2025-01-11,Organic,Desktop,India,Free,Landing,1.0,10.0,0.0,0.0,Steep learning curve,1.4,0,1,0,0.0,0.0,0.0,2.0
2199,2026-03-27,Referral,Mobile,India,Free,Onboarding,7.0,36.0,3.0,0.0,Will decide after trial ends,4.0,0,1,1,0.0,0.0,0.0,4.0
2200,2025-06-19,Paid,Mobile,India,Premium,Upgrade,22.0,88.0,11.0,0.0,Reporting module saves a lot of time,4.3,1,0,1,1.0,2.0,0.0,20.0
2201,2026-02-12,Paid,Mobile,USA,Free,Onboarding,6.0,27.0,2.0,0.0,Could be better but not terrible,3.6,0,1,1,1.0,0.0,0.0,7.0
2202,2025-05-03,Paid,Desktop,USA,Basic,First Feature Use,11.0,35.0,3.0,0.0,Analytics dashboard is insightful,4.9,0,0,1,1.0,0.0,6.0,19.0
2203,2025-07-10,Referral,Mobile,USA,Free,Onboarding,7.0,27.0,3.0,0.0,Will decide after trial ends,2.8,0,1,1,1.0,0.0,0.0,8.0
2204,2025-07-14,Paid,Mobile,Germany,Free,Landing,2.0,11.0,0.0,0.0,Email notifications are spammy,1.8,0,1,0,0.0,0.0,0.0,5.0
2205,2025-08-28,Organic,Mobile,USA,Free,Sign-up,4.0,24.0,0.0,0.0,Learning curve is medium,2.5,0,1,0,1.0,0.0,0.0,7.0
2206,2025-11-17,Organic,Mobile,UK,Free,Sign-up,4.0,18.0,1.0,0.0,Learning curve is medium,3.1,0,1,0,0.0,0.0,0.0,8.0
2207,2025-04-21,Paid,Desktop,India,Premium,Upgrade,15.0,114.0,12.0,0.0,Highly recommend to other teams,4.5,1,0,1,0.0,0.0,0.0,11.0
2208,2025-10-08,Paid,Desktop,USA,Premium,Upgrade,11.0,121.0,13.0,0.0,Analytics dashboard is insightful,4.1,1,0,1,1.0,0.0,0.0,5.0
2209,2026-04-27,Paid,Desktop,USA,Free,Landing,2.0,6.0,0.0,0.0,No dark mode,2.3,0,1,0,0.0,0.0,0.0,6.0
2210,2025-09-19,Referral,Desktop,USA,Free,First Feature Use,10.0,68.0,3.0,0.0,Data export works perfectly,4.9,0,1,1,1.0,1.0,0.0,5.0
2211,2025-08-24,Referral,Mobile,USA,Free,Onboarding,3.0,25.0,3.0,0.0,Basic features work fine so far,3.3,0,1,1,1.0,1.0,0.0,9.0
2212,2025-10-09,Organic,Desktop,USA,Free,First Feature Use,6.0,43.0,4.0,2.0,Decent but not great,3.2,0,1,1,2.0,0.0,0.0,11.0
2213,2025-01-08,Organic,Mobile,USA,Free,Landing,2.0,5.0,0.0,1.0,Too many bugs on mobile,1.6,0,1,0,0.0,0.0,0.0,3.0
2214,2025-05-03,Organic,Mobile,India,Free,Landing,2.0,6.0,0.0,1.0,No offline access,1.8,0,1,0,0.0,0.0,0.0,5.0
2215,2026-04-02,Paid,Desktop,Germany,Basic,Upgrade,12.0,142.0,15.0,0.0,Easy onboarding experience,4.3,1,0,1,2.0,0.0,0.0,1.0
2216,2025-01-08,Organic,Desktop,UK,Free,Sign-up,3.0,23.0,1.0,0.0,Meets minimum requirements,3.7,0,1,0,,0.0,0.0,7.0
2217,2025-06-12,Organic,Desktop,India,Free,Sign-up,4.0,20.0,0.0,0.0,Room for improvement in UI,2.7,0,1,0,0.0,0.0,0.0,1.0
2218,2025-06-03,Organic,Desktop,USA,Free,Onboarding,4.0,30.0,2.0,1.0,Still exploring features,3.8,0,1,1,1.0,0.0,0.0,1.0
2219,2025-05-29,Organic,Tablet,USA,Free,Onboarding,4.0,28.0,3.0,0.0,Works most of the time,3.0,0,1,1,1.0,0.0,0.0,4.0
2220,2025-12-21,Organic,Mobile,USA,Free,Sign-up,3.0,24.0,1.0,,Room for improvement in UI,2.8,0,1,0,0.0,0.0,0.0,7.0
2221,2025-12-18,Organic,Tablet,USA,Free,Onboarding,5.0,38.0,1.0,0.0,Will decide after trial ends,3.0,0,1,1,0.0,0.0,0.0,11.0
2222,2025-05-16,Paid,Desktop,India,Premium,Upgrade,11.0,84.0,8.0,0.0,Great value for money,4.4,1,0,1,0.0,1.0,0.0,13.0
2223,2025-07-07,Organic,Desktop,Canada,Free,Sign-up,4.0,22.0,1.0,0.0,Could be better but not terrible,3.3,0,1,0,0.0,0.0,0.0,2.0
2224,2026-02-10,Organic,Desktop,USA,Free,Sign-up,,15.0,1.0,0.0,Not blown away but not disappointed,3.7,0,1,0,0.0,0.0,0.0,4.0
2225,2025-05-22,Referral,Desktop,USA,Free,Sign-up,3.0,18.0,0.0,0.0,Ok for basic use,3.2,0,1,0,1.0,0.0,0.0,1.0
2226,2025-06-11,Referral,Desktop,USA,Basic,Onboarding,7.0,42.0,3.0,1.0,Room for improvement in UI,3.3,0,0,1,1.0,0.0,8.0,1.0
2227,2026-02-28,Organic,Mobile,USA,Free,Sign-up,2.0,14.0,1.0,0.0,Steep learning curve,1.6,0,1,0,1.0,0.0,0.0,4.0
2228,2025-04-01,Organic,Tablet,UK,Free,Onboarding,7.0,34.0,1.0,,Nothing exceptional,3.2,0,1,1,0.0,0.0,0.0,2.0
2229,2025-08-12,Paid,Mobile,India,Free,Sign-up,4.0,16.0,0.0,0.0,Standard SaaS experience,2.9,0,1,0,0.0,0.0,0.0,5.0
2230,2025-10-30,Organic,Mobile,India,Free,Sign-up,2.0,22.0,0.0,0.0,Email notifications are spammy,1.0,0,1,0,0.0,0.0,0.0,7.0
2231,2026-01-20,Organic,Mobile,UK,Free,Onboarding,3.0,40.0,1.0,0.0,Nothing exceptional,2.7,0,1,1,1.0,0.0,0.0,12.0
2232,2026-04-02,Organic,Mobile,USA,Basic,Upgrade,,126.0,9.0,0.0,Feature updates are frequent and useful,4.3,1,0,1,0.0,0.0,0.0,5.0
2233,2025-11-27,Organic,Mobile,Canada,Free,Sign-up,3.0,23.0,0.0,0.0,Ok for basic use,2.5,0,1,0,0.0,1.0,0.0,6.0
2234,2025-12-23,Paid,Mobile,India,Free,Landing,2.0,7.0,0.0,0.0,Feature X is broken for weeks,2.4,0,1,0,1.0,,0.0,2.0
2235,2025-05-01,Referral,Mobile,USA,Free,Sign-up,2.0,11.0,0.0,0.0,Missing basic integrations,1.1,0,1,0,0.0,0.0,0.0,1.0
2236,2025-07-01,Paid,Mobile,USA,Free,First Feature Use,11.0,67.0,7.0,1.0,The dashboard analytics are extremely useful,4.4,0,1,1,0.0,1.0,0.0,5.0
2237,2025-12-20,Paid,Mobile,India,Premium,Upgrade,19.0,87.0,14.0,0.0,Best SaaS tool I've used,4.3,1,0,1,1.0,0.0,0.0,27.0
2238,2025-06-09,Organic,Mobile,USA,Basic,Upgrade,16.0,72.0,7.0,0.0,The dashboard analytics are extremely useful,4.8,1,0,1,1.0,0.0,0.0,11.0
2239,2025-12-11,Paid,Tablet,UK,Free,Landing,2.0,13.0,0.0,0.0,App crashes during report export,1.8,0,1,0,0.0,0.0,0.0,1.0
2240,2025-10-03,Organic,Mobile,USA,Free,Sign-up,3.0,17.0,0.0,0.0,Still evaluating whether premium is worth it,3.7,0,1,0,0.0,0.0,0.0,9.0
2241,2025-06-19,Organic,Mobile,India,Free,Onboarding,6.0,32.0,,0.0,Still exploring features,2.8,0,1,1,0.0,2.0,0.0,8.0
2242,2025-03-28,Paid,Mobile,UK,Premium,Upgrade,20.0,113.0,7.0,0.0,Simple and effective design,4.2,1,0,1,1.0,1.0,0.0,12.0
2243,2026-02-10,Referral,Mobile,UK,Free,Onboarding,3.0,40.0,3.0,0.0,"Works as expected, nothing special",2.6,0,1,1,0.0,0.0,0.0,5.0
2244,2025-01-17,Organic,Desktop,Germany,Free,Landing,1.0,14.0,0.0,0.0,Support response time is slow,1.2,0,1,0,0.0,0.0,0.0,4.0
2245,2025-08-04,Referral,Mobile,Germany,Basic,First Feature Use,6.0,47.0,3.0,0.0,Will evaluate again next month,3.3,0,0,1,0.0,0.0,2.0,12.0
2246,2025-12-20,Organic,Mobile,India,Free,Landing,1.0,9.0,0.0,1.0,No offline access,1.5,0,1,0,1.0,0.0,0.0,1.0
2247,2025-04-26,Organic,Mobile,USA,Free,Landing,1.0,10.0,0.0,0.0,Dashboard loads slowly,1.2,0,1,0,0.0,0.0,0.0,3.0
2248,2025-04-16,Organic,Desktop,USA,Free,Sign-up,4.0,13.0,0.0,0.0,Works most of the time,3.8,0,1,0,0.0,2.0,0.0,7.0
2249,2026-01-04,Paid,Desktop,USA,Free,Sign-up,2.0,11.0,0.0,0.0,Too many steps during setup process,1.6,0,1,0,1.0,0.0,0.0,6.0
2250,2025-06-24,Referral,Mobile,USA,Free,Landing,1.0,14.0,0.0,0.0,Export functionality is limited,2.0,0,1,0,0.0,0.0,0.0,3.0
2251,2025-06-24,Paid,Mobile,Germany,Free,Onboarding,5.0,33.0,2.0,,Still evaluating whether premium is worth it,3.6,0,1,1,1.0,1.0,0.0,10.0
2252,2025-05-26,Organic,Mobile,Germany,Free,Landing,2.0,13.0,0.0,0.0,The onboarding tutorial was confusing,2.0,0,1,0,0.0,0.0,0.0,1.0
2253,2026-03-30,Organic,Desktop,USA,Free,Onboarding,6.0,38.0,1.0,0.0,Still exploring features,2.5,0,1,1,0.0,0.0,0.0,6.0
2254,2025-05-29,Paid,Mobile,USA,Free,First Feature Use,11.0,65.0,7.0,2.0,The mobile app is surprisingly good,4.3,0,1,1,0.0,0.0,0.0,19.0
2255,2026-04-03,Organic,Mobile,USA,Free,First Feature Use,11.0,36.0,5.0,2.0,The mobile app is surprisingly good,4.7,0,1,1,0.0,1.0,0.0,19.0
2256,2025-03-19,Organic,Mobile,USA,Free,Sign-up,4.0,24.0,1.0,1.0,Will evaluate again next month,3.6,0,1,0,,0.0,0.0,9.0
2257,2025-03-13,Referral,Mobile,USA,Free,Sign-up,2.0,14.0,1.0,1.0,Missing basic integrations,1.5,0,1,0,0.0,0.0,0.0,6.0
2258,2026-01-28,Paid,Mobile,UK,Premium,Upgrade,19.0,118.0,9.0,1.0,Great value for money,4.9,1,0,1,1.0,1.0,0.0,7.0
2259,2025-07-30,Organic,Mobile,UK,Free,Landing,2.0,5.0,0.0,,Mobile UI is cluttered,2.4,0,1,0,0.0,0.0,0.0,6.0
2260,2025-11-08,Organic,Mobile,Germany,Free,Onboarding,3.0,20.0,2.0,1.0,Nothing exceptional,4.0,0,1,1,0.0,0.0,0.0,8.0
2261,2025-04-12,Organic,Mobile,USA,Free,Sign-up,2.0,21.0,1.0,0.0,Missing basic integrations,2.4,0,1,0,0.0,0.0,0.0,1.0
2262,2025-08-04,Paid,Desktop,USA,Premium,Upgrade,23.0,141.0,11.0,0.0,Highly recommend to other teams,5.0,1,0,1,0.0,1.0,0.0,14.0
2263,2025-11-03,Referral,Mobile,Germany,Free,First Feature Use,7.0,60.0,7.0,0.0,Needs a few more integrations,3.9,0,1,1,0.0,0.0,0.0,11.0
2264,2025-06-13,Paid,Desktop,USA,Basic,Onboarding,6.0,25.0,1.0,0.0,Room for improvement in UI,3.7,0,0,1,1.0,0.0,9.0,11.0
2265,2025-06-25,Organic,Desktop,USA,Free,First Feature Use,9.0,67.0,4.0,,Saves me hours every week,4.6,0,1,1,2.0,0.0,0.0,10.0
2266,2025-06-21,Organic,Desktop,USA,Free,First Feature Use,8.0,52.0,5.0,4.0,Ok for basic use,2.7,0,1,1,0.0,0.0,0.0,12.0
2267,2026-01-21,Referral,Tablet,India,Free,First Feature Use,11.0,56.0,6.0,0.0,The dashboard analytics are extremely useful,4.4,0,1,1,0.0,1.0,0.0,15.0
2268,2025-07-01,Referral,Mobile,India,Free,Sign-up,3.0,11.0,1.0,0.0,Decent but not great,3.4,0,1,0,1.0,0.0,0.0,7.0
2269,2025-11-28,Paid,Mobile,Germany,Free,Landing,1.0,14.0,0.0,0.0,Mobile UI is cluttered,2.5,0,1,0,0.0,0.0,0.0,3.0
2270,2025-03-04,Organic,Desktop,USA,Basic,Upgrade,13.0,133.0,19.0,0.0,Customer support was excellent,4.9,1,0,1,0.0,1.0,0.0,9.0
2271,2025-06-02,Paid,Desktop,India,Free,First Feature Use,10.0,61.0,4.0,1.0,The dashboard analytics are extremely useful,4.5,0,1,1,0.0,0.0,0.0,9.0
2272,2026-01-20,Referral,Mobile,India,Free,Landing,1.0,12.0,0.0,1.0,Frequent downtime,1.5,0,1,0,0.0,0.0,0.0,1.0
2273,2026-03-24,Paid,Mobile,USA,Free,Onboarding,5.0,31.0,1.0,1.0,Not sure if I'll continue,2.6,0,1,1,1.0,0.0,0.0,5.0
2274,2025-11-14,Paid,Desktop,Canada,Free,Sign-up,3.0,19.0,1.0,0.0,No strong opinion yet,2.6,0,1,0,0.0,0.0,0.0,1.0
2275,2025-09-28,Organic,Tablet,UK,Free,Sign-up,3.0,22.0,0.0,0.0,Works most of the time,2.7,0,1,0,0.0,0.0,0.0,7.0
2276,2025-05-01,Organic,Mobile,Germany,Free,Sign-up,2.0,11.0,0.0,0.0,Too many bugs on mobile,1.1,0,1,0,1.0,0.0,0.0,1.0
2277,2025-06-16,Organic,Tablet,Germany,Free,Landing,1.0,13.0,0.0,0.0,Email notifications are spammy,2.1,0,1,0,0.0,0.0,0.0,4.0
2278,2025-08-04,Referral,Mobile,USA,Free,First Feature Use,11.0,39.0,4.0,1.0,The mobile app is surprisingly good,4.8,0,1,1,1.0,1.0,0.0,18.0
2279,2025-07-29,Paid,Mobile,UK,Free,Landing,1.0,7.0,0.0,1.0,No dark mode,2.4,0,1,0,0.0,0.0,0.0,4.0
2280,2025-08-31,Paid,Mobile,USA,Free,Onboarding,7.0,29.0,2.0,0.0,Could be better but not terrible,3.4,0,1,1,1.0,1.0,0.0,13.0
2281,2025-06-10,Organic,Mobile,India,Free,Sign-up,2.0,12.0,1.0,0.0,Cannot customize reports enough,1.1,0,1,0,0.0,0.0,0.0,4.0
2282,2025-04-21,Referral,Desktop,UK,Basic,First Feature Use,7.0,33.0,5.0,0.0,Still evaluating whether premium is worth it,4.0,0,0,1,1.0,0.0,7.0,17.0
2283,2025-10-10,Referral,Mobile,India,Basic,First Feature Use,8.0,47.0,5.0,1.0,Still evaluating whether premium is worth it,3.6,0,0,1,0.0,0.0,7.0,5.0
2284,2025-02-28,Organic,Mobile,USA,Basic,First Feature Use,11.0,35.0,5.0,0.0,Support team solved my issue quickly,4.6,0,0,1,0.0,0.0,2.0,12.0
2285,2025-10-16,Referral,Mobile,India,Basic,First Feature Use,9.0,47.0,4.0,4.0,Saves me hours every week,4.7,0,1,1,0.0,1.0,5.0,8.0
2286,2025-12-11,Organic,Mobile,USA,Free,Onboarding,4.0,42.0,2.0,0.0,Similar to other tools,2.5,0,1,1,0.0,0.0,0.0,6.0
2287,2026-03-20,Organic,Mobile,USA,Free,Landing,1.0,10.0,0.0,0.0,Data sync is unreliable,,0,1,0,0.0,0.0,0.0,3.0
2288,2025-05-02,Organic,Tablet,India,Free,Landing,1.0,6.0,0.0,0.0,Trial period too short,1.5,0,1,0,1.0,0.0,0.0,5.0
2289,2026-03-04,Referral,Mobile,USA,Free,Onboarding,5.0,21.0,2.0,0.0,Will decide after trial ends,3.7,0,1,1,0.0,1.0,0.0,6.0
2290,2025-04-22,Referral,Desktop,USA,Free,Landing,1.0,5.0,,0.0,App crashes during report export,1.5,0,1,0,0.0,0.0,0.0,4.0
2291,2025-07-02,Organic,Mobile,USA,Free,Landing,1.0,11.0,0.0,0.0,Too many bugs on mobile,1.9,0,1,0,0.0,0.0,0.0,6.0
2292,2026-04-26,Paid,Mobile,USA,Free,First Feature Use,10.0,65.0,7.0,1.0,Very intuitive UI,4.2,0,1,1,2.0,0.0,0.0,8.0
2293,2025-06-03,Paid,Mobile,USA,Basic,First Feature Use,5.0,59.0,7.0,1.0,Not sure if I'll continue,3.8,0,0,1,1.0,0.0,5.0,1.0
2294,2025-04-02,Referral,Mobile,India,Free,Sign-up,2.0,13.0,1.0,0.0,Dashboard loads slowly,1.8,0,1,0,0.0,0.0,0.0,7.0
2295,2026-01-30,Organic,Tablet,India,Basic,Onboarding,6.0,42.0,1.0,1.0,Ok for basic use,3.2,0,0,1,1.0,1.0,5.0,4.0
2296,2025-11-16,Paid,Desktop,USA,Free,Landing,2.0,11.0,0.0,0.0,Pricing too high for small businesses,1.2,0,1,0,0.0,0.0,0.0,4.0
2297,2025-10-13,Paid,Tablet,USA,Free,Sign-up,3.0,17.0,0.0,0.0,No strong opinion yet,3.1,0,1,0,0.0,1.0,0.0,2.0
2298,2025-08-04,Organic,Desktop,USA,Free,Sign-up,2.0,10.0,0.0,0.0,UI feels outdated,2.2,0,1,0,1.0,0.0,0.0,4.0
2299,2025-11-21,Organic,Desktop,India,Free,Sign-up,4.0,13.0,0.0,0.0,Still evaluating whether premium is worth it,2.6,0,1,0,0.0,0.0,0.0,5.0
2300,2025-05-25,Paid,Desktop,USA,Free,First Feature Use,9.0,55.0,6.0,1.0,Highly recommend to other teams,4.9,0,1,1,0.0,2.0,0.0,2.0
2301,2025-02-28,Organic,Desktop,USA,Free,Sign-up,3.0,15.0,1.0,0.0,Not blown away but not disappointed,3.0,0,1,0,0.0,0.0,0.0,9.0
2302,2026-04-07,Referral,Desktop,USA,Premium,Upgrade,20.0,137.0,15.0,1.0,Data export works perfectly,4.7,1,0,1,2.0,0.0,0.0,4.0
2303,2025-12-04,Organic,Mobile,USA,Free,Landing,2.0,14.0,0.0,1.0,Customer support unhelpful,1.3,0,1,0,0.0,0.0,0.0,5.0
2304,2025-01-24,Referral,Mobile,India,Free,Landing,1.0,6.0,0.0,0.0,Cannot customize reports enough,1.1,0,1,0,1.0,0.0,0.0,1.0
2305,2025-02-24,Organic,Desktop,USA,Free,Sign-up,2.0,11.0,1.0,0.0,The onboarding tutorial was confusing,1.4,0,1,0,0.0,0.0,0.0,1.0
2306,2025-12-22,Organic,Mobile,USA,Basic,Onboarding,5.0,29.0,1.0,0.0,Standard SaaS experience,3.2,0,0,1,0.0,0.0,7.0,3.0
2307,2026-03-22,Organic,Mobile,USA,Free,Landing,2.0,6.0,0.0,0.0,Data sync is unreliable,2.5,0,1,0,0.0,0.0,0.0,3.0
2308,2025-09-13,Paid,Desktop,Canada,Free,First Feature Use,8.0,30.0,7.0,0.0,Learning curve is medium,3.8,0,1,1,4.0,3.0,0.0,5.0
2309,2026-03-20,Paid,Mobile,India,Free,First Feature Use,6.0,35.0,3.0,0.0,Ok for basic use,2.7,0,1,1,0.0,0.0,0.0,12.0
2310,2025-07-11,Organic,Desktop,USA,Free,Landing,2.0,10.0,0.0,0.0,Pricing too high for small businesses,1.3,0,1,0,1.0,0.0,0.0,1.0
2311,2025-06-15,Organic,Mobile,USA,Free,Landing,1.0,6.0,0.0,,No dark mode,1.2,0,1,0,1.0,0.0,0.0,2.0
2312,2026-04-18,Paid,Desktop,Germany,Free,First Feature Use,5.0,54.0,5.0,1.0,Not sure if I'll continue,,0,1,1,1.0,0.0,0.0,12.0
2313,2026-02-13,Paid,Mobile,USA,Free,Onboarding,3.0,38.0,2.0,0.0,Basic features work fine so far,3.7,0,1,1,0.0,0.0,0.0,5.0
2314,2026-04-04,Paid,Tablet,Canada,Basic,Onboarding,,21.0,1.0,1.0,Room for improvement in UI,2.9,0,0,1,1.0,0.0,12.0,10.0
2315,2025-01-25,Organic,Tablet,USA,Basic,First Feature Use,10.0,54.0,4.0,0.0,Easy onboarding experience,4.1,0,0,1,0.0,0.0,,7.0
2316,2025-06-29,Paid,Tablet,USA,Free,First Feature Use,7.0,35.0,3.0,0.0,Works most of the time,3.4,0,1,1,0.0,0.0,0.0,3.0
2317,2025-07-11,Paid,Mobile,India,Free,Sign-up,3.0,14.0,1.0,1.0,Haven't used all features yet,3.8,0,1,0,0.0,0.0,0.0,9.0
2318,2025-03-16,Referral,Mobile,UK,Free,Onboarding,7.0,39.0,3.0,0.0,Not sure if I'll continue,2.6,0,1,1,1.0,0.0,0.0,4.0
2319,2025-06-11,Paid,Tablet,Canada,Premium,Upgrade,10.0,144.0,7.0,0.0,Helped our team productivity,4.7,1,0,1,0.0,0.0,0.0,2.0
2320,2025-03-13,Organic,Desktop,India,Free,Landing,2.0,9.0,0.0,0.0,Too many steps during setup process,1.0,0,1,0,0.0,0.0,0.0,2.0
2321,2025-07-25,Organic,Tablet,USA,Free,First Feature Use,8.0,47.0,5.0,0.0,Meets minimum requirements,2.9,0,1,1,0.0,0.0,0.0,17.0
2322,2025-12-26,Paid,Desktop,India,Premium,Upgrade,23.0,148.0,13.0,0.0,The mobile app is surprisingly good,,1,0,1,0.0,0.0,0.0,22.0
2323,2025-12-02,Paid,Mobile,India,Free,Landing,1.0,11.0,0.0,0.0,Missing key features compared to competitors,1.4,0,1,0,0.0,0.0,0.0,3.0
2324,2025-08-18,Referral,Mobile,UK,Free,Sign-up,3.0,14.0,1.0,0.0,Average experience so far,2.9,0,1,0,0.0,0.0,,9.0
2325,2025-05-06,Paid,Desktop,USA,Free,Landing,1.0,6.0,0.0,0.0,Steep learning curve,2.1,0,1,0,1.0,0.0,0.0,2.0
2326,2025-07-06,Paid,Desktop,USA,Free,Sign-up,2.0,10.0,0.0,1.0,Frequent downtime,2.3,0,1,0,0.0,0.0,0.0,6.0
2327,2025-03-07,Organic,Mobile,USA,Free,Sign-up,2.0,19.0,1.0,0.0,Data sync is unreliable,1.1,0,1,0,0.0,0.0,0.0,2.0
2328,2025-09-16,Organic,Mobile,India,Free,First Feature Use,7.0,30.0,3.0,,Average experience so far,3.0,0,1,1,1.0,0.0,0.0,11.0
2329,2026-04-27,Organic,Desktop,USA,Free,Onboarding,,33.0,1.0,0.0,Decent but not great,3.3,0,1,1,0.0,0.0,0.0,7.0
2330,2026-02-26,Organic,Desktop,USA,Free,Landing,2.0,8.0,0.0,1.0,Mobile app crashes while exporting reports,1.9,0,1,0,0.0,0.0,0.0,6.0
2331,2026-02-08,Paid,Mobile,India,Free,First Feature Use,7.0,30.0,6.0,1.0,No strong opinion yet,2.6,0,1,1,0.0,0.0,0.0,4.0
2332,2025-12-11,Organic,Mobile,USA,Free,Landing,2.0,10.0,0.0,0.0,Export functionality is limited,1.4,0,1,0,0.0,0.0,0.0,5.0
2333,2025-04-09,Organic,Mobile,UK,Free,Landing,1.0,13.0,0.0,0.0,Customer support unhelpful,1.3,0,1,0,0.0,0.0,0.0,2.0
2334,2025-11-08,Organic,Mobile,Germany,Premium,Upgrade,15.0,63.0,11.0,0.0,Worth every penny,4.9,1,0,1,,1.0,0.0,12.0
2335,2025-03-15,Organic,Tablet,USA,Free,Landing,1.0,6.0,0.0,1.0,Mobile app crashes while exporting reports,2.2,0,1,0,0.0,0.0,0.0,5.0
2336,2025-04-23,Organic,Desktop,USA,Free,Landing,1.0,6.0,0.0,0.0,Billing system is confusing,2.2,0,1,0,0.0,0.0,0.0,4.0
2337,2025-10-05,Paid,Desktop,USA,Basic,Upgrade,21.0,82.0,16.0,0.0,The API documentation is clear,4.4,1,0,1,2.0,0.0,0.0,27.0
2338,2026-01-29,Organic,Desktop,India,Free,Landing,1.0,10.0,0.0,1.0,Mobile app crashes while exporting reports,1.6,0,1,0,0.0,0.0,0.0,1.0
2339,2026-04-13,Paid,Mobile,UK,Free,First Feature Use,11.0,42.0,3.0,0.0,Real-time sync is fast,4.3,0,1,1,0.0,0.0,0.0,14.0
2340,2025-10-10,Paid,Desktop,USA,Free,Landing,1.0,8.0,0.0,0.0,Missing basic integrations,1.5,0,1,0,0.0,0.0,0.0,5.0
2341,2025-08-20,Referral,Tablet,USA,Free,Sign-up,2.0,18.0,0.0,0.0,Email notifications are spammy,2.3,0,1,0,1.0,0.0,0.0,8.0
2342,2025-10-12,Organic,Desktop,India,Free,Sign-up,4.0,18.0,1.0,0.0,Will decide after trial ends,3.0,0,1,0,0.0,0.0,0.0,3.0
2343,2025-02-28,Organic,Mobile,USA,Free,First Feature Use,10.0,69.0,4.0,1.0,Best SaaS tool I've used,4.1,0,1,1,2.0,0.0,0.0,8.0
2344,2025-05-08,Organic,Desktop,India,Basic,Onboarding,7.0,42.0,1.0,1.0,Similar to other tools,3.4,0,0,1,0.0,0.0,8.0,5.0
2345,2025-10-23,Paid,Tablet,UK,Basic,Upgrade,15.0,133.0,10.0,0.0,Reporting module saves a lot of time,4.1,1,0,1,1.0,1.0,0.0,21.0
2346,2025-11-03,Referral,Mobile,UK,Basic,First Feature Use,8.0,54.0,6.0,0.0,Meets minimum requirements,2.7,0,0,1,0.0,1.0,1.0,14.0
2347,2025-01-14,Paid,Mobile,Germany,Free,Landing,2.0,6.0,0.0,0.0,UI feels outdated,1.3,0,1,0,1.0,0.0,0.0,4.0
2348,2025-08-04,Paid,Tablet,USA,Free,Landing,2.0,7.0,0.0,0.0,Steep learning curve,1.2,0,1,0,0.0,0.0,0.0,4.0
2349,2025-04-19,Organic,Tablet,USA,Free,Onboarding,6.0,30.0,3.0,1.0,Meets minimum requirements,3.4,0,1,1,0.0,1.0,0.0,6.0
2350,2025-06-17,Paid,Mobile,UK,Free,Onboarding,4.0,39.0,3.0,1.0,Haven't used all features yet,3.6,0,1,1,1.0,0.0,0.0,12.0
2351,2025-07-08,Organic,Mobile,USA,Free,First Feature Use,11.0,64.0,4.0,0.0,Onboarding tutorial was straightforward,4.9,0,1,1,0.0,0.0,0.0,9.0
2352,2026-01-14,Paid,Mobile,UK,Basic,Onboarding,5.0,35.0,2.0,0.0,No strong opinion yet,3.6,0,0,1,0.0,0.0,7.0,5.0
2353,2026-03-27,Paid,Mobile,Canada,Free,Sign-up,4.0,18.0,1.0,1.0,Works most of the time,3.6,0,1,0,0.0,0.0,0.0,2.0
2354,2025-01-13,Organic,Tablet,Germany,Free,Sign-up,4.0,21.0,1.0,0.0,Learning curve is medium,2.6,0,1,0,,0.0,0.0,9.0
2355,2025-10-12,Organic,Mobile,UK,Free,First Feature Use,11.0,57.0,3.0,0.0,Love how everything is customisable,4.2,0,1,1,0.0,0.0,0.0,4.0
2356,2025-01-29,Referral,Mobile,Germany,Free,First Feature Use,11.0,45.0,5.0,0.0,Easy onboarding experience,,0,1,1,,0.0,0.0,16.0
2357,2025-06-01,Organic,Tablet,USA,Free,Landing,,7.0,0.0,0.0,Dashboard loads slowly,1.2,0,1,0,1.0,0.0,0.0,5.0
2358,2026-02-03,Organic,Mobile,USA,Free,Landing,2.0,11.0,0.0,0.0,Cannot customize reports enough,2.0,0,1,0,0.0,0.0,0.0,6.0
2359,2025-06-07,Organic,Desktop,USA,Free,Sign-up,2.0,23.0,0.0,0.0,Dashboard loads slowly,1.1,0,1,0,0.0,0.0,0.0,2.0
2360,2025-08-02,Organic,Mobile,USA,Free,First Feature Use,6.0,35.0,6.0,0.0,Could be better but not terrible,3.9,0,1,1,1.0,0.0,0.0,19.0
2361,2026-03-17,Paid,Desktop,USA,Free,Onboarding,7.0,32.0,3.0,2.0,Room for improvement in UI,3.1,0,1,1,0.0,1.0,0.0,12.0
2362,2025-03-21,Paid,Tablet,Germany,Free,Landing,1.0,11.0,0.0,0.0,Feature X is broken for weeks,2.1,0,1,0,0.0,0.0,0.0,1.0
2363,2026-04-29,Paid,Mobile,India,Basic,First Feature Use,8.0,30.0,7.0,1.0,Ok for basic use,2.6,0,0,1,2.0,0.0,4.0,7.0
2364,2025-11-07,Organic,Desktop,India,Free,Sign-up,3.0,17.0,0.0,0.0,Will evaluate again next month,4.0,0,1,0,1.0,0.0,0.0,6.0
2365,2025-07-17,Paid,Tablet,USA,Premium,Upgrade,22.0,99.0,9.0,0.0,Data export works perfectly,4.5,1,0,1,0.0,0.0,0.0,2.0
2366,2025-10-15,Referral,Tablet,USA,Free,First Feature Use,,59.0,6.0,0.0,No strong opinion yet,3.9,0,1,1,4.0,0.0,0.0,3.0
2367,2025-12-22,Organic,Mobile,Germany,Free,First Feature Use,5.0,31.0,5.0,0.0,Learning curve is medium,3.6,0,1,1,1.0,0.0,0.0,12.0
2368,2025-05-18,Organic,Mobile,UK,Free,First Feature Use,10.0,49.0,6.0,0.0,Saves me hours every week,4.0,0,1,1,2.0,1.0,0.0,11.0
2369,2025-10-03,Referral,Mobile,UK,Free,Onboarding,5.0,28.0,,0.0,Still evaluating whether premium is worth it,2.7,0,1,1,0.0,0.0,0.0,1.0
2370,2026-01-13,Organic,Mobile,Germany,Free,Landing,1.0,10.0,0.0,0.0,Mobile UI is cluttered,1.9,0,1,0,0.0,0.0,0.0,6.0
2371,2025-08-18,Organic,Mobile,UK,Free,Onboarding,4.0,25.0,2.0,1.0,Needs a few more integrations,2.8,0,1,1,0.0,1.0,0.0,3.0
2372,2025-10-07,Organic,Mobile,UK,Free,Onboarding,4.0,32.0,2.0,1.0,Average experience so far,3.2,0,1,1,0.0,0.0,0.0,10.0
2373,2025-06-06,Organic,Desktop,USA,Basic,First Feature Use,6.0,,6.0,0.0,Not sure if I'll continue,3.6,0,0,1,3.0,0.0,3.0,6.0
2374,2025-02-17,Organic,Mobile,USA,Free,Landing,1.0,5.0,0.0,1.0,Export functionality is limited,2.0,0,1,0,0.0,0.0,0.0,3.0
2375,2025-10-30,Organic,Desktop,India,Free,Sign-up,3.0,22.0,1.0,0.0,Average experience so far,3.5,0,1,0,2.0,0.0,0.0,8.0
2376,2025-11-07,Paid,Desktop,USA,Premium,Upgrade,19.0,132.0,15.0,0.0,Automated reports are a lifesaver,4.3,1,0,1,2.0,0.0,0.0,4.0
2377,2025-07-09,Organic,Mobile,UK,Free,Onboarding,3.0,33.0,1.0,0.0,Could be better but not terrible,2.9,0,1,1,0.0,0.0,0.0,1.0
2378,2025-03-04,Referral,Mobile,USA,Free,Onboarding,6.0,31.0,2.0,0.0,Similar to other tools,3.4,0,1,1,0.0,0.0,0.0,8.0
2379,2025-07-24,Organic,Desktop,USA,Basic,Onboarding,6.0,22.0,2.0,0.0,Still evaluating whether premium is worth it,3.0,0,0,1,0.0,0.0,10.0,1.0
2380,2025-04-28,Referral,Mobile,USA,Free,First Feature Use,11.0,42.0,6.0,1.0,Great value for money,4.2,0,1,1,0.0,1.0,0.0,9.0
2381,2025-12-16,Referral,Mobile,USA,Basic,Onboarding,,42.0,1.0,1.0,Learning curve is medium,2.9,0,0,1,1.0,0.0,7.0,4.0
2382,2025-03-06,Paid,Desktop,Germany,Free,Sign-up,2.0,17.0,0.0,0.0,The onboarding tutorial was confusing,1.6,0,1,0,0.0,0.0,0.0,9.0
2383,2025-07-08,Referral,Mobile,USA,Free,First Feature Use,7.0,32.0,3.0,0.0,Could be better but not terrible,3.2,0,1,1,1.0,1.0,0.0,11.0
2384,2026-03-06,Paid,Desktop,UK,Free,Sign-up,2.0,13.0,1.0,1.0,Mobile app crashes while exporting reports,2.3,0,1,0,0.0,0.0,0.0,2.0
2385,2025-08-20,Referral,Tablet,USA,Free,Onboarding,7.0,30.0,1.0,1.0,Not blown away but not disappointed,3.1,0,1,1,0.0,1.0,0.0,2.0
2386,2025-05-18,Organic,Mobile,USA,Free,Sign-up,3.0,13.0,0.0,0.0,Basic features work fine so far,3.9,0,1,0,0.0,0.0,0.0,6.0
2387,2026-04-22,Organic,Desktop,USA,Free,Landing,2.0,8.0,0.0,0.0,Trial period too short,1.8,0,1,0,0.0,0.0,0.0,1.0
2388,2025-04-04,Paid,Mobile,Germany,Premium,Upgrade,,124.0,8.0,0.0,Real-time sync is fast,4.3,1,0,1,1.0,0.0,0.0,2.0
2389,2025-02-10,Organic,Desktop,USA,Premium,Upgrade,23.0,144.0,11.0,1.0,Real-time sync is fast,4.8,1,0,1,1.0,0.0,0.0,16.0
2390,2025-09-24,Referral,Desktop,India,Free,Onboarding,7.0,38.0,1.0,1.0,It's fine for now,3.8,0,1,1,1.0,1.0,0.0,1.0
2391,2025-11-23,Referral,Mobile,USA,Free,Landing,2.0,6.0,0.0,0.0,Trial period too short,1.1,0,1,0,0.0,0.0,0.0,3.0
2392,2025-04-11,Organic,Desktop,USA,Free,Sign-up,,15.0,0.0,0.0,Still evaluating whether premium is worth it,2.5,0,1,0,0.0,0.0,0.0,3.0
2393,2026-02-22,Referral,Desktop,India,Free,Onboarding,6.0,24.0,1.0,1.0,Meets minimum requirements,2.9,0,1,1,0.0,0.0,0.0,3.0
2394,2026-04-11,Organic,Mobile,UK,Free,Sign-up,2.0,23.0,1.0,0.0,Email notifications are spammy,1.0,0,1,0,0.0,0.0,0.0,8.0
2395,2026-04-11,Organic,Tablet,UK,Free,Landing,2.0,,0.0,0.0,Mobile UI is cluttered,2.1,0,1,0,0.0,0.0,0.0,1.0
2396,2025-09-20,Paid,Mobile,USA,Free,Onboarding,6.0,24.0,1.0,0.0,No strong opinion yet,3.9,0,1,1,1.0,0.0,0.0,11.0
2397,2026-01-06,Organic,Mobile,USA,Free,Landing,,11.0,0.0,0.0,Pricing feels too expensive,1.4,0,1,0,0.0,,0.0,2.0
2398,2025-12-09,Paid,Mobile,USA,Free,First Feature Use,8.0,47.0,,0.0,Decent but not great,2.9,0,1,1,1.0,0.0,0.0,3.0
2399,2025-07-15,Paid,Desktop,Germany,Free,First Feature Use,7.0,64.0,3.0,1.0,Could be better but not terrible,3.1,0,1,1,1.0,0.0,0.0,6.0
2400,2025-07-10,Organic,Desktop,USA,Free,Sign-up,2.0,13.0,1.0,1.0,Cannot customize reports enough,1.8,0,1,0,0.0,0.0,0.0,8.0
2401,2025-04-28,Paid,Desktop,Germany,Free,Sign-up,3.0,21.0,1.0,0.0,Haven't used all features yet,3.4,0,1,0,0.0,0.0,0.0,9.0
2402,2026-04-19,Paid,Desktop,USA,Basic,Onboarding,4.0,41.0,2.0,0.0,Works most of the time,3.4,0,0,1,2.0,1.0,13.0,7.0
2403,2025-04-09,Organic,Desktop,UK,Free,Landing,1.0,11.0,0.0,0.0,App crashes during report export,2.0,0,1,0,0.0,0.0,,4.0
2404,2026-04-28,Organic,Mobile,USA,Free,Landing,2.0,6.0,,0.0,Billing system is confusing,2.4,0,1,0,1.0,0.0,0.0,4.0
2405,2026-04-15,Referral,Mobile,USA,Free,Sign-up,4.0,11.0,0.0,1.0,Average experience so far,3.2,0,1,0,0.0,0.0,0.0,2.0
2406,2025-03-20,Referral,Mobile,USA,Free,Sign-up,3.0,24.0,1.0,0.0,Will evaluate again next month,2.9,0,1,0,0.0,0.0,0.0,5.0
2407,2025-08-03,Organic,Mobile,USA,Premium,Upgrade,23.0,74.0,12.0,0.0,Helped our team productivity,4.6,1,0,1,0.0,0.0,0.0,13.0
2408,2025-04-02,Organic,Mobile,Canada,Free,Sign-up,2.0,21.0,1.0,0.0,Mobile app crashes while exporting reports,2.1,0,1,0,0.0,0.0,0.0,9.0
2409,2025-11-27,Referral,Tablet,India,Free,First Feature Use,10.0,62.0,6.0,1.0,Simple and effective design,4.5,0,1,1,1.0,2.0,0.0,7.0
2410,2025-11-09,Paid,Tablet,India,Free,Onboarding,6.0,39.0,1.0,0.0,Works most of the time,3.5,0,1,1,0.0,0.0,0.0,4.0
2411,2026-01-27,Organic,Mobile,USA,Premium,Upgrade,12.0,126.0,19.0,0.0,Love the reporting features,4.4,1,0,1,1.0,1.0,0.0,1.0
2412,2025-12-06,Paid,Mobile,Germany,Free,First Feature Use,9.0,61.0,7.0,0.0,Integration with Slack was seamless,4.6,0,1,1,0.0,0.0,0.0,3.0
2413,2025-11-29,Paid,Mobile,USA,Free,Landing,2.0,9.0,0.0,0.0,Cannot customize reports enough,2.2,0,1,0,0.0,0.0,0.0,1.0
2414,2025-12-23,Paid,Desktop,Germany,Free,Onboarding,6.0,21.0,3.0,1.0,"Works as expected, nothing special",2.8,0,1,1,1.0,0.0,0.0,6.0
2415,2025-03-04,Organic,Mobile,USA,Basic,Upgrade,15.0,83.0,8.0,0.0,Customer support was excellent,4.0,1,0,1,1.0,0.0,0.0,24.0
2416,2025-12-29,Paid,Desktop,USA,Free,Onboarding,3.0,38.0,1.0,0.0,Average experience so far,2.6,0,1,1,0.0,0.0,0.0,13.0
2417,2025-12-20,Organic,Mobile,Canada,Basic,First Feature Use,11.0,65.0,6.0,1.0,Best SaaS tool I've used,4.1,0,0,1,1.0,0.0,2.0,18.0
2418,2025-06-09,Referral,Desktop,USA,Free,Onboarding,5.0,33.0,2.0,0.0,Need more time before upgrading,3.6,0,1,1,0.0,0.0,0.0,7.0
2419,2026-03-19,Paid,Mobile,Germany,Free,Sign-up,4.0,,1.0,,Needs a few more integrations,,0,1,0,1.0,1.0,0.0,6.0
2420,2025-07-20,Paid,Mobile,USA,Basic,Onboarding,4.0,32.0,3.0,0.0,Ok for basic use,3.3,0,0,1,1.0,0.0,9.0,8.0
2421,2026-02-19,Paid,Mobile,UK,Free,Sign-up,3.0,20.0,1.0,0.0,Basic features work fine so far,3.8,0,1,0,0.0,0.0,0.0,6.0
2422,2025-08-03,Organic,Mobile,Germany,Basic,Onboarding,3.0,37.0,2.0,0.0,Ok for basic use,2.9,0,0,1,0.0,1.0,10.0,11.0
2423,2025-06-07,Referral,Tablet,UK,Free,Sign-up,4.0,,0.0,0.0,Good enough for my use case,3.8,0,1,0,,1.0,0.0,1.0
2424,2025-05-24,,Mobile,India,Free,Landing,1.0,5.0,0.0,0.0,Email notifications are spammy,2.1,0,1,0,1.0,0.0,0.0,4.0
2425,2025-04-12,Referral,Mobile,USA,Free,First Feature Use,5.0,,6.0,0.0,Haven't used all features yet,2.9,0,1,1,0.0,1.0,0.0,19.0
2426,2025-07-21,Organic,Tablet,USA,Premium,Upgrade,14.0,131.0,17.0,0.0,Automated reports are a lifesaver,4.1,1,0,1,0.0,1.0,0.0,4.0
2427,2026-02-13,Organic,Mobile,USA,Free,Onboarding,6.0,35.0,3.0,1.0,Nothing exceptional,3.4,0,1,1,0.0,1.0,0.0,11.0
2428,2025-05-18,Paid,Mobile,USA,Free,Onboarding,4.0,36.0,1.0,0.0,Standard SaaS experience,3.2,0,1,1,0.0,0.0,0.0,12.0
2429,2025-11-14,Paid,Desktop,India,Basic,Onboarding,3.0,,1.0,0.0,Good enough for my use case,3.0,0,0,1,0.0,0.0,5.0,2.0
2430,2025-01-11,Referral,Desktop,USA,Premium,Upgrade,20.0,111.0,13.0,0.0,Integration with Slack was seamless,4.1,1,0,1,1.0,1.0,0.0,6.0
2431,2026-02-26,Paid,Mobile,UK,Free,Landing,2.0,6.0,0.0,0.0,Dashboard loads slowly,1.8,0,1,0,0.0,0.0,0.0,2.0
2432,2026-03-26,Organic,Desktop,India,Basic,Upgrade,21.0,133.0,8.0,0.0,Reporting module saves a lot of time,4.8,1,0,1,1.0,0.0,0.0,27.0
2433,2026-01-14,Referral,Desktop,USA,Free,Onboarding,4.0,28.0,3.0,0.0,Not blown away but not disappointed,2.8,0,1,1,1.0,0.0,0.0,8.0
2434,2025-09-23,,Mobile,Germany,Free,Landing,2.0,7.0,0.0,0.0,Support response time is slow,1.2,0,1,0,0.0,0.0,0.0,6.0
2435,2025-11-23,Referral,Desktop,Canada,Free,First Feature Use,7.0,55.0,3.0,2.0,Standard SaaS experience,3.3,0,1,1,0.0,0.0,0.0,15.0
2436,2026-01-23,Paid,Desktop,USA,Free,First Feature Use,8.0,64.0,3.0,0.0,Will decide after trial ends,3.4,0,1,1,1.0,1.0,0.0,1.0
2437,2025-02-12,Organic,Tablet,USA,Free,Onboarding,6.0,32.0,2.0,0.0,Nothing exceptional,,0,1,1,0.0,0.0,0.0,4.0
2438,2026-05-04,Organic,Tablet,USA,Basic,Onboarding,5.0,23.0,1.0,0.0,Needs a few more integrations,3.5,0,0,1,1.0,0.0,12.0,11.0
2439,2026-03-10,Organic,Mobile,India,Free,Sign-up,3.0,18.0,1.0,0.0,Haven't used all features yet,3.7,0,1,0,1.0,0.0,0.0,2.0
2440,2025-10-20,Organic,Desktop,USA,Free,Sign-up,2.0,19.0,0.0,0.0,Pricing feels too expensive,2.0,0,1,0,0.0,0.0,0.0,3.0
2441,2025-11-09,Organic,Mobile,India,Free,Landing,1.0,8.0,,0.0,Export functionality is limited,1.5,0,1,0,0.0,0.0,0.0,4.0
2442,2025-04-17,,Mobile,USA,Free,First Feature Use,5.0,46.0,7.0,0.0,Will evaluate again next month,3.5,0,1,1,0.0,0.0,0.0,5.0
2443,2025-05-15,Organic,Mobile,India,Free,Landing,2.0,14.0,0.0,0.0,No dark mode,2.1,0,1,0,0.0,0.0,0.0,4.0
2444,2025-02-12,Paid,Desktop,India,Basic,Onboarding,4.0,21.0,3.0,1.0,Still evaluating whether premium is worth it,2.8,0,0,1,0.0,1.0,12.0,2.0
2445,2026-02-10,Referral,Desktop,Canada,Free,Sign-up,2.0,23.0,1.0,0.0,Feature X is broken for weeks,2.4,0,1,0,1.0,1.0,0.0,7.0
2446,2025-02-24,Organic,Mobile,USA,Free,Sign-up,,12.0,0.0,0.0,No strong opinion yet,3.3,0,1,0,0.0,0.0,0.0,6.0
2447,2026-03-17,Organic,Desktop,USA,Free,Landing,2.0,7.0,0.0,0.0,Too many steps during setup process,1.6,0,1,0,0.0,0.0,0.0,3.0
2448,2025-11-13,Organic,Desktop,USA,Basic,First Feature Use,5.0,,4.0,0.0,Standard SaaS experience,2.6,0,1,1,1.0,0.0,0.0,15.0
2449,2025-05-20,Paid,Desktop,USA,Basic,First Feature Use,7.0,55.0,7.0,1.0,Works most of the time,3.7,0,0,1,3.0,0.0,5.0,14.0
2450,2025-07-10,Referral,Mobile,USA,Premium,Upgrade,10.0,89.0,15.0,0.0,The dashboard analytics are extremely useful,4.6,1,0,1,0.0,0.0,0.0,22.0
2451,2025-10-02,Paid,Desktop,Canada,Free,First Feature Use,8.0,32.0,5.0,1.0,Meets minimum requirements,3.4,0,1,1,2.0,0.0,0.0,18.0
2452,2025-01-01,Referral,Tablet,India,Free,Sign-up,2.0,12.0,0.0,0.0,Customer support unhelpful,1.1,0,1,0,0.0,0.0,0.0,4.0
2453,2025-08-14,Paid,Mobile,USA,Free,Onboarding,7.0,28.0,3.0,1.0,Similar to other tools,2.6,0,1,1,1.0,0.0,0.0,2.0
2454,2026-03-17,Paid,Mobile,India,Basic,Onboarding,3.0,42.0,1.0,0.0,Standard SaaS experience,3.8,0,0,1,1.0,0.0,7.0,2.0
2455,2026-02-28,Organic,Tablet,USA,Free,Landing,1.0,7.0,0.0,0.0,Support response time is slow,1.5,0,1,0,,0.0,0.0,5.0
2456,2026-01-25,Referral,Desktop,USA,Free,First Feature Use,6.0,36.0,,1.0,No strong opinion yet,3.7,0,1,1,2.0,1.0,0.0,18.0
2457,2025-04-05,Referral,Mobile,India,Free,Sign-up,4.0,12.0,1.0,1.0,Room for improvement in UI,3.6,0,1,0,0.0,0.0,0.0,2.0
2458,2025-07-05,Paid,Mobile,Canada,Free,First Feature Use,8.0,56.0,5.0,1.0,Room for improvement in UI,3.3,0,1,1,1.0,0.0,0.0,18.0
2459,2025-07-25,Referral,Desktop,USA,Basic,Onboarding,6.0,20.0,3.0,0.0,Nothing exceptional,3.2,0,0,1,0.0,0.0,9.0,3.0
2460,2025-10-07,Organic,Mobile,India,Basic,Onboarding,7.0,25.0,1.0,0.0,Nothing exceptional,2.7,0,0,1,2.0,0.0,7.0,10.0
2461,2025-04-21,Referral,Mobile,Germany,Basic,Upgrade,21.0,62.0,13.0,2.0,The mobile app is surprisingly good,4.0,1,0,1,0.0,0.0,0.0,12.0
2462,2025-07-21,Organic,Mobile,USA,Free,Landing,2.0,14.0,0.0,0.0,Steep learning curve,2.1,0,1,0,0.0,0.0,0.0,1.0
2463,2026-01-15,Organic,Mobile,USA,Free,Onboarding,4.0,41.0,3.0,0.0,Room for improvement in UI,3.3,0,1,1,0.0,0.0,,7.0
2464,2026-01-21,Organic,Desktop,India,Free,Sign-up,3.0,23.0,0.0,0.0,Similar to other tools,3.0,0,1,0,0.0,0.0,0.0,
2465,2025-05-15,Referral,Tablet,India,Basic,Upgrade,23.0,89.0,10.0,2.0,Onboarding tutorial was straightforward,4.5,1,0,1,0.0,0.0,0.0,11.0
2466,2025-08-21,Referral,Mobile,USA,Free,Sign-up,4.0,11.0,0.0,0.0,Needs a few more integrations,2.7,0,1,0,0.0,0.0,0.0,6.0
2467,2026-01-02,Referral,Desktop,USA,Premium,Upgrade,18.0,77.0,15.0,0.0,Worth every penny,4.8,1,0,1,0.0,2.0,0.0,2.0
2468,2025-07-01,Referral,Mobile,UK,Free,First Feature Use,7.0,36.0,7.0,0.0,Could be better but not terrible,2.7,0,1,1,0.0,0.0,0.0,2.0
2469,2025-01-03,Paid,Mobile,India,Free,Onboarding,7.0,31.0,,0.0,Nothing exceptional,2.8,0,1,1,2.0,1.0,0.0,8.0
2470,2026-02-05,Referral,Tablet,UK,Premium,Upgrade,15.0,86.0,9.0,0.0,Real-time sync is fast,4.5,1,0,1,0.0,0.0,0.0,24.0
2471,2025-02-08,Referral,Mobile,USA,Free,First Feature Use,6.0,35.0,3.0,0.0,Basic features work fine so far,3.1,0,1,1,0.0,1.0,0.0,7.0
2472,2025-11-19,Paid,Mobile,India,Free,Onboarding,4.0,40.0,1.0,0.0,Average experience so far,2.5,0,1,1,1.0,0.0,0.0,6.0
2473,2025-04-01,Organic,Mobile,UK,Basic,Onboarding,3.0,36.0,3.0,0.0,Basic features work fine so far,3.1,0,0,1,2.0,0.0,14.0,7.0
2474,2025-01-11,Paid,Desktop,Germany,Free,Sign-up,2.0,14.0,0.0,0.0,Dashboard loads slowly,1.9,0,1,0,0.0,1.0,0.0,9.0
2475,2026-03-02,Referral,Mobile,Germany,Free,Sign-up,4.0,14.0,,0.0,It's fine for now,4.0,0,1,0,1.0,0.0,0.0,1.0
2476,2026-03-22,Referral,Mobile,India,Free,First Feature Use,,65.0,6.0,0.0,Standard SaaS experience,3.9,0,1,1,0.0,0.0,0.0,18.0
2477,2025-02-14,Referral,Desktop,Canada,Basic,Onboarding,7.0,39.0,2.0,0.0,Will decide after trial ends,3.0,0,0,1,0.0,0.0,13.0,8.0
2478,2026-02-14,Referral,Mobile,Canada,Free,First Feature Use,7.0,60.0,3.0,1.0,It's fine for now,3.0,0,1,1,0.0,0.0,0.0,12.0
2479,2025-04-13,Referral,Mobile,UK,Basic,First Feature Use,7.0,63.0,5.0,0.0,Ok for basic use,3.1,0,0,1,0.0,0.0,2.0,14.0
2480,2025-11-17,Paid,Mobile,India,Free,Landing,2.0,14.0,0.0,0.0,No offline access,2.2,0,1,0,0.0,0.0,0.0,6.0
2481,2025-06-26,Paid,Mobile,India,Premium,Upgrade,19.0,95.0,15.0,1.0,Real-time sync is fast,4.0,1,0,1,0.0,0.0,0.0,
2482,2026-01-14,Organic,Mobile,UK,Free,Sign-up,3.0,14.0,0.0,0.0,Needs a few more integrations,3.2,0,1,0,0.0,1.0,0.0,3.0
2483,2026-02-09,Paid,Desktop,USA,Free,Sign-up,3.0,15.0,1.0,0.0,Still exploring features,3.0,0,1,0,1.0,1.0,0.0,3.0
2484,2025-04-08,Paid,Desktop,USA,Free,Sign-up,4.0,16.0,0.0,0.0,Still evaluating whether premium is worth it,3.3,0,1,0,2.0,0.0,0.0,5.0
2485,2025-02-16,Referral,Mobile,USA,Free,Onboarding,6.0,20.0,3.0,1.0,Not sure if I'll continue,3.5,0,1,1,0.0,0.0,0.0,2.0
2486,2025-12-31,Paid,Mobile,USA,Free,Onboarding,7.0,43.0,2.0,0.0,Learning curve is medium,3.3,0,1,1,,0.0,0.0,6.0
2487,2026-01-21,Organic,Mobile,USA,Free,Sign-up,2.0,18.0,0.0,0.0,Support response time is slow,1.6,0,1,0,1.0,0.0,0.0,8.0
2488,2025-09-26,Organic,Mobile,Germany,Free,First Feature Use,9.0,45.0,7.0,0.0,Automated reports are a lifesaver,4.2,0,1,1,2.0,0.0,0.0,17.0
2489,2026-03-26,Paid,Mobile,USA,Free,First Feature Use,11.0,45.0,5.0,1.0,Mobile experience is smooth,4.8,0,1,1,0.0,0.0,0.0,6.0
2490,2025-09-02,Paid,Mobile,USA,Basic,Onboarding,7.0,39.0,2.0,0.0,Still exploring features,2.8,0,0,1,0.0,0.0,10.0,4.0
2491,2026-01-14,Organic,Mobile,UK,Free,Onboarding,7.0,22.0,1.0,0.0,Meets minimum requirements,,0,1,1,0.0,0.0,0.0,13.0
2492,2025-11-03,Organic,Desktop,USA,Free,First Feature Use,11.0,37.0,4.0,1.0,Support team solved my issue quickly,4.8,0,1,1,0.0,0.0,0.0,14.0
2493,2026-01-02,Paid,Mobile,India,Premium,Upgrade,22.0,65.0,13.0,,Best SaaS tool I've used,4.4,1,0,1,0.0,0.0,0.0,7.0
2494,2025-05-25,Organic,Mobile,USA,Basic,First Feature Use,7.0,65.0,3.0,0.0,Basic features work fine so far,3.1,0,0,1,0.0,,2.0,5.0
2495,2025-08-25,Organic,Mobile,USA,Free,Sign-up,4.0,20.0,1.0,1.0,Room for improvement in UI,3.1,0,1,0,0.0,0.0,0.0,7.0
2496,2025-01-29,Organic,Mobile,Germany,Free,Sign-up,2.0,13.0,0.0,0.0,Trial period too short,2.1,0,1,0,0.0,0.0,0.0,2.0
2497,2025-09-04,Paid,Desktop,UK,Free,First Feature Use,8.0,43.0,4.0,1.0,It's fine for now,3.9,0,1,1,0.0,0.0,0.0,18.0
2498,2026-03-07,Paid,Mobile,Germany,Free,Sign-up,4.0,23.0,1.0,1.0,Good enough for my use case,3.0,0,1,0,0.0,1.0,0.0,5.0
2499,2025-01-08,Organic,Mobile,USA,Free,Landing,1.0,12.0,0.0,0.0,Export functionality is limited,2.4,0,1,0,0.0,0.0,0.0,4.0
2500,2025-02-07,Referral,Mobile,USA,Free,Landing,1.0,11.0,0.0,0.0,Feature X is broken for weeks,1.9,0,1,0,0.0,0.0,0.0,
2501,2025-07-11,Organic,Mobile,UK,Free,First Feature Use,7.0,66.0,6.0,2.0,Standard SaaS experience,3.3,0,1,1,0.0,1.0,0.0,14.0
2502,2025-07-17,Organic,Desktop,USA,Premium,Upgrade,18.0,109.0,11.0,0.0,Worth every penny,4.4,1,0,1,1.0,0.0,0.0,19.0
2503,2025-06-21,Organic,Tablet,USA,Free,First Feature Use,7.0,42.0,6.0,0.0,Will decide after trial ends,3.3,0,1,1,1.0,0.0,,13.0
2504,2025-04-16,Organic,Mobile,USA,Free,First Feature Use,7.0,48.0,4.0,0.0,Needs a few more integrations,3.9,0,1,1,2.0,0.0,0.0,17.0
2505,2025-11-06,Organic,Desktop,India,Free,Onboarding,4.0,34.0,3.0,0.0,Will evaluate again next month,3.8,0,1,1,0.0,,0.0,3.0
2506,2025-05-07,Organic,Mobile,India,Free,First Feature Use,11.0,57.0,3.0,0.0,Highly recommend to other teams,4.7,0,1,1,1.0,0.0,,19.0
2507,2026-02-12,Paid,Mobile,USA,Free,Onboarding,5.0,28.0,1.0,0.0,Learning curve is medium,2.9,0,1,1,1.0,0.0,0.0,1.0
2508,2025-04-22,Paid,Mobile,USA,Premium,Upgrade,13.0,81.0,17.0,0.0,The dashboard analytics are extremely useful,4.6,1,0,1,0.0,0.0,0.0,15.0
2509,2026-02-06,Paid,Desktop,Germany,Free,First Feature Use,9.0,62.0,7.0,1.0,Onboarding tutorial was straightforward,4.2,0,1,1,0.0,0.0,0.0,19.0
2510,2025-12-20,Paid,Mobile,USA,Free,First Feature Use,7.0,63.0,,1.0,Need more time before upgrading,3.3,0,1,1,0.0,0.0,0.0,18.0
2511,2025-01-17,Organic,Tablet,UK,Free,Sign-up,4.0,13.0,1.0,1.0,Not sure if I'll continue,2.7,0,1,0,0.0,0.0,0.0,1.0
2512,2025-09-26,Referral,Mobile,UK,Free,First Feature Use,7.0,55.0,5.0,2.0,Not sure if I'll continue,3.0,0,1,1,,0.0,0.0,14.0
2513,2025-09-18,Organic,Mobile,India,Free,First Feature Use,6.0,56.0,6.0,1.0,Basic features work fine so far,3.4,0,1,1,1.0,1.0,0.0,4.0
2514,2025-05-26,Paid,Desktop,USA,Basic,Onboarding,5.0,26.0,1.0,,Learning curve is medium,3.5,0,0,1,0.0,0.0,12.0,12.0
2515,2026-04-21,Organic,Tablet,Germany,Free,Onboarding,5.0,20.0,1.0,0.0,Works most of the time,3.7,0,1,1,0.0,0.0,0.0,11.0
2516,2025-10-06,Referral,Desktop,USA,Free,Onboarding,3.0,39.0,2.0,,Not blown away but not disappointed,3.1,0,1,1,,0.0,0.0,11.0
2517,2025-04-15,Paid,Desktop,USA,Free,Sign-up,3.0,15.0,0.0,1.0,Not blown away but not disappointed,4.0,0,1,0,0.0,0.0,0.0,7.0
2518,2025-12-24,Organic,Mobile,USA,Free,Sign-up,4.0,22.0,0.0,1.0,Learning curve is medium,2.9,0,1,0,0.0,0.0,0.0,2.0
2519,2026-01-08,Paid,Mobile,USA,Free,First Feature Use,10.0,64.0,5.0,1.0,Feature updates are frequent and useful,4.8,0,1,1,1.0,1.0,0.0,5.0
2520,2025-12-04,Organic,Mobile,USA,Free,Landing,2.0,8.0,0.0,0.0,Feature X is broken for weeks,1.2,0,1,0,1.0,0.0,0.0,4.0
2521,2025-04-22,Paid,Mobile,Germany,Free,Sign-up,3.0,22.0,,0.0,Ok for basic use,3.2,0,1,0,1.0,0.0,0.0,1.0
2522,2025-02-08,Paid,Tablet,USA,Free,First Feature Use,11.0,31.0,5.0,0.0,Feature updates are frequent and useful,4.3,0,1,1,2.0,0.0,0.0,4.0
2523,2026-04-07,Organic,Desktop,Germany,Basic,Onboarding,5.0,38.0,,0.0,Average experience so far,3.0,0,0,1,1.0,0.0,11.0,13.0
2524,2025-07-15,Organic,Desktop,USA,Basic,First Feature Use,9.0,59.0,7.0,0.0,Simple and effective design,4.2,0,0,1,1.0,0.0,4.0,12.0
2525,2026-02-22,Organic,Mobile,USA,Free,Landing,2.0,13.0,0.0,1.0,Feature X is broken for weeks,1.3,0,1,0,0.0,0.0,0.0,2.0
2526,2026-04-16,Paid,Desktop,USA,Premium,Upgrade,12.0,108.0,19.0,0.0,The mobile app is surprisingly good,4.5,1,0,1,1.0,0.0,0.0,8.0
2527,2026-01-06,Organic,Desktop,UK,Free,Sign-up,3.0,18.0,1.0,0.0,Meets minimum requirements,3.4,0,1,0,0.0,1.0,0.0,7.0
2528,2025-10-10,Paid,Mobile,India,Free,Sign-up,3.0,12.0,1.0,0.0,"Works as expected, nothing special",2.7,0,1,0,0.0,1.0,0.0,3.0
2529,2025-08-14,Referral,Mobile,Germany,Free,Sign-up,3.0,10.0,1.0,0.0,Basic features work fine so far,3.3,0,1,0,,0.0,0.0,3.0
2530,2025-07-17,Organic,Desktop,India,Free,First Feature Use,8.0,66.0,5.0,0.0,Learning curve is medium,3.9,0,1,1,1.0,0.0,0.0,5.0
2531,2025-04-05,Referral,Desktop,USA,Free,Sign-up,2.0,20.0,1.0,0.0,No offline access,2.0,0,1,0,0.0,0.0,0.0,5.0
2532,2026-01-21,Paid,Tablet,USA,Free,Sign-up,3.0,13.0,1.0,0.0,Works most of the time,3.6,0,1,0,0.0,0.0,0.0,8.0
2533,2025-03-08,Organic,Mobile,Germany,Free,Landing,2.0,7.0,0.0,0.0,No dark mode,2.3,0,1,0,1.0,0.0,0.0,5.0
2534,2026-02-15,Organic,Mobile,Germany,Free,First Feature Use,9.0,54.0,5.0,0.0,Love the reporting features,4.4,0,1,1,1.0,0.0,0.0,4.0
2535,2025-04-11,Paid,Mobile,USA,Free,First Feature Use,7.0,56.0,5.0,0.0,Decent but not great,3.2,0,1,1,1.0,0.0,0.0,16.0
2536,2026-03-30,Organic,Mobile,USA,Basic,Upgrade,,148.0,9.0,1.0,Customer support was excellent,4.6,1,0,1,0.0,0.0,0.0,27.0
2537,2025-02-26,Organic,Desktop,India,Basic,Onboarding,3.0,24.0,1.0,0.0,Good enough for my use case,3.4,0,0,1,1.0,0.0,5.0,10.0
2538,2025-09-11,Organic,Mobile,India,Free,Sign-up,2.0,11.0,0.0,0.0,Pricing too high for small businesses,1.8,0,1,0,0.0,0.0,0.0,6.0
2539,2025-12-10,Paid,Tablet,UK,Free,Onboarding,7.0,25.0,2.0,0.0,Decent but not great,2.7,0,1,1,1.0,,0.0,4.0
2540,2025-12-17,Paid,Desktop,USA,Premium,Upgrade,21.0,83.0,10.0,0.0,Easy onboarding experience,4.2,1,0,1,1.0,0.0,0.0,27.0
2541,2025-10-19,Paid,Mobile,Germany,Free,Sign-up,3.0,20.0,1.0,1.0,Will decide after trial ends,2.8,0,1,0,1.0,0.0,0.0,5.0
2542,2025-10-13,Organic,Mobile,USA,Free,Onboarding,3.0,31.0,1.0,1.0,Not blown away but not disappointed,3.6,0,1,1,0.0,1.0,0.0,2.0
2543,2025-11-21,Referral,Mobile,USA,Free,Onboarding,6.0,37.0,3.0,0.0,Meets minimum requirements,3.6,0,1,1,0.0,0.0,0.0,3.0
2544,2025-09-13,Referral,Desktop,USA,Free,Sign-up,4.0,20.0,0.0,0.0,Still exploring features,2.5,0,1,0,0.0,0.0,0.0,1.0
2545,2025-04-29,,Mobile,USA,Free,Landing,2.0,12.0,0.0,0.0,Missing basic integrations,2.2,0,1,0,0.0,0.0,0.0,5.0
2546,2025-05-27,Organic,Mobile,Germany,Free,Sign-up,4.0,19.0,0.0,0.0,Ok for basic use,3.9,0,1,0,,0.0,0.0,6.0
2547,2025-12-22,Referral,Mobile,UK,Free,Onboarding,6.0,27.0,3.0,0.0,Average experience so far,3.9,0,1,1,0.0,0.0,0.0,1.0
2548,2025-03-27,Referral,Desktop,India,Free,First Feature Use,9.0,61.0,5.0,0.0,Feature updates are frequent and useful,4.6,0,1,1,0.0,0.0,0.0,18.0
2549,2026-02-04,Paid,Mobile,USA,Free,Sign-up,4.0,20.0,0.0,0.0,Will evaluate again next month,3.3,0,1,0,1.0,0.0,0.0,8.0
2550,2025-08-19,Referral,Desktop,India,Free,Onboarding,4.0,37.0,2.0,0.0,Ok for basic use,3.2,0,1,1,0.0,1.0,0.0,13.0
2551,2025-12-17,Paid,Tablet,UK,Basic,Onboarding,4.0,33.0,2.0,0.0,Room for improvement in UI,4.0,0,0,1,0.0,0.0,,12.0
2552,2025-07-06,Organic,Mobile,USA,Free,Onboarding,6.0,26.0,2.0,0.0,Will evaluate again next month,3.0,0,1,1,0.0,0.0,0.0,5.0
2553,2025-01-13,Paid,Mobile,Germany,Basic,Onboarding,6.0,29.0,1.0,0.0,Good enough for my use case,3.2,0,0,1,0.0,1.0,8.0,3.0
2554,2025-08-25,Paid,Mobile,USA,Basic,Upgrade,15.0,129.0,19.0,0.0,Helped our team productivity,4.6,1,0,1,1.0,0.0,0.0,29.0
2555,2025-12-22,Referral,Mobile,USA,Free,Landing,2.0,6.0,0.0,0.0,App crashes during report export,1.1,0,1,0,0.0,0.0,0.0,6.0
2556,2025-07-18,Organic,Mobile,USA,Free,Landing,1.0,5.0,0.0,0.0,No offline access,,0,1,0,0.0,0.0,0.0,5.0
2557,2026-04-07,Paid,Mobile,USA,Free,Onboarding,3.0,44.0,1.0,0.0,Need more time before upgrading,3.1,0,1,1,0.0,0.0,0.0,13.0
2558,2026-03-11,Paid,Desktop,USA,Basic,Onboarding,3.0,33.0,1.0,1.0,Still evaluating whether premium is worth it,4.0,0,0,1,0.0,0.0,13.0,2.0
2559,2025-09-08,Organic,Desktop,India,Premium,Upgrade,12.0,137.0,14.0,0.0,Helped our team productivity,4.7,1,0,1,0.0,0.0,0.0,2.0
2560,2025-01-14,Organic,Mobile,USA,Free,Landing,2.0,13.0,0.0,1.0,Pricing feels too expensive,1.2,0,1,0,0.0,0.0,0.0,6.0
2561,2025-01-03,Referral,Mobile,USA,Basic,Upgrade,,133.0,7.0,2.0,Saves me hours every week,4.9,1,0,1,0.0,0.0,0.0,26.0
2562,2025-06-22,Organic,Desktop,UK,Basic,Onboarding,3.0,43.0,1.0,0.0,Basic features work fine so far,3.7,0,0,1,1.0,0.0,11.0,2.0
2563,2025-10-22,Paid,Mobile,USA,Free,Onboarding,4.0,37.0,2.0,0.0,It's fine for now,4.0,0,1,1,2.0,0.0,0.0,
2564,2026-03-06,Referral,Mobile,India,Free,Landing,2.0,11.0,0.0,0.0,Feature X is broken for weeks,1.2,0,1,0,0.0,0.0,0.0,1.0
2565,2026-04-04,Organic,Mobile,Germany,Free,Landing,2.0,9.0,0.0,0.0,Missing basic integrations,2.3,0,1,0,0.0,0.0,0.0,6.0
2566,2026-04-21,Referral,Tablet,USA,Free,Sign-up,2.0,19.0,1.0,,Too many bugs on mobile,1.7,0,1,0,2.0,0.0,0.0,3.0
2567,2026-04-07,Paid,Mobile,UK,Free,Sign-up,3.0,19.0,0.0,0.0,Not sure if I'll continue,3.5,0,1,0,0.0,0.0,0.0,2.0
2568,2025-11-09,Paid,Desktop,USA,Free,First Feature Use,11.0,48.0,5.0,1.0,Simple and effective design,,0,1,1,0.0,0.0,0.0,6.0
2569,2025-11-25,Organic,Mobile,UK,Free,Sign-up,3.0,24.0,1.0,0.0,It's fine for now,3.4,0,1,0,0.0,0.0,0.0,1.0
2570,2025-08-23,Referral,Desktop,USA,Free,Onboarding,5.0,27.0,3.0,0.0,Meets minimum requirements,3.9,0,1,1,0.0,0.0,0.0,5.0
2571,2025-09-12,Organic,Desktop,USA,Free,Sign-up,3.0,11.0,0.0,0.0,Nothing exceptional,3.9,0,1,0,0.0,0.0,0.0,2.0
2572,2025-11-17,Organic,Desktop,USA,Free,Landing,1.0,7.0,0.0,0.0,App crashes during report export,1.9,0,1,0,0.0,0.0,0.0,3.0
2573,2025-11-14,Organic,Mobile,UK,Free,First Feature Use,6.0,49.0,7.0,3.0,No strong opinion yet,2.6,0,1,1,0.0,0.0,0.0,12.0
2574,2025-07-14,Organic,Mobile,USA,Free,Onboarding,5.0,22.0,1.0,0.0,Ok for basic use,3.3,0,1,1,2.0,0.0,0.0,3.0
2575,2025-05-17,Paid,Mobile,USA,Basic,Upgrade,13.0,97.0,9.0,0.0,Very intuitive UI,,1,0,1,,2.0,0.0,21.0
2576,2025-05-31,Referral,Mobile,Canada,Free,First Feature Use,7.0,41.0,7.0,0.0,Ok for basic use,3.9,0,1,1,1.0,0.0,0.0,8.0
2577,2025-07-21,Referral,Mobile,USA,Basic,First Feature Use,8.0,38.0,4.0,0.0,Will evaluate again next month,3.0,0,0,1,0.0,1.0,2.0,8.0
2578,2025-02-16,Organic,Desktop,UK,Basic,Onboarding,3.0,40.0,2.0,1.0,It's fine for now,2.9,0,0,1,0.0,0.0,8.0,
2579,2026-04-14,Organic,Mobile,USA,Free,Sign-up,,10.0,0.0,0.0,Will decide after trial ends,2.7,0,1,0,0.0,0.0,0.0,2.0
2580,2025-12-13,Paid,Desktop,Germany,Free,First Feature Use,6.0,64.0,6.0,2.0,Good enough for my use case,3.6,0,1,1,0.0,0.0,0.0,13.0
2581,2025-02-27,Organic,Mobile,USA,Basic,First Feature Use,11.0,52.0,7.0,0.0,The API documentation is clear,4.2,0,0,1,1.0,0.0,,9.0
2582,2025-12-02,Referral,Mobile,USA,Premium,Upgrade,14.0,80.0,19.0,0.0,Saves me hours every week,4.5,1,0,1,1.0,0.0,0.0,9.0
2583,2025-08-28,Referral,Mobile,UK,Free,Landing,2.0,11.0,0.0,0.0,Data sync is unreliable,2.0,0,1,0,1.0,0.0,0.0,3.0
2584,2026-02-07,Referral,Mobile,Germany,Free,Landing,2.0,11.0,0.0,0.0,Too many steps during setup process,2.2,0,1,0,0.0,0.0,0.0,3.0
2585,2025-01-05,Organic,Mobile,India,Free,Onboarding,4.0,22.0,1.0,0.0,Will evaluate again next month,2.7,0,1,1,0.0,0.0,0.0,12.0
2586,2025-07-01,Paid,Desktop,USA,Free,Onboarding,3.0,21.0,1.0,0.0,Learning curve is medium,4.0,0,1,1,1.0,0.0,0.0,9.0
2587,2026-02-03,Organic,Mobile,India,Free,Landing,1.0,11.0,0.0,0.0,Dashboard loads slowly,1.1,0,1,0,0.0,0.0,0.0,2.0
2588,2025-06-09,Organic,Desktop,India,Free,Onboarding,7.0,44.0,3.0,0.0,Similar to other tools,3.7,0,1,1,0.0,1.0,0.0,2.0
2589,2026-02-17,Paid,Desktop,Canada,Free,First Feature Use,9.0,47.0,3.0,0.0,Reporting module saves a lot of time,4.1,0,1,1,1.0,0.0,0.0,11.0
2590,2025-12-10,Referral,Mobile,Germany,Free,Onboarding,3.0,37.0,3.0,1.0,Good enough for my use case,3.9,0,1,1,1.0,0.0,0.0,4.0
2591,2025-06-26,Referral,Desktop,UK,Free,First Feature Use,10.0,30.0,4.0,0.0,Real-time sync is fast,4.4,0,1,1,0.0,0.0,0.0,19.0
2592,2025-08-14,Referral,Mobile,India,Basic,First Feature Use,6.0,61.0,,2.0,Haven't used all features yet,3.6,0,0,1,0.0,1.0,3.0,
2593,2025-10-15,Referral,Mobile,UK,Free,First Feature Use,10.0,40.0,5.0,0.0,The mobile app is surprisingly good,4.8,0,1,1,2.0,0.0,0.0,9.0
2594,2025-05-06,Organic,Mobile,UK,Free,Landing,2.0,11.0,0.0,0.0,Pricing feels too expensive,1.9,0,1,0,,0.0,0.0,4.0
2595,2026-01-16,Paid,Mobile,USA,Basic,Onboarding,3.0,38.0,2.0,0.0,Not sure if I'll continue,2.9,0,0,1,1.0,0.0,14.0,
2596,2025-12-29,Organic,Desktop,USA,Free,Landing,1.0,13.0,0.0,0.0,No offline access,1.9,0,1,0,0.0,0.0,0.0,4.0
2597,2026-04-08,Organic,Desktop,USA,Free,Landing,2.0,13.0,0.0,,App crashes during report export,1.8,0,1,0,0.0,0.0,0.0,2.0
2598,2025-05-31,Paid,Mobile,Canada,Free,Landing,2.0,5.0,0.0,0.0,Feature X is broken for weeks,1.8,0,1,0,0.0,0.0,0.0,6.0
2599,2025-12-09,Paid,Mobile,USA,Free,Landing,1.0,12.0,0.0,0.0,Data sync is unreliable,,0,1,0,0.0,0.0,0.0,5.0
2600,2026-02-06,Paid,Mobile,USA,Free,First Feature Use,11.0,33.0,7.0,0.0,Great value for money,4.7,0,1,1,1.0,1.0,0.0,10.0
2601,2025-02-08,Organic,Desktop,USA,Basic,Upgrade,16.0,109.0,15.0,1.0,Helped our team productivity,4.5,1,0,1,0.0,0.0,0.0,22.0
2602,2026-04-04,Organic,Mobile,UK,Free,Landing,2.0,12.0,0.0,0.0,Email notifications are spammy,2.5,0,1,0,0.0,0.0,0.0,3.0
2603,2025-03-07,Organic,Mobile,Germany,Free,Sign-up,3.0,15.0,1.0,0.0,Learning curve is medium,3.6,0,1,0,0.0,0.0,0.0,7.0
2604,2025-02-23,Organic,Desktop,India,Free,Sign-up,2.0,13.0,1.0,0.0,Steep learning curve,1.9,0,1,0,1.0,0.0,0.0,2.0
2605,2026-04-28,Organic,Mobile,USA,Free,Landing,2.0,7.0,0.0,0.0,No offline access,2.0,0,1,0,0.0,0.0,0.0,5.0
2606,2025-07-12,Paid,Tablet,Germany,Basic,First Feature Use,8.0,52.0,6.0,1.0,Could be better but not terrible,3.7,0,0,1,0.0,0.0,7.0,5.0
2607,2025-06-15,Referral,Mobile,USA,Free,Sign-up,2.0,15.0,0.0,0.0,Too many steps during setup process,1.5,0,1,0,0.0,0.0,0.0,6.0
2608,2025-07-07,Organic,Tablet,Canada,Free,Sign-up,2.0,10.0,1.0,0.0,The onboarding tutorial was confusing,1.3,0,1,0,0.0,0.0,0.0,1.0
2609,2026-02-19,Paid,Mobile,USA,Premium,Upgrade,18.0,87.0,11.0,0.0,Mobile experience is smooth,4.1,1,0,1,0.0,1.0,0.0,13.0
2610,2025-10-29,Organic,Mobile,India,Free,Onboarding,7.0,44.0,1.0,1.0,Average experience so far,3.6,0,1,1,1.0,0.0,0.0,6.0
2611,2025-05-02,Referral,Desktop,USA,Free,Landing,1.0,11.0,0.0,1.0,No dark mode,1.6,0,1,0,0.0,0.0,0.0,6.0
2612,2025-09-30,Organic,Desktop,Germany,Free,Sign-up,3.0,20.0,0.0,0.0,Works most of the time,4.0,0,1,0,0.0,0.0,0.0,9.0
2613,2025-08-19,Referral,Desktop,USA,Free,Sign-up,3.0,12.0,1.0,0.0,Could be better but not terrible,3.2,0,1,0,1.0,1.0,0.0,5.0
2614,2026-04-22,Referral,Mobile,USA,Basic,First Feature Use,10.0,67.0,6.0,0.0,Best SaaS tool I've used,4.6,0,0,1,0.0,0.0,7.0,4.0
2615,2025-05-19,Referral,Tablet,Germany,Free,Sign-up,4.0,17.0,1.0,0.0,Will decide after trial ends,2.8,0,1,0,0.0,0.0,0.0,7.0
2616,2025-02-13,Organic,Mobile,USA,Free,Landing,1.0,10.0,0.0,0.0,UI feels outdated,2.5,0,1,0,0.0,0.0,0.0,3.0
2617,2025-12-11,Paid,Mobile,India,Free,Onboarding,5.0,21.0,1.0,0.0,Will evaluate again next month,3.1,0,1,1,0.0,0.0,0.0,11.0
2618,2025-03-02,Organic,Mobile,India,Free,Sign-up,4.0,19.0,0.0,1.0,No strong opinion yet,3.2,0,1,0,0.0,0.0,0.0,6.0
2619,2025-05-08,Organic,Desktop,UK,Free,Onboarding,6.0,44.0,3.0,1.0,Not blown away but not disappointed,3.7,0,1,1,0.0,0.0,0.0,7.0
2620,2025-03-25,Organic,Desktop,USA,Free,Sign-up,3.0,14.0,0.0,0.0,Decent but not great,3.1,0,1,0,0.0,0.0,0.0,5.0
2621,2025-02-11,Referral,Mobile,Germany,Free,Sign-up,2.0,23.0,1.0,,Trial period too short,2.3,0,1,0,0.0,0.0,0.0,2.0
2622,2026-03-11,Referral,Mobile,Germany,Free,Landing,1.0,5.0,0.0,0.0,Cannot customize reports enough,1.9,0,1,0,0.0,0.0,0.0,6.0
2623,2026-03-03,Organic,Mobile,USA,Free,Sign-up,4.0,16.0,0.0,0.0,Decent but not great,3.8,0,1,0,0.0,0.0,0.0,3.0
2624,2025-04-21,Paid,Mobile,USA,Free,Sign-up,3.0,15.0,1.0,0.0,Not blown away but not disappointed,3.9,0,1,0,1.0,0.0,0.0,1.0
2625,2025-06-01,Referral,Mobile,USA,Free,First Feature Use,10.0,68.0,5.0,2.0,Mobile experience is smooth,4.8,0,1,1,0.0,0.0,0.0,1.0
2626,2025-01-05,Paid,Desktop,USA,Basic,Onboarding,7.0,23.0,3.0,0.0,It's fine for now,2.6,0,0,1,0.0,1.0,7.0,6.0
2627,2025-06-09,Organic,Desktop,UK,Free,Landing,2.0,6.0,0.0,0.0,No offline access,2.3,0,1,0,0.0,0.0,0.0,
2628,2026-03-14,Paid,Tablet,Germany,Free,Landing,1.0,10.0,0.0,0.0,Feature X is broken for weeks,1.9,0,1,0,0.0,0.0,0.0,4.0
2629,2025-08-19,Paid,Mobile,India,Free,Landing,1.0,10.0,0.0,0.0,Frequent downtime,1.1,0,1,0,1.0,0.0,0.0,1.0
2630,2025-06-23,Paid,Mobile,India,Free,Sign-up,3.0,,0.0,1.0,Decent but not great,2.9,0,1,0,1.0,0.0,0.0,6.0
2631,2025-04-22,Paid,Mobile,USA,Free,Sign-up,3.0,23.0,0.0,0.0,Will decide after trial ends,3.3,0,1,0,0.0,1.0,0.0,9.0
2632,2025-05-12,Organic,Desktop,USA,Free,Landing,1.0,14.0,0.0,0.0,Too many steps during setup process,1.0,0,1,0,,0.0,0.0,4.0
2633,2025-05-28,Organic,Mobile,India,Free,Sign-up,4.0,12.0,1.0,0.0,"Works as expected, nothing special",3.3,0,1,0,1.0,0.0,0.0,6.0
2634,2025-08-01,Organic,Tablet,India,Free,Sign-up,3.0,10.0,1.0,0.0,No strong opinion yet,3.7,0,1,0,0.0,0.0,0.0,7.0
2635,2025-07-10,Organic,Desktop,India,Free,Landing,2.0,14.0,0.0,0.0,UI feels outdated,2.0,0,1,0,0.0,0.0,0.0,4.0
2636,2025-03-13,Paid,Mobile,USA,Free,Onboarding,7.0,36.0,1.0,1.0,Need more time before upgrading,3.3,0,1,1,0.0,0.0,0.0,12.0
2637,2025-06-17,Organic,Mobile,UK,Free,Sign-up,2.0,19.0,0.0,0.0,Cannot customize reports enough,1.6,0,1,0,0.0,0.0,0.0,1.0
2638,2026-03-09,Referral,Desktop,USA,Basic,Onboarding,6.0,42.0,1.0,1.0,Decent but not great,,0,0,1,1.0,0.0,13.0,2.0
2639,2026-02-26,Organic,Desktop,USA,Free,First Feature Use,5.0,34.0,5.0,1.0,Haven't used all features yet,3.1,0,1,1,2.0,0.0,0.0,8.0
2640,2025-12-31,Paid,Mobile,India,Free,Landing,2.0,5.0,0.0,0.0,Customer support unhelpful,1.0,0,1,0,0.0,0.0,0.0,2.0
2641,2025-11-19,Referral,Mobile,USA,Free,First Feature Use,10.0,66.0,7.0,0.0,Simple and effective design,4.7,0,1,1,0.0,0.0,0.0,4.0
2642,2025-04-27,Referral,Desktop,Germany,Free,Sign-up,3.0,12.0,0.0,0.0,Will evaluate again next month,3.5,0,1,0,0.0,0.0,0.0,6.0
2643,2026-04-26,Referral,Desktop,USA,Free,Landing,1.0,14.0,0.0,1.0,Frequent downtime,1.2,0,1,0,0.0,0.0,0.0,3.0
2644,2025-01-16,Paid,Mobile,UK,Free,Sign-up,2.0,,0.0,1.0,App crashes during report export,1.6,0,1,0,2.0,0.0,0.0,9.0
2645,2025-07-10,Organic,Mobile,India,Premium,Upgrade,21.0,112.0,13.0,,Reporting module saves a lot of time,4.8,1,0,1,1.0,0.0,0.0,19.0
2646,2025-05-28,,Mobile,USA,Free,Sign-up,2.0,11.0,1.0,0.0,Missing key features compared to competitors,1.6,0,1,0,0.0,0.0,0.0,2.0
2647,2025-06-13,Referral,Tablet,India,Basic,Upgrade,13.0,111.0,17.0,0.0,Mobile experience is smooth,4.2,1,0,1,0.0,0.0,0.0,4.0
2648,2025-03-10,Referral,Mobile,India,Free,Onboarding,,23.0,2.0,2.0,Ok for basic use,3.1,0,1,1,0.0,0.0,0.0,10.0
2649,2025-12-28,Paid,Desktop,Germany,Free,Sign-up,2.0,16.0,0.0,0.0,Steep learning curve,2.3,0,1,0,,0.0,0.0,4.0
2650,2025-11-03,Paid,Mobile,USA,Basic,First Feature Use,10.0,33.0,7.0,0.0,Data export works perfectly,4.7,0,1,1,1.0,0.0,0.0,19.0
2651,2025-07-06,Organic,Mobile,USA,Free,Onboarding,3.0,26.0,2.0,1.0,Standard SaaS experience,3.7,0,1,1,1.0,1.0,0.0,10.0
2652,2026-03-08,Paid,Mobile,USA,Free,Sign-up,4.0,21.0,1.0,1.0,Needs a few more integrations,3.8,0,1,0,0.0,0.0,0.0,5.0
2653,2026-03-04,Organic,Mobile,India,Free,Onboarding,3.0,30.0,3.0,0.0,"Works as expected, nothing special",3.4,0,1,1,0.0,0.0,0.0,1.0
2654,2025-06-27,Organic,Desktop,USA,Free,First Feature Use,9.0,63.0,3.0,1.0,Best SaaS tool I've used,4.3,0,1,1,0.0,1.0,0.0,17.0
2655,2026-03-24,Paid,Desktop,USA,Free,First Feature Use,11.0,65.0,4.0,1.0,Love the reporting features,4.6,0,1,1,2.0,0.0,0.0,16.0
2656,2025-09-22,Paid,Mobile,USA,Free,Sign-up,4.0,20.0,0.0,0.0,Standard SaaS experience,2.7,0,1,0,0.0,1.0,0.0,9.0
2657,2025-02-22,Organic,Mobile,USA,Premium,Upgrade,14.0,133.0,14.0,0.0,Customer support was excellent,4.7,1,0,1,1.0,0.0,0.0,15.0
2658,2025-09-19,Referral,Desktop,India,Free,Onboarding,5.0,22.0,3.0,,Similar to other tools,3.4,0,1,1,0.0,0.0,0.0,4.0
2659,2025-06-20,Referral,Mobile,USA,Free,First Feature Use,6.0,56.0,5.0,0.0,Standard SaaS experience,3.5,0,1,1,0.0,0.0,0.0,10.0
2660,2025-11-19,Paid,Mobile,USA,Free,Sign-up,2.0,11.0,,0.0,Export functionality is limited,2.5,0,1,0,0.0,1.0,0.0,
2661,2025-12-23,Paid,Mobile,USA,Free,Sign-up,2.0,17.0,1.0,0.0,Email notifications are spammy,2.2,0,1,0,0.0,0.0,0.0,3.0
2662,2025-04-17,Referral,Tablet,India,Free,Sign-up,4.0,17.0,1.0,0.0,It's fine for now,2.8,0,1,0,0.0,1.0,0.0,1.0
2663,2025-01-05,Organic,Mobile,Germany,Free,Landing,2.0,11.0,0.0,0.0,No offline access,1.2,0,1,0,1.0,0.0,0.0,3.0
2664,2025-12-07,Paid,Desktop,UK,Free,Onboarding,5.0,42.0,1.0,0.0,Decent but not great,2.7,0,1,1,0.0,0.0,0.0,7.0
2665,2025-02-20,Organic,Mobile,USA,Basic,Onboarding,4.0,39.0,2.0,0.0,Haven't used all features yet,2.9,0,0,1,0.0,0.0,14.0,8.0
2666,2025-08-27,Organic,Mobile,USA,Free,Landing,1.0,7.0,0.0,0.0,Dashboard loads slowly,2.4,0,1,0,0.0,0.0,0.0,1.0
2667,2025-03-09,Paid,Mobile,USA,Basic,Onboarding,5.0,31.0,3.0,2.0,Similar to other tools,3.8,0,0,1,0.0,0.0,10.0,2.0
2668,2025-04-22,Paid,Mobile,UK,Free,Sign-up,4.0,10.0,,0.0,Need more time before upgrading,3.8,0,1,0,0.0,0.0,0.0,4.0
2669,2025-03-31,Organic,Desktop,USA,Free,Sign-up,3.0,,1.0,0.0,Could be better but not terrible,2.6,0,1,0,1.0,1.0,0.0,2.0
2670,2026-02-22,Organic,Desktop,Germany,Free,Sign-up,2.0,24.0,0.0,1.0,Pricing feels too expensive,2.0,0,1,0,0.0,,,5.0
2671,2026-01-22,Paid,Mobile,Germany,Free,Onboarding,4.0,26.0,1.0,0.0,Average experience so far,3.6,0,1,1,1.0,0.0,0.0,10.0
2672,2025-03-02,Paid,Desktop,USA,Free,Sign-up,4.0,21.0,0.0,0.0,Works most of the time,2.7,0,1,0,0.0,0.0,0.0,1.0
2673,2026-03-25,Paid,Mobile,USA,Premium,Upgrade,18.0,,15.0,0.0,Reporting module saves a lot of time,4.6,1,0,1,0.0,1.0,0.0,9.0
2674,2026-04-08,Organic,Mobile,USA,Free,First Feature Use,9.0,53.0,5.0,0.0,Support team solved my issue quickly,4.9,0,1,1,0.0,2.0,0.0,8.0
2675,2025-01-09,Paid,Desktop,USA,Free,First Feature Use,8.0,41.0,3.0,0.0,Nothing exceptional,3.4,0,1,1,2.0,0.0,0.0,18.0
2676,2025-12-04,Organic,Desktop,UK,Free,Landing,2.0,8.0,0.0,0.0,No offline access,1.5,0,1,0,0.0,0.0,0.0,6.0
2677,2025-02-07,Organic,Desktop,India,Free,Sign-up,3.0,14.0,0.0,0.0,No strong opinion yet,3.9,0,1,0,0.0,0.0,0.0,4.0
2678,2025-07-29,Paid,Mobile,USA,Basic,First Feature Use,8.0,62.0,7.0,0.0,Basic features work fine so far,2.9,0,0,1,0.0,1.0,2.0,12.0
2679,2025-01-21,Paid,Mobile,India,Free,Sign-up,2.0,24.0,1.0,0.0,Missing key features compared to competitors,1.1,0,1,0,1.0,0.0,0.0,1.0
2680,2025-07-14,Organic,Mobile,UK,Free,Sign-up,4.0,16.0,0.0,1.0,No strong opinion yet,3.3,0,1,0,0.0,0.0,0.0,9.0
2681,2026-02-23,Organic,Desktop,Canada,Premium,Upgrade,16.0,97.0,14.0,0.0,The mobile app is surprisingly good,4.9,1,0,1,0.0,0.0,0.0,12.0
2682,2025-07-21,Paid,Desktop,India,Premium,Upgrade,14.0,69.0,7.0,1.0,Feature updates are frequent and useful,4.5,1,0,1,1.0,0.0,0.0,29.0
2683,2026-02-17,Organic,Mobile,India,Free,Onboarding,6.0,31.0,1.0,0.0,Need more time before upgrading,2.7,0,1,1,0.0,0.0,0.0,11.0
2684,2026-03-13,Organic,Desktop,USA,Free,Sign-up,4.0,12.0,,0.0,Still exploring features,,0,1,0,3.0,0.0,0.0,2.0
2685,2025-11-13,Organic,Mobile,India,Premium,Upgrade,19.0,120.0,9.0,,Integration with Slack was seamless,4.0,1,0,1,1.0,0.0,0.0,26.0
2686,2025-12-23,Organic,Desktop,USA,Free,Landing,1.0,,0.0,0.0,Too many bugs on mobile,1.7,0,1,0,0.0,0.0,0.0,4.0
2687,2025-03-19,Organic,Mobile,India,Free,Landing,2.0,5.0,0.0,0.0,UI feels outdated,1.4,0,1,0,0.0,0.0,0.0,1.0
2688,2025-08-04,Referral,Mobile,USA,Free,Landing,1.0,10.0,0.0,0.0,Support response time is slow,2.3,0,1,0,1.0,0.0,0.0,5.0
2689,2026-04-22,Paid,Mobile,USA,Free,Landing,2.0,12.0,0.0,0.0,Email notifications are spammy,1.1,0,1,0,0.0,0.0,0.0,6.0
2690,2025-12-01,Paid,Mobile,USA,Basic,First Feature Use,9.0,69.0,4.0,0.0,Support team solved my issue quickly,4.9,0,0,1,0.0,0.0,2.0,2.0
2691,2026-04-14,Paid,Desktop,USA,Free,Sign-up,3.0,23.0,0.0,0.0,Nothing exceptional,2.5,0,1,0,0.0,0.0,0.0,3.0
2692,2025-02-13,Paid,Desktop,USA,Premium,Upgrade,23.0,75.0,19.0,0.0,Real-time sync is fast,4.9,1,0,1,0.0,0.0,0.0,7.0
2693,2026-03-19,Referral,Desktop,Canada,Basic,Upgrade,15.0,84.0,17.0,0.0,The API documentation is clear,4.1,1,0,1,0.0,1.0,0.0,2.0
2694,2026-04-19,Paid,Desktop,USA,Basic,First Feature Use,9.0,41.0,3.0,0.0,Real-time sync is fast,4.7,0,0,1,1.0,0.0,3.0,4.0
2695,2026-03-13,Organic,Mobile,India,Premium,Upgrade,11.0,149.0,7.0,0.0,Love the reporting features,4.7,1,0,1,1.0,0.0,,6.0
2696,2025-01-28,Paid,Tablet,USA,Free,Sign-up,2.0,17.0,1.0,1.0,App crashes during report export,1.4,0,1,0,1.0,0.0,0.0,2.0
2697,2025-09-12,Organic,Tablet,USA,Free,Sign-up,4.0,18.0,1.0,0.0,Needs a few more integrations,3.9,0,1,0,0.0,0.0,0.0,2.0
2698,2026-01-15,Paid,Mobile,USA,Free,Sign-up,2.0,15.0,0.0,1.0,Frequent downtime,2.3,0,1,0,0.0,0.0,0.0,3.0
2699,2025-05-28,,Mobile,USA,Free,Onboarding,7.0,24.0,3.0,0.0,Room for improvement in UI,3.9,0,1,1,1.0,0.0,0.0,12.0
2700,2025-04-20,Referral,Desktop,USA,Free,Sign-up,2.0,12.0,0.0,1.0,UI feels outdated,2.4,0,1,0,1.0,0.0,0.0,2.0
2701,2025-12-29,Paid,Mobile,USA,Free,First Feature Use,8.0,48.0,5.0,0.0,Could be better but not terrible,3.1,0,1,1,3.0,1.0,0.0,4.0
2702,2025-10-06,Organic,Desktop,USA,Basic,Onboarding,7.0,32.0,1.0,1.0,Not sure if I'll continue,3.0,0,0,1,0.0,0.0,5.0,
2703,2025-09-12,Organic,Mobile,Germany,Free,First Feature Use,11.0,67.0,7.0,1.0,The API documentation is clear,4.0,0,1,1,0.0,0.0,0.0,17.0
2704,2025-02-05,Organic,Mobile,USA,Free,Onboarding,4.0,36.0,1.0,2.0,Haven't used all features yet,2.6,0,1,1,0.0,1.0,0.0,2.0
2705,2026-03-21,Organic,Mobile,India,Free,Landing,2.0,5.0,0.0,0.0,Missing basic integrations,2.4,0,1,0,1.0,0.0,0.0,2.0
2706,2026-02-14,Organic,Mobile,Canada,Free,First Feature Use,,56.0,6.0,0.0,Decent but not great,2.5,0,1,1,1.0,0.0,0.0,15.0
2707,2025-08-23,,Mobile,India,Free,Landing,1.0,9.0,0.0,1.0,Pricing feels too expensive,2.0,0,1,0,0.0,0.0,0.0,5.0
2708,2025-06-10,Organic,Mobile,Germany,Free,Sign-up,2.0,11.0,0.0,0.0,Data sync is unreliable,1.1,0,1,0,1.0,0.0,0.0,9.0
2709,2025-12-28,Referral,Mobile,USA,Free,Onboarding,3.0,24.0,2.0,0.0,"Works as expected, nothing special",3.7,0,1,1,1.0,0.0,0.0,13.0
2710,2025-04-17,Organic,Desktop,India,Free,First Feature Use,7.0,37.0,5.0,0.0,Decent but not great,2.7,0,1,1,0.0,0.0,0.0,5.0
2711,2025-10-29,Organic,Mobile,USA,Free,Onboarding,4.0,31.0,3.0,0.0,Will evaluate again next month,3.2,0,1,1,1.0,0.0,0.0,12.0
2712,2025-06-26,Organic,Desktop,USA,Premium,Upgrade,21.0,113.0,19.0,0.0,Customer support was excellent,4.8,1,0,1,0.0,0.0,0.0,13.0
2713,2025-02-20,Paid,Mobile,UK,Premium,Upgrade,10.0,84.0,8.0,1.0,Simple and effective design,4.5,1,0,1,0.0,,0.0,19.0
2714,2025-12-08,Organic,Desktop,Germany,Free,Sign-up,3.0,18.0,0.0,0.0,Nothing exceptional,4.0,0,1,0,0.0,0.0,0.0,6.0
2715,2025-02-07,Paid,Tablet,Germany,Basic,Upgrade,14.0,119.0,8.0,0.0,Feature updates are frequent and useful,4.8,1,0,1,2.0,1.0,0.0,23.0
2716,2025-04-16,Organic,Mobile,USA,Basic,Onboarding,4.0,34.0,3.0,1.0,Decent but not great,,0,0,1,1.0,0.0,11.0,1.0
2717,2025-10-31,Paid,Tablet,USA,Free,Landing,1.0,14.0,0.0,0.0,App crashes during report export,1.8,0,1,0,0.0,0.0,0.0,6.0
2718,2025-11-06,Referral,Mobile,India,Free,Onboarding,6.0,26.0,2.0,0.0,Good enough for my use case,2.7,0,1,1,0.0,0.0,0.0,7.0
2719,2025-05-05,Organic,Mobile,India,Free,Landing,2.0,5.0,0.0,0.0,Export functionality is limited,1.7,0,1,0,0.0,0.0,0.0,2.0
2720,2025-12-18,Organic,Desktop,USA,Free,Sign-up,4.0,12.0,1.0,0.0,Still exploring features,2.5,0,1,0,1.0,,0.0,4.0
2721,2025-03-10,Paid,Mobile,USA,Free,Onboarding,4.0,37.0,1.0,0.0,Good enough for my use case,3.5,0,1,1,1.0,0.0,,1.0
2722,2025-07-26,Paid,Mobile,India,Free,Landing,1.0,6.0,,0.0,Mobile UI is cluttered,1.6,0,1,0,1.0,0.0,0.0,3.0
2723,2025-05-22,Paid,Desktop,India,Free,First Feature Use,,31.0,3.0,0.0,Not sure if I'll continue,3.7,0,1,1,1.0,,0.0,19.0
2724,2026-01-08,Paid,Desktop,USA,Premium,Upgrade,13.0,108.0,15.0,0.0,Real-time sync is fast,4.6,1,0,1,0.0,1.0,0.0,28.0
2725,2025-03-22,Paid,Desktop,India,Free,First Feature Use,11.0,46.0,6.0,1.0,Best SaaS tool I've used,4.3,0,1,1,2.0,1.0,0.0,19.0
2726,2025-06-10,Paid,Mobile,UK,Basic,First Feature Use,9.0,32.0,7.0,1.0,Saves me hours every week,4.5,0,0,1,2.0,0.0,6.0,4.0
2727,2025-05-06,Organic,Tablet,Germany,Free,Sign-up,2.0,13.0,0.0,0.0,Dashboard loads slowly,1.8,0,1,0,0.0,1.0,0.0,4.0
2728,2025-08-20,Organic,Desktop,UK,Free,Onboarding,6.0,35.0,1.0,0.0,Will decide after trial ends,3.5,0,1,1,0.0,0.0,0.0,12.0
2729,2025-07-17,Paid,Tablet,USA,Free,Sign-up,2.0,18.0,1.0,0.0,The onboarding tutorial was confusing,2.0,0,1,0,0.0,0.0,0.0,6.0
2730,2025-10-10,Referral,Mobile,Germany,Free,Onboarding,3.0,20.0,1.0,0.0,Good enough for my use case,3.4,0,1,1,0.0,0.0,0.0,1.0
2731,2025-01-16,Referral,Desktop,USA,Free,Onboarding,5.0,21.0,2.0,0.0,Needs a few more integrations,2.6,0,1,1,1.0,0.0,0.0,11.0
2732,2025-07-11,Referral,Desktop,Germany,Free,Landing,1.0,10.0,0.0,0.0,Dashboard loads slowly,2.3,0,1,0,0.0,0.0,0.0,6.0
2733,2025-02-18,Paid,Mobile,India,Free,First Feature Use,,50.0,4.0,0.0,Could be better but not terrible,3.8,0,1,1,0.0,0.0,0.0,11.0
2734,2026-01-31,Paid,Tablet,Germany,Free,Landing,2.0,5.0,0.0,1.0,UI feels outdated,2.2,0,1,0,0.0,0.0,0.0,6.0
2735,2025-12-03,Paid,Mobile,USA,Premium,Upgrade,17.0,116.0,,0.0,Easy onboarding experience,4.9,1,0,1,0.0,0.0,0.0,4.0
2736,2026-03-11,Organic,Mobile,India,Premium,Upgrade,21.0,144.0,12.0,0.0,Love how everything is customisable,4.7,1,0,1,1.0,0.0,0.0,10.0
2737,2025-11-27,Paid,Tablet,India,Free,Onboarding,,35.0,3.0,1.0,Similar to other tools,3.6,0,1,1,3.0,1.0,0.0,12.0
2738,2025-02-28,Organic,Tablet,India,Basic,Upgrade,24.0,145.0,19.0,0.0,Love how everything is customisable,4.7,1,0,1,2.0,0.0,0.0,27.0
2739,2025-04-17,Organic,Mobile,USA,Free,Landing,2.0,11.0,0.0,0.0,Frequent downtime,,0,1,0,0.0,0.0,0.0,5.0
2740,2026-02-26,Paid,Mobile,USA,Basic,Upgrade,20.0,114.0,12.0,0.0,Reporting module saves a lot of time,4.2,1,0,1,0.0,0.0,0.0,28.0
2741,2026-02-26,Paid,Desktop,UK,Free,First Feature Use,8.0,63.0,6.0,0.0,Good enough for my use case,3.3,0,1,1,0.0,1.0,0.0,9.0
2742,2025-06-03,Organic,Tablet,USA,Free,Sign-up,3.0,23.0,1.0,0.0,"Works as expected, nothing special",,0,1,0,0.0,1.0,0.0,9.0
2743,2025-01-20,Organic,Desktop,India,Free,Landing,1.0,8.0,0.0,0.0,Feature X is broken for weeks,2.0,0,1,0,0.0,0.0,0.0,4.0
2744,2025-10-17,Referral,Desktop,USA,Free,Onboarding,5.0,36.0,2.0,0.0,Will decide after trial ends,3.6,0,1,1,1.0,0.0,0.0,3.0
2745,2025-01-09,Paid,Desktop,Germany,Free,Landing,2.0,11.0,0.0,0.0,No dark mode,2.5,0,1,0,1.0,0.0,0.0,6.0
2746,2025-12-11,Paid,Mobile,USA,Free,Onboarding,4.0,43.0,3.0,1.0,Could be better but not terrible,3.0,0,1,1,0.0,0.0,0.0,2.0
2747,2026-02-24,Organic,Tablet,USA,Basic,Onboarding,3.0,40.0,1.0,0.0,Need more time before upgrading,3.8,0,0,1,1.0,0.0,13.0,11.0
2748,2025-10-04,Organic,Mobile,USA,Free,Landing,2.0,13.0,0.0,0.0,Data sync is unreliable,1.4,0,1,0,1.0,0.0,0.0,3.0
2749,2026-04-12,Organic,Desktop,UK,Free,First Feature Use,8.0,44.0,3.0,1.0,Still exploring features,3.8,0,1,1,0.0,0.0,0.0,16.0
2750,2026-01-20,Paid,Mobile,UK,Free,Onboarding,6.0,29.0,3.0,1.0,Need more time before upgrading,3.8,0,1,1,1.0,2.0,0.0,4.0
2751,2025-02-24,Paid,Mobile,UK,Free,Sign-up,2.0,19.0,0.0,1.0,Export functionality is limited,1.3,0,1,0,0.0,0.0,0.0,8.0
2752,2025-01-28,Organic,Desktop,India,Free,First Feature Use,5.0,49.0,5.0,0.0,No strong opinion yet,2.6,0,1,1,0.0,0.0,0.0,18.0
2753,2025-09-19,Organic,Tablet,USA,Free,Onboarding,5.0,20.0,1.0,0.0,Standard SaaS experience,2.9,0,1,1,0.0,0.0,0.0,1.0
2754,2025-05-10,Organic,Desktop,Canada,Free,Onboarding,5.0,36.0,1.0,0.0,Ok for basic use,3.6,0,1,1,0.0,0.0,0.0,13.0
2755,2026-04-22,Paid,Desktop,Germany,Free,Sign-up,4.0,19.0,0.0,1.0,Room for improvement in UI,2.9,0,1,0,0.0,0.0,0.0,6.0
2756,2025-07-31,Organic,Mobile,USA,Free,Sign-up,,20.0,1.0,0.0,Billing system is confusing,1.9,0,1,0,1.0,0.0,0.0,2.0
2757,2025-03-13,Paid,Desktop,Germany,Free,Sign-up,3.0,22.0,0.0,0.0,Room for improvement in UI,3.2,0,1,0,0.0,1.0,0.0,1.0
2758,2026-01-07,Paid,Mobile,India,Free,Sign-up,2.0,12.0,0.0,0.0,Dashboard loads slowly,2.2,0,1,0,0.0,0.0,0.0,2.0
2759,2026-02-09,Referral,Mobile,UK,Free,Sign-up,3.0,18.0,0.0,0.0,Average experience so far,2.7,0,1,0,0.0,0.0,0.0,9.0
2760,2025-06-12,Paid,Mobile,UK,Free,Landing,1.0,11.0,0.0,,Pricing feels too expensive,2.2,0,1,0,0.0,0.0,0.0,6.0
2761,2025-08-17,Organic,Desktop,India,Basic,Onboarding,6.0,32.0,2.0,0.0,It's fine for now,2.5,0,0,1,0.0,0.0,6.0,4.0
2762,2025-02-17,Paid,Tablet,Canada,Free,Landing,2.0,5.0,0.0,0.0,Pricing feels too expensive,1.5,0,1,0,0.0,0.0,0.0,4.0
2763,2025-02-15,Paid,Desktop,UK,Free,Sign-up,2.0,22.0,1.0,1.0,Pricing feels too expensive,1.1,0,1,0,0.0,0.0,0.0,
2764,2025-08-19,Organic,Mobile,USA,Free,Sign-up,2.0,10.0,0.0,1.0,Email notifications are spammy,1.3,0,1,0,0.0,0.0,0.0,1.0
2765,2025-01-16,Paid,Mobile,UK,Free,Onboarding,4.0,31.0,1.0,1.0,Ok for basic use,4.0,0,1,1,0.0,0.0,0.0,13.0
2766,2025-11-06,Referral,Mobile,USA,Free,First Feature Use,6.0,49.0,6.0,2.0,Good enough for my use case,4.0,0,1,1,2.0,0.0,0.0,16.0
2767,2025-01-27,Organic,Mobile,UK,Free,Sign-up,3.0,15.0,,0.0,Good enough for my use case,3.9,0,1,0,0.0,0.0,0.0,2.0
2768,2026-02-17,Paid,Mobile,India,Free,First Feature Use,6.0,54.0,7.0,1.0,Average experience so far,3.6,0,1,1,0.0,0.0,0.0,9.0
2769,2025-07-24,Referral,Desktop,USA,Free,Onboarding,7.0,32.0,3.0,1.0,Room for improvement in UI,2.8,0,1,1,1.0,0.0,0.0,2.0
2770,2026-01-05,Paid,Tablet,USA,Basic,First Feature Use,7.0,46.0,5.0,1.0,"Works as expected, nothing special",3.2,0,1,1,1.0,1.0,0.0,16.0
2771,2025-05-31,Paid,Mobile,India,Free,Onboarding,6.0,20.0,2.0,1.0,Good enough for my use case,2.9,0,1,1,0.0,0.0,0.0,10.0
2772,2026-01-11,Organic,Mobile,USA,Basic,First Feature Use,6.0,46.0,7.0,1.0,Decent but not great,3.8,0,0,1,1.0,1.0,6.0,12.0
2773,2025-11-17,Organic,Desktop,USA,Free,Onboarding,4.0,35.0,3.0,,Nothing exceptional,3.8,0,1,1,0.0,1.0,0.0,1.0
2774,2025-12-26,Paid,Desktop,India,Premium,Upgrade,16.0,123.0,14.0,1.0,Saves me hours every week,4.6,1,0,1,0.0,0.0,0.0,5.0
2775,2025-08-17,Paid,Desktop,Canada,Basic,Upgrade,19.0,68.0,18.0,1.0,Easy onboarding experience,4.7,1,0,1,0.0,0.0,0.0,10.0
2776,2025-03-21,Referral,Mobile,India,Free,Onboarding,6.0,37.0,3.0,0.0,It's fine for now,3.8,0,1,1,0.0,0.0,0.0,9.0
2777,2025-04-15,Organic,Mobile,USA,Free,Landing,2.0,13.0,0.0,0.0,Mobile app crashes while exporting reports,1.5,0,1,0,0.0,0.0,0.0,1.0
2778,2025-11-24,Paid,Tablet,UK,Free,Sign-up,2.0,13.0,0.0,0.0,Too many bugs on mobile,1.4,0,1,0,0.0,1.0,0.0,4.0
2779,2025-06-23,Organic,Mobile,USA,Free,Sign-up,4.0,18.0,1.0,0.0,Basic features work fine so far,3.1,0,1,0,1.0,0.0,0.0,1.0
2780,2025-03-31,Organic,Desktop,India,Free,Onboarding,7.0,34.0,1.0,0.0,Basic features work fine so far,2.9,0,1,1,3.0,0.0,0.0,
2781,2025-05-18,Organic,Mobile,UK,Free,Onboarding,4.0,37.0,3.0,2.0,Needs a few more integrations,3.0,0,1,1,0.0,0.0,0.0,13.0
2782,2025-06-16,Organic,Mobile,Canada,Free,Sign-up,3.0,21.0,,1.0,Works most of the time,3.8,0,1,0,0.0,0.0,0.0,3.0
2783,2025-05-23,Organic,Desktop,Canada,Free,Landing,1.0,7.0,0.0,0.0,Dashboard loads slowly,2.5,0,1,0,0.0,0.0,0.0,3.0
2784,2025-11-27,Organic,Mobile,USA,Free,Landing,1.0,,0.0,0.0,Data sync is unreliable,1.4,0,1,0,0.0,0.0,0.0,2.0
2785,2025-06-23,Organic,Desktop,Canada,Free,Landing,1.0,5.0,0.0,0.0,Dashboard loads slowly,2.2,0,1,0,0.0,0.0,0.0,2.0
2786,2026-03-04,Referral,Mobile,Canada,Free,First Feature Use,9.0,50.0,4.0,3.0,Simple and effective design,4.1,0,1,1,0.0,0.0,0.0,4.0
2787,2026-03-19,Paid,Tablet,UK,Free,Onboarding,7.0,42.0,2.0,0.0,No strong opinion yet,3.3,0,1,1,1.0,0.0,0.0,10.0
2788,2025-11-09,Organic,Mobile,USA,Free,Sign-up,4.0,19.0,1.0,0.0,It's fine for now,3.7,0,1,0,0.0,1.0,0.0,1.0
2789,2025-11-20,Referral,Mobile,India,Free,First Feature Use,11.0,59.0,6.0,1.0,Customer support was excellent,4.5,0,1,1,2.0,0.0,0.0,11.0
2790,2026-02-24,Paid,Mobile,USA,Basic,Upgrade,19.0,61.0,10.0,0.0,Great value for money,4.0,1,0,1,1.0,0.0,0.0,19.0
2791,2025-01-01,Referral,Desktop,UK,Free,First Feature Use,7.0,50.0,4.0,0.0,Ok for basic use,3.6,0,1,1,0.0,0.0,0.0,15.0
2792,2026-02-24,Organic,Desktop,USA,Free,First Feature Use,5.0,33.0,7.0,0.0,"Works as expected, nothing special",3.2,0,1,1,1.0,0.0,0.0,1.0
2793,2025-06-03,Paid,Mobile,UK,Free,Onboarding,7.0,43.0,1.0,0.0,Still evaluating whether premium is worth it,2.7,0,1,1,0.0,1.0,0.0,8.0
2794,2025-01-20,Referral,Desktop,Canada,Free,First Feature Use,7.0,64.0,6.0,0.0,Basic features work fine so far,3.6,0,1,1,0.0,,0.0,2.0
2795,2026-04-28,Organic,Desktop,USA,Free,Landing,1.0,11.0,0.0,0.0,Missing basic integrations,1.3,0,1,0,0.0,0.0,0.0,2.0
2796,2025-07-02,Referral,Desktop,India,Free,Sign-up,2.0,23.0,0.0,0.0,Pricing feels too expensive,2.1,0,1,0,1.0,0.0,0.0,3.0
2797,2025-05-18,Referral,Desktop,USA,Free,Sign-up,3.0,12.0,0.0,0.0,No strong opinion yet,3.8,0,1,0,0.0,0.0,0.0,9.0
2798,2026-01-02,Referral,Desktop,India,Free,Onboarding,4.0,,1.0,1.0,Works most of the time,3.5,0,1,1,0.0,1.0,0.0,4.0
2799,2025-11-19,Organic,Desktop,India,Free,Landing,2.0,8.0,0.0,0.0,Email notifications are spammy,2.4,0,1,0,0.0,0.0,0.0,3.0
2800,2025-03-28,Organic,Mobile,USA,Free,Landing,1.0,7.0,0.0,0.0,Pricing feels too expensive,2.1,0,1,0,0.0,0.0,0.0,3.0
2801,2026-04-08,Organic,Mobile,UK,Free,Onboarding,5.0,31.0,2.0,1.0,No strong opinion yet,2.6,0,1,1,0.0,1.0,0.0,10.0
2802,2026-03-27,Referral,Tablet,Germany,Free,Onboarding,4.0,29.0,1.0,0.0,Ok for basic use,3.6,0,1,1,3.0,0.0,0.0,4.0
2803,2025-07-03,Organic,Mobile,USA,Free,Sign-up,2.0,11.0,0.0,0.0,No offline access,,0,1,0,0.0,0.0,0.0,4.0
2804,2026-03-04,Paid,Mobile,India,Basic,First Feature Use,9.0,52.0,5.0,1.0,Great value for money,4.2,0,0,1,0.0,0.0,3.0,7.0
2805,2025-03-31,Organic,Tablet,India,Free,Onboarding,6.0,24.0,2.0,0.0,Average experience so far,2.7,0,1,1,1.0,0.0,0.0,9.0
2806,2025-03-27,Organic,Mobile,USA,Free,Landing,1.0,13.0,0.0,0.0,Frequent downtime,1.2,0,1,0,0.0,0.0,0.0,
2807,2026-01-25,Organic,Desktop,Germany,Free,Sign-up,4.0,22.0,0.0,2.0,Haven't used all features yet,3.1,0,1,0,0.0,0.0,0.0,3.0
2808,2026-02-06,Paid,Desktop,UK,Free,Onboarding,3.0,44.0,2.0,1.0,Works most of the time,3.7,0,1,1,0.0,0.0,0.0,2.0
2809,2025-04-11,Referral,Tablet,USA,Basic,Onboarding,3.0,24.0,1.0,0.0,Not blown away but not disappointed,3.2,0,0,1,1.0,0.0,11.0,10.0
2810,2025-08-06,Organic,Mobile,USA,Free,First Feature Use,7.0,39.0,6.0,2.0,Still evaluating whether premium is worth it,3.7,0,1,1,,1.0,0.0,17.0
2811,2026-04-29,Referral,Mobile,USA,Free,Onboarding,3.0,21.0,2.0,0.0,Need more time before upgrading,3.4,0,1,1,0.0,0.0,0.0,13.0
2812,2025-06-03,Paid,Tablet,India,Free,Landing,1.0,6.0,0.0,0.0,App crashes during report export,1.5,0,1,0,1.0,0.0,0.0,6.0
2813,2026-04-17,Paid,Mobile,UK,Free,First Feature Use,10.0,48.0,4.0,0.0,The mobile app is surprisingly good,4.3,0,1,1,1.0,0.0,0.0,15.0
2814,2026-04-24,Paid,Mobile,India,Free,Landing,2.0,13.0,0.0,0.0,Trial period too short,2.3,0,1,0,0.0,0.0,0.0,2.0
2815,2025-09-17,Organic,Desktop,India,Free,Landing,1.0,6.0,0.0,0.0,No dark mode,2.1,0,1,0,0.0,0.0,0.0,3.0
2816,2026-02-07,Organic,Mobile,USA,Free,Sign-up,4.0,12.0,0.0,1.0,Standard SaaS experience,3.5,0,1,0,1.0,0.0,0.0,7.0
2817,2026-02-05,Paid,Tablet,UK,Free,Landing,1.0,9.0,0.0,0.0,Data sync is unreliable,1.6,0,1,0,,0.0,0.0,6.0
2818,2025-09-11,Organic,Desktop,Canada,Free,Landing,1.0,6.0,0.0,0.0,Steep learning curve,1.1,0,1,0,0.0,0.0,0.0,4.0
2819,2026-04-16,Paid,Mobile,Canada,Free,Sign-up,3.0,17.0,0.0,1.0,"Works as expected, nothing special",3.8,0,1,0,1.0,0.0,0.0,7.0
2820,2025-08-02,Organic,Mobile,USA,Free,Sign-up,3.0,16.0,1.0,0.0,Will decide after trial ends,4.0,0,1,0,1.0,0.0,0.0,9.0
2821,2025-06-27,Paid,Mobile,India,Free,Onboarding,7.0,31.0,3.0,1.0,Needs a few more integrations,3.1,0,1,1,1.0,0.0,0.0,8.0
2822,2025-04-29,Organic,Mobile,USA,Free,Landing,1.0,5.0,0.0,0.0,Too many steps during setup process,1.6,0,1,0,0.0,0.0,0.0,3.0
2823,2025-04-04,Paid,Desktop,USA,Free,Landing,1.0,11.0,0.0,1.0,Missing basic integrations,1.3,0,1,0,0.0,0.0,0.0,2.0
2824,2025-11-15,Organic,Mobile,India,Free,Landing,2.0,7.0,0.0,0.0,Mobile UI is cluttered,1.8,0,1,0,1.0,0.0,0.0,4.0
2825,2025-06-29,Referral,Mobile,USA,Free,First Feature Use,10.0,65.0,6.0,0.0,Customer support was excellent,4.0,0,1,1,1.0,0.0,0.0,6.0
2826,2025-07-22,Organic,Tablet,USA,Free,Landing,1.0,11.0,0.0,0.0,Data sync is unreliable,2.2,0,1,0,0.0,0.0,0.0,3.0
2827,2025-05-02,Paid,Desktop,India,Free,Onboarding,4.0,24.0,2.0,0.0,Basic features work fine so far,3.0,0,1,1,0.0,,0.0,9.0
2828,2025-09-15,Paid,Mobile,Germany,Free,First Feature Use,5.0,46.0,3.0,1.0,Works most of the time,3.4,0,1,1,1.0,0.0,0.0,3.0
2829,2025-05-27,Paid,Tablet,Germany,Basic,Onboarding,3.0,34.0,3.0,0.0,Will decide after trial ends,2.7,0,0,1,2.0,1.0,11.0,7.0
2830,2025-12-18,Organic,Mobile,UK,Free,Onboarding,5.0,21.0,2.0,1.0,No strong opinion yet,3.5,0,1,1,0.0,0.0,0.0,10.0
2831,2025-12-23,Paid,Tablet,USA,Free,First Feature Use,11.0,38.0,3.0,0.0,Support team solved my issue quickly,4.5,0,1,1,0.0,0.0,0.0,
2832,2025-05-06,Organic,Desktop,USA,Free,Sign-up,3.0,17.0,1.0,0.0,Standard SaaS experience,3.4,0,1,0,0.0,0.0,0.0,8.0
2833,2025-09-28,Organic,Desktop,India,Free,Landing,2.0,7.0,0.0,0.0,UI feels outdated,1.8,0,1,0,1.0,0.0,0.0,1.0
2834,2026-03-30,Paid,Desktop,Germany,Free,Onboarding,7.0,21.0,3.0,3.0,Not sure if I'll continue,3.3,0,1,1,1.0,0.0,0.0,10.0
2835,2026-01-13,Paid,Mobile,Germany,Free,Onboarding,7.0,22.0,3.0,0.0,Basic features work fine so far,2.7,0,1,1,0.0,0.0,0.0,7.0
2836,2025-07-07,Paid,Desktop,India,Free,Onboarding,6.0,21.0,2.0,0.0,Decent but not great,3.4,0,1,1,3.0,0.0,0.0,6.0
2837,2025-04-22,Referral,Desktop,USA,Free,First Feature Use,7.0,45.0,6.0,0.0,Works most of the time,2.8,0,1,1,1.0,0.0,0.0,6.0
2838,2025-12-20,Organic,Mobile,USA,Free,Sign-up,2.0,12.0,0.0,0.0,Export functionality is limited,1.1,0,1,0,0.0,0.0,0.0,1.0
2839,2025-02-28,Referral,Mobile,USA,Free,Onboarding,7.0,25.0,3.0,1.0,Will decide after trial ends,3.8,0,1,1,0.0,1.0,0.0,8.0
2840,2025-06-01,Organic,Desktop,Germany,Free,First Feature Use,11.0,49.0,7.0,3.0,Highly recommend to other teams,4.6,0,1,1,0.0,0.0,0.0,16.0
2841,2025-10-04,Paid,Mobile,USA,Free,Onboarding,4.0,37.0,2.0,1.0,Good enough for my use case,3.4,0,1,1,0.0,0.0,0.0,10.0
2842,2025-04-17,Paid,Desktop,UK,Free,Onboarding,7.0,22.0,3.0,0.0,Meets minimum requirements,3.7,0,1,1,0.0,0.0,0.0,12.0
2843,2025-04-18,Paid,Desktop,USA,Free,First Feature Use,7.0,39.0,3.0,0.0,Average experience so far,3.7,0,1,1,1.0,0.0,0.0,1.0
2844,2026-03-29,Organic,Desktop,India,Free,Sign-up,4.0,20.0,1.0,0.0,Basic features work fine so far,3.8,0,1,0,0.0,0.0,0.0,5.0
2845,2025-07-30,Paid,Mobile,India,Free,Sign-up,4.0,19.0,1.0,0.0,Still exploring features,2.8,0,1,0,1.0,0.0,,2.0
2846,2025-09-13,Organic,Mobile,UK,Premium,Upgrade,24.0,100.0,17.0,0.0,Analytics dashboard is insightful,4.4,1,0,1,1.0,1.0,0.0,28.0
2847,2025-06-27,Organic,Mobile,India,Free,Sign-up,4.0,15.0,0.0,0.0,Learning curve is medium,3.7,0,1,0,0.0,0.0,0.0,9.0
2848,2025-09-04,Organic,Desktop,UK,Free,Onboarding,4.0,25.0,2.0,0.0,Could be better but not terrible,3.2,0,1,1,0.0,,0.0,7.0
2849,2025-02-13,Paid,Desktop,USA,Basic,Onboarding,6.0,40.0,3.0,0.0,No strong opinion yet,2.8,0,0,1,1.0,0.0,11.0,5.0
2850,2025-11-21,Organic,Desktop,USA,Free,First Feature Use,9.0,38.0,7.0,1.0,Helped our team productivity,4.5,0,1,1,0.0,0.0,0.0,
2851,2025-01-26,Organic,Desktop,Canada,Free,Landing,2.0,10.0,0.0,0.0,Customer support unhelpful,2.0,0,1,0,0.0,0.0,0.0,2.0
2852,2025-10-30,Organic,Desktop,USA,Basic,Upgrade,14.0,62.0,12.0,1.0,Mobile experience is smooth,4.6,1,0,1,2.0,0.0,0.0,27.0
2853,2026-03-13,Organic,Mobile,USA,Free,Sign-up,3.0,24.0,1.0,0.0,Room for improvement in UI,3.1,0,1,0,,0.0,0.0,9.0
2854,2026-03-15,Referral,Desktop,USA,Basic,Onboarding,4.0,38.0,2.0,1.0,Similar to other tools,2.7,0,0,1,0.0,0.0,8.0,2.0
2855,2025-06-27,Referral,Mobile,USA,Premium,Upgrade,14.0,126.0,9.0,0.0,Onboarding tutorial was straightforward,4.2,1,0,1,0.0,0.0,0.0,22.0
2856,2026-02-27,Organic,Mobile,USA,Free,Sign-up,3.0,22.0,0.0,1.0,Will decide after trial ends,3.6,0,1,0,0.0,,0.0,9.0
2857,2025-06-19,Paid,Mobile,UK,Basic,First Feature Use,5.0,62.0,4.0,0.0,Still exploring features,3.0,0,0,1,1.0,0.0,1.0,1.0
2858,2025-04-01,Paid,Mobile,Canada,Free,Sign-up,3.0,20.0,1.0,0.0,Room for improvement in UI,3.9,0,1,0,0.0,0.0,0.0,1.0
2859,2025-02-27,Paid,Mobile,India,Free,Sign-up,4.0,24.0,0.0,1.0,Still exploring features,3.2,0,1,0,0.0,1.0,0.0,6.0
2860,2025-05-11,Paid,Mobile,USA,Free,Sign-up,2.0,12.0,1.0,0.0,Data sync is unreliable,1.7,0,1,0,0.0,0.0,0.0,9.0
2861,2025-04-23,Organic,Mobile,India,Free,Landing,1.0,5.0,0.0,0.0,Export functionality is limited,1.4,0,1,0,0.0,0.0,0.0,2.0
2862,2025-07-28,Paid,Tablet,India,Free,Sign-up,3.0,24.0,0.0,0.0,"Works as expected, nothing special",3.6,0,1,0,0.0,0.0,0.0,5.0
2863,2025-01-05,Organic,Mobile,Germany,Free,Landing,2.0,9.0,0.0,0.0,No dark mode,2.3,0,1,0,0.0,0.0,0.0,6.0
2864,2025-04-20,Organic,Desktop,USA,Free,Sign-up,2.0,,1.0,0.0,Cannot customize reports enough,1.8,0,1,0,0.0,0.0,0.0,5.0
2865,2025-04-24,Paid,Mobile,USA,Free,First Feature Use,6.0,65.0,5.0,2.0,Nothing exceptional,3.5,0,1,1,2.0,0.0,0.0,5.0
2866,2025-08-07,Paid,Mobile,India,Free,First Feature Use,7.0,66.0,4.0,0.0,It's fine for now,2.9,0,1,1,1.0,2.0,0.0,11.0
2867,2026-02-01,Organic,Mobile,India,Free,Onboarding,7.0,35.0,2.0,0.0,Standard SaaS experience,3.1,0,1,1,0.0,0.0,0.0,5.0
2868,2025-06-10,Paid,Mobile,UK,Premium,Upgrade,17.0,130.0,9.0,0.0,Great value for money,4.4,1,0,1,0.0,0.0,0.0,23.0
2869,2025-12-16,Paid,Desktop,USA,Free,Onboarding,3.0,,1.0,2.0,Not blown away but not disappointed,3.5,0,1,1,1.0,1.0,0.0,3.0
2870,2025-07-22,Referral,Mobile,India,Free,Onboarding,3.0,31.0,3.0,0.0,Average experience so far,3.5,0,1,1,1.0,0.0,0.0,9.0
2871,2025-01-07,Paid,Mobile,USA,Free,Sign-up,2.0,,1.0,0.0,The onboarding tutorial was confusing,1.8,0,1,0,1.0,0.0,0.0,2.0
2872,2025-02-28,Paid,Mobile,USA,Free,Landing,1.0,14.0,0.0,0.0,Support response time is slow,1.5,0,1,0,0.0,0.0,0.0,5.0
2873,2026-04-28,Paid,Desktop,USA,Basic,First Feature Use,9.0,35.0,6.0,0.0,Best SaaS tool I've used,4.6,0,0,1,0.0,1.0,,12.0
2874,2025-10-12,Organic,Desktop,USA,Free,Onboarding,3.0,,,1.0,Meets minimum requirements,3.2,0,1,1,0.0,0.0,0.0,11.0
2875,2025-07-07,Organic,Mobile,USA,Free,First Feature Use,7.0,42.0,5.0,0.0,Will evaluate again next month,3.6,0,1,1,0.0,0.0,0.0,18.0
2876,2025-11-26,Organic,Mobile,USA,Basic,Upgrade,20.0,145.0,19.0,1.0,The mobile app is surprisingly good,4.3,1,0,1,0.0,0.0,0.0,13.0
2877,2025-04-21,Paid,Mobile,USA,Free,First Feature Use,10.0,60.0,7.0,0.0,Very intuitive UI,4.4,0,1,1,1.0,0.0,0.0,4.0
2878,2025-06-02,Paid,Mobile,USA,Free,Landing,1.0,9.0,0.0,0.0,Feature X is broken for weeks,1.6,0,1,0,0.0,0.0,0.0,4.0
2879,2025-02-08,Referral,Mobile,USA,Free,First Feature Use,9.0,35.0,5.0,1.0,The mobile app is surprisingly good,4.4,0,1,1,1.0,0.0,0.0,14.0
2880,2025-02-11,Paid,Desktop,USA,Free,Sign-up,2.0,12.0,0.0,0.0,Customer support unhelpful,2.0,0,1,0,0.0,0.0,0.0,1.0
2881,2025-12-19,Organic,Desktop,USA,Free,First Feature Use,10.0,67.0,3.0,0.0,Easy onboarding experience,4.9,0,1,1,1.0,0.0,0.0,6.0
2882,2025-04-10,Organic,Desktop,USA,Free,First Feature Use,11.0,38.0,5.0,1.0,Great value for money,4.4,0,1,1,0.0,0.0,0.0,3.0
2883,2025-07-11,Organic,Desktop,USA,Free,Sign-up,2.0,21.0,1.0,0.0,Missing key features compared to competitors,1.8,0,1,0,0.0,0.0,0.0,3.0
2884,2025-12-09,Paid,Mobile,USA,Basic,First Feature Use,5.0,47.0,4.0,1.0,Not blown away but not disappointed,3.4,0,0,1,0.0,0.0,5.0,4.0
2885,2025-10-07,Paid,Mobile,USA,Free,Landing,,13.0,0.0,0.0,No offline access,1.3,0,1,0,0.0,0.0,0.0,1.0
2886,2025-01-12,Referral,Mobile,India,Free,First Feature Use,11.0,,7.0,0.0,Mobile experience is smooth,4.3,0,1,1,0.0,0.0,0.0,14.0
2887,2025-11-17,Paid,Desktop,UK,Free,Onboarding,6.0,40.0,3.0,1.0,Basic features work fine so far,2.6,0,1,1,0.0,0.0,0.0,4.0
2888,2026-03-20,Referral,Mobile,Germany,Free,Sign-up,4.0,11.0,1.0,0.0,Not sure if I'll continue,3.0,0,1,0,0.0,1.0,0.0,5.0
2889,2025-09-30,,Tablet,UK,Free,First Feature Use,6.0,33.0,3.0,1.0,Haven't used all features yet,2.9,0,1,1,2.0,0.0,0.0,10.0
2890,2025-09-09,Referral,Mobile,Germany,Free,Onboarding,3.0,39.0,1.0,1.0,Basic features work fine so far,2.7,0,1,1,0.0,0.0,0.0,5.0
2891,2025-08-10,Paid,Mobile,USA,Free,Landing,2.0,13.0,0.0,0.0,Customer support unhelpful,1.8,0,1,0,1.0,0.0,0.0,5.0
2892,2025-07-04,Paid,Desktop,UK,Free,Onboarding,7.0,44.0,3.0,1.0,Standard SaaS experience,2.6,0,1,1,2.0,0.0,0.0,7.0
2893,2025-04-28,Paid,Mobile,UK,Free,Onboarding,,20.0,1.0,2.0,Need more time before upgrading,2.6,0,1,1,0.0,0.0,0.0,7.0
2894,2026-03-03,Paid,Mobile,Germany,Free,Sign-up,,17.0,1.0,0.0,Similar to other tools,3.6,0,1,0,0.0,0.0,0.0,8.0
2895,2025-02-09,Organic,Mobile,USA,Basic,Onboarding,3.0,24.0,3.0,1.0,It's fine for now,3.0,0,0,1,1.0,0.0,5.0,9.0
2896,2026-01-11,Organic,Mobile,Germany,Free,Landing,1.0,6.0,0.0,0.0,Customer support unhelpful,1.0,0,1,0,0.0,0.0,0.0,2.0
2897,2025-04-08,Organic,Desktop,UK,Free,Landing,,6.0,0.0,0.0,No dark mode,1.3,0,1,0,0.0,0.0,0.0,6.0
2898,2025-12-25,Paid,Desktop,India,Free,First Feature Use,7.0,44.0,5.0,0.0,Standard SaaS experience,3.2,0,1,1,2.0,0.0,0.0,16.0
2899,2025-05-07,Paid,Mobile,Germany,Basic,First Feature Use,5.0,40.0,4.0,,Still exploring features,2.6,0,0,1,2.0,0.0,7.0,13.0
2900,2026-04-21,Organic,Mobile,Canada,Free,Sign-up,3.0,14.0,0.0,0.0,Room for improvement in UI,2.5,0,1,0,0.0,0.0,0.0,9.0
2901,2026-03-04,Organic,Mobile,India,Free,Landing,2.0,8.0,0.0,0.0,Missing key features compared to competitors,2.2,0,1,0,0.0,0.0,0.0,1.0
2902,2025-02-08,,Desktop,USA,Free,Sign-up,3.0,24.0,0.0,0.0,Basic features work fine so far,,0,1,0,0.0,1.0,0.0,5.0
2903,2025-04-06,Paid,Mobile,USA,Basic,Upgrade,13.0,132.0,19.0,0.0,Highly recommend to other teams,4.7,1,0,1,0.0,0.0,0.0,10.0
2904,2026-01-23,Organic,Mobile,USA,Free,Onboarding,7.0,38.0,3.0,0.0,Room for improvement in UI,2.6,0,1,1,0.0,0.0,0.0,6.0
2905,2025-10-07,Organic,Mobile,USA,Free,Landing,2.0,10.0,0.0,0.0,Dashboard loads slowly,2.3,0,1,0,0.0,0.0,0.0,4.0
2906,2026-03-19,Organic,Mobile,USA,Premium,Upgrade,,64.0,14.0,1.0,Simple and effective design,4.9,1,0,1,1.0,0.0,0.0,
2907,2025-12-09,Organic,Desktop,UK,Free,Sign-up,2.0,10.0,1.0,0.0,The onboarding tutorial was confusing,1.4,0,1,0,0.0,1.0,0.0,8.0
2908,2025-12-15,Referral,Desktop,India,Free,Landing,2.0,8.0,0.0,0.0,Frequent downtime,2.4,0,1,0,0.0,,0.0,1.0
2909,2025-09-17,Organic,Mobile,USA,Basic,Upgrade,11.0,123.0,19.0,1.0,Great value for money,4.9,1,0,1,0.0,0.0,0.0,4.0
2910,2026-03-28,Paid,Desktop,UK,Free,Onboarding,3.0,30.0,3.0,1.0,Good enough for my use case,3.9,0,1,1,0.0,1.0,0.0,9.0
2911,2025-07-21,Paid,Mobile,USA,Free,Landing,2.0,12.0,0.0,0.0,UI feels outdated,1.3,0,1,0,1.0,0.0,0.0,5.0
2912,2025-08-14,Referral,Mobile,Germany,Free,Sign-up,4.0,17.0,1.0,0.0,Nothing exceptional,3.8,0,1,0,0.0,0.0,0.0,6.0
2913,2025-12-29,Organic,Mobile,USA,Basic,First Feature Use,11.0,43.0,4.0,1.0,Great value for money,4.8,0,0,1,1.0,0.0,7.0,15.0
2914,2025-03-24,Organic,Mobile,UK,Free,Sign-up,2.0,14.0,1.0,,Data sync is unreliable,2.4,0,1,0,0.0,0.0,0.0,7.0
2915,2025-08-27,Organic,Desktop,Canada,Free,Onboarding,6.0,24.0,1.0,1.0,No strong opinion yet,3.6,0,1,1,0.0,1.0,0.0,6.0
2916,2025-03-27,Organic,Tablet,USA,Basic,First Feature Use,9.0,53.0,5.0,1.0,Helped our team productivity,4.8,0,0,1,1.0,1.0,2.0,12.0
2917,2025-11-27,Paid,Mobile,India,Free,Onboarding,5.0,24.0,3.0,2.0,Basic features work fine so far,2.7,0,1,1,2.0,,0.0,1.0
2918,2025-08-29,Organic,Mobile,Germany,Free,Onboarding,4.0,25.0,1.0,0.0,Decent but not great,3.1,0,1,1,1.0,0.0,0.0,8.0
2919,2025-09-04,Organic,Mobile,USA,Free,Onboarding,7.0,35.0,1.0,1.0,Could be better but not terrible,3.2,0,1,1,,0.0,0.0,2.0
2920,2026-01-09,Referral,Desktop,Canada,Free,First Feature Use,7.0,35.0,5.0,0.0,Works most of the time,3.6,0,1,1,1.0,0.0,0.0,
2921,2026-01-25,Paid,Desktop,India,Free,Onboarding,5.0,36.0,1.0,0.0,Still exploring features,3.7,0,1,1,0.0,0.0,0.0,11.0
2922,2025-11-30,Organic,Mobile,USA,Free,Sign-up,2.0,10.0,1.0,0.0,App crashes during report export,2.3,0,1,0,0.0,0.0,0.0,5.0
2923,2025-12-12,Organic,Desktop,USA,Free,Sign-up,3.0,18.0,1.0,0.0,Meets minimum requirements,3.9,0,1,0,0.0,0.0,0.0,3.0
2924,2025-04-22,Organic,Desktop,UK,Free,Landing,1.0,6.0,0.0,0.0,App crashes during report export,1.4,0,1,0,0.0,0.0,0.0,4.0
2925,2025-02-12,Referral,Mobile,Germany,Free,First Feature Use,8.0,53.0,6.0,0.0,Ok for basic use,2.8,0,1,1,0.0,0.0,,15.0
2926,2026-04-11,Referral,Mobile,USA,Free,First Feature Use,11.0,66.0,4.0,0.0,Easy onboarding experience,4.3,0,1,1,1.0,0.0,0.0,1.0
2927,2026-03-11,Referral,Desktop,India,Basic,First Feature Use,8.0,44.0,6.0,0.0,Works most of the time,3.0,0,0,1,0.0,2.0,3.0,10.0
2928,2026-01-08,Referral,Mobile,USA,Premium,Upgrade,19.0,68.0,16.0,1.0,Very intuitive UI,4.4,1,0,1,0.0,0.0,0.0,
2929,2025-03-03,Paid,Mobile,India,Free,Onboarding,4.0,24.0,2.0,0.0,Ok for basic use,3.9,0,1,1,1.0,0.0,0.0,8.0
2930,2025-07-22,Organic,Mobile,India,Free,Onboarding,7.0,44.0,1.0,0.0,Not sure if I'll continue,2.6,0,1,1,2.0,0.0,0.0,9.0
2931,2025-08-13,Organic,Mobile,UK,Free,Landing,2.0,10.0,0.0,0.0,App crashes during report export,1.9,0,1,0,0.0,0.0,0.0,4.0
2932,2026-04-28,Paid,Desktop,UK,Free,Sign-up,4.0,15.0,1.0,2.0,Decent but not great,2.9,0,1,0,1.0,0.0,0.0,5.0
2933,2025-03-29,Referral,Mobile,Germany,Free,Onboarding,3.0,42.0,3.0,0.0,Learning curve is medium,3.6,0,1,1,,0.0,0.0,4.0
2934,2025-12-05,Organic,Mobile,USA,Free,Landing,1.0,9.0,0.0,0.0,Pricing too high for small businesses,1.2,0,1,0,0.0,0.0,,4.0
2935,2026-02-26,Paid,Mobile,India,Free,First Feature Use,11.0,40.0,6.0,0.0,The mobile app is surprisingly good,4.7,0,1,1,1.0,1.0,0.0,6.0
2936,2026-03-31,Referral,Desktop,USA,Free,Onboarding,3.0,32.0,3.0,1.0,Room for improvement in UI,3.2,0,1,1,1.0,,0.0,10.0
2937,2025-01-26,Organic,Mobile,India,Free,Landing,1.0,12.0,0.0,0.0,Mobile app crashes while exporting reports,2.3,0,1,0,0.0,0.0,0.0,
2938,2025-08-13,Referral,Desktop,India,Free,First Feature Use,6.0,65.0,7.0,1.0,Average experience so far,3.8,0,1,1,1.0,0.0,0.0,8.0
2939,2025-04-19,Organic,Mobile,USA,Free,Landing,2.0,8.0,0.0,0.0,Trial period too short,2.0,0,1,0,0.0,0.0,0.0,3.0
2940,2025-12-02,Paid,Desktop,India,Free,First Feature Use,10.0,35.0,3.0,0.0,Mobile experience is smooth,4.5,0,1,1,0.0,1.0,0.0,18.0
2941,2026-01-29,Organic,Desktop,UK,Free,First Feature Use,10.0,47.0,7.0,1.0,Real-time sync is fast,5.0,0,1,1,2.0,2.0,0.0,6.0
2942,2025-09-15,Paid,Desktop,Germany,Free,Landing,2.0,8.0,0.0,0.0,No dark mode,1.3,0,1,0,0.0,0.0,0.0,3.0
2943,2026-04-20,Paid,Mobile,USA,Free,Sign-up,2.0,12.0,0.0,0.0,Missing basic integrations,1.8,0,1,0,1.0,0.0,0.0,1.0
2944,2025-08-25,Organic,Desktop,USA,Free,Onboarding,3.0,23.0,2.0,2.0,Nothing exceptional,3.7,0,1,1,0.0,1.0,0.0,3.0
2945,2025-11-23,Referral,Mobile,India,Basic,First Feature Use,10.0,37.0,3.0,,The mobile app is surprisingly good,4.0,0,0,1,1.0,1.0,5.0,7.0
2946,2026-03-06,Paid,Desktop,India,Free,Onboarding,4.0,20.0,3.0,1.0,Room for improvement in UI,3.4,0,1,1,1.0,0.0,0.0,6.0
2947,2025-06-17,Paid,Mobile,USA,Free,Landing,1.0,,0.0,0.0,Trial period too short,,0,1,0,0.0,0.0,0.0,5.0
2948,2025-08-30,Organic,Desktop,Canada,Free,Landing,2.0,6.0,0.0,0.0,Missing basic integrations,1.0,0,1,0,0.0,0.0,0.0,2.0
2949,2025-07-03,Referral,Mobile,India,Free,Landing,1.0,8.0,0.0,0.0,Data sync is unreliable,2.0,0,1,0,0.0,0.0,0.0,6.0
2950,2025-09-26,Organic,Desktop,Canada,Basic,Upgrade,12.0,69.0,15.0,0.0,Great value for money,4.9,1,0,1,0.0,0.0,0.0,28.0
2951,2026-04-19,Organic,Desktop,UK,Basic,First Feature Use,10.0,51.0,5.0,0.0,Automated reports are a lifesaver,4.4,0,1,1,0.0,0.0,0.0,3.0
2952,2026-01-06,Organic,Mobile,USA,Free,Landing,1.0,6.0,0.0,0.0,No dark mode,2.0,0,1,0,0.0,0.0,0.0,6.0
2953,2026-04-16,Organic,Tablet,USA,Free,Landing,2.0,14.0,0.0,0.0,Too many steps during setup process,1.9,0,1,0,1.0,0.0,0.0,5.0
2954,2025-08-03,Referral,Mobile,Canada,Free,Sign-up,4.0,14.0,1.0,0.0,Could be better but not terrible,3.9,0,1,0,1.0,1.0,0.0,9.0
2955,2026-04-13,Organic,Tablet,USA,Free,Sign-up,2.0,24.0,0.0,0.0,Customer support unhelpful,1.8,0,1,0,,0.0,0.0,6.0
2956,2026-01-06,Organic,Desktop,Canada,Free,Sign-up,2.0,19.0,0.0,0.0,Dashboard loads slowly,2.4,0,1,0,0.0,0.0,0.0,7.0
2957,2025-08-15,Referral,Tablet,India,Free,Onboarding,7.0,34.0,1.0,1.0,Haven't used all features yet,3.6,0,1,1,0.0,0.0,0.0,5.0
2958,2026-02-21,Paid,Mobile,USA,Free,Landing,2.0,14.0,0.0,0.0,Steep learning curve,1.5,0,1,0,0.0,0.0,0.0,6.0
2959,2025-06-30,Paid,Mobile,UK,Free,First Feature Use,7.0,35.0,3.0,0.0,Average experience so far,3.3,0,1,1,2.0,0.0,0.0,
2960,2025-01-20,Organic,Desktop,UK,Free,Sign-up,2.0,15.0,1.0,1.0,Billing system is confusing,2.0,0,1,0,,0.0,0.0,5.0
2961,2025-08-18,Paid,Tablet,India,Free,First Feature Use,8.0,36.0,3.0,0.0,No strong opinion yet,3.9,0,1,1,2.0,0.0,0.0,
2962,2025-08-13,Organic,Mobile,USA,Free,Landing,2.0,5.0,0.0,0.0,Feature X is broken for weeks,2.3,0,1,0,0.0,0.0,0.0,6.0
2963,2026-01-22,Referral,Mobile,Germany,Basic,First Feature Use,7.0,50.0,4.0,0.0,Decent but not great,2.5,0,0,1,2.0,0.0,7.0,5.0
2964,2025-03-16,Paid,Mobile,UK,Free,Onboarding,6.0,32.0,2.0,0.0,Meets minimum requirements,2.6,0,1,1,1.0,0.0,0.0,10.0
2965,2025-04-26,Paid,Desktop,Germany,Free,Landing,2.0,7.0,0.0,0.0,No offline access,1.4,0,1,0,1.0,0.0,0.0,5.0
2966,2025-04-16,Organic,Desktop,UK,Free,Landing,1.0,10.0,0.0,0.0,Trial period too short,2.5,0,1,0,0.0,0.0,0.0,3.0
2967,2025-02-04,Organic,Mobile,USA,Free,Sign-up,3.0,17.0,0.0,0.0,Similar to other tools,3.9,0,1,0,2.0,0.0,,2.0
2968,2025-04-18,Organic,Mobile,UK,Basic,First Feature Use,10.0,30.0,5.0,3.0,Analytics dashboard is insightful,4.7,0,1,1,1.0,1.0,7.0,14.0
2969,2025-05-30,Organic,Desktop,India,Free,Onboarding,6.0,34.0,,0.0,Nothing exceptional,3.7,0,1,1,1.0,1.0,0.0,9.0
2970,2025-09-09,Organic,Mobile,USA,Free,Sign-up,3.0,19.0,1.0,0.0,It's fine for now,3.8,0,1,0,0.0,0.0,0.0,5.0
2971,2026-01-30,Paid,Desktop,Canada,Free,Sign-up,2.0,10.0,1.0,0.0,Export functionality is limited,2.2,0,1,0,1.0,0.0,0.0,1.0
2972,2025-07-26,Organic,Mobile,USA,Free,Onboarding,3.0,30.0,2.0,0.0,Not sure if I'll continue,2.6,0,1,1,1.0,,0.0,11.0
2973,2025-11-03,Paid,Desktop,Canada,Free,Onboarding,4.0,33.0,2.0,1.0,Meets minimum requirements,2.6,0,1,1,1.0,0.0,0.0,10.0
2974,2025-06-21,Organic,Desktop,Germany,Premium,Upgrade,19.0,89.0,13.0,1.0,The dashboard analytics are extremely useful,4.6,1,0,1,0.0,0.0,0.0,20.0
2975,2026-02-25,Organic,Mobile,India,Free,Landing,2.0,6.0,0.0,0.0,Export functionality is limited,1.7,0,1,0,0.0,0.0,0.0,3.0
2976,2025-04-21,Paid,Mobile,USA,Free,Landing,2.0,,0.0,0.0,Feature X is broken for weeks,1.0,0,1,0,0.0,0.0,0.0,6.0
2977,2026-02-24,Paid,Desktop,UK,Free,Onboarding,4.0,32.0,1.0,,It's fine for now,2.8,0,1,1,0.0,0.0,0.0,2.0
2978,2025-11-20,Paid,Mobile,India,Free,First Feature Use,7.0,51.0,5.0,0.0,Average experience so far,3.6,0,1,1,0.0,1.0,0.0,16.0
2979,2025-10-29,Organic,Desktop,UK,Free,Sign-up,2.0,10.0,1.0,1.0,Export functionality is limited,2.4,0,1,0,0.0,0.0,0.0,1.0
2980,2026-04-21,Paid,Mobile,India,Basic,First Feature Use,6.0,60.0,4.0,0.0,Will evaluate again next month,2.7,0,0,1,1.0,1.0,5.0,11.0
2981,2025-06-14,Organic,Desktop,India,Premium,Upgrade,20.0,106.0,18.0,0.0,Analytics dashboard is insightful,4.0,1,0,1,0.0,0.0,0.0,23.0
2982,2025-08-06,Organic,Mobile,UK,Free,Landing,,8.0,0.0,1.0,Pricing too high for small businesses,1.9,0,1,0,0.0,0.0,0.0,4.0
2983,2026-04-21,Paid,Mobile,UK,Free,First Feature Use,5.0,54.0,5.0,3.0,Not sure if I'll continue,3.3,0,1,1,1.0,0.0,0.0,7.0
2984,2026-04-01,Organic,Mobile,USA,Free,First Feature Use,6.0,63.0,5.0,0.0,Needs a few more integrations,3.3,0,1,1,0.0,0.0,0.0,15.0
2985,2025-04-30,Organic,Tablet,USA,Free,Sign-up,3.0,11.0,0.0,0.0,Nothing exceptional,3.1,0,1,0,0.0,0.0,0.0,2.0
2986,2025-01-08,Referral,Tablet,Germany,Premium,Upgrade,13.0,126.0,9.0,0.0,Saves me hours every week,4.6,1,0,1,1.0,0.0,0.0,22.0
2987,2026-03-01,Paid,Mobile,India,Free,Sign-up,4.0,17.0,0.0,0.0,Haven't used all features yet,2.7,0,1,0,1.0,0.0,0.0,4.0
2988,2025-09-29,Organic,Mobile,USA,Free,Landing,1.0,14.0,0.0,0.0,Feature X is broken for weeks,1.3,0,1,0,0.0,0.0,0.0,2.0
2989,2026-01-01,Paid,Mobile,Germany,Basic,Onboarding,6.0,38.0,2.0,0.0,Could be better but not terrible,4.0,0,0,1,0.0,0.0,8.0,13.0
2990,2025-08-21,Organic,Mobile,USA,Premium,Upgrade,22.0,121.0,16.0,0.0,Automated reports are a lifesaver,4.3,1,0,1,0.0,0.0,0.0,5.0
2991,2025-03-19,Referral,Desktop,USA,Free,Onboarding,3.0,34.0,1.0,1.0,Could be better but not terrible,2.8,0,1,1,0.0,0.0,0.0,13.0
2992,2025-06-14,Paid,Mobile,USA,Free,Sign-up,3.0,16.0,1.0,0.0,Will evaluate again next month,3.2,0,1,0,0.0,0.0,0.0,7.0
2993,2025-08-12,Organic,Desktop,Canada,Free,Sign-up,3.0,13.0,0.0,0.0,No strong opinion yet,2.9,0,1,0,0.0,0.0,0.0,8.0
2994,2025-01-05,Organic,Desktop,Canada,Free,Landing,1.0,10.0,0.0,0.0,Pricing too high for small businesses,2.3,0,1,0,0.0,0.0,0.0,5.0
2995,2025-05-17,Organic,Desktop,UK,Free,Sign-up,3.0,18.0,0.0,0.0,Not blown away but not disappointed,2.7,0,1,0,1.0,1.0,0.0,8.0
2996,2025-10-01,Paid,Desktop,USA,Free,Onboarding,3.0,35.0,3.0,1.0,Meets minimum requirements,3.8,0,1,1,0.0,1.0,0.0,1.0
2997,2025-01-08,Paid,Mobile,UK,Free,Landing,2.0,8.0,0.0,0.0,App crashes during report export,1.7,0,1,0,0.0,0.0,0.0,5.0
2998,2025-08-05,Organic,Mobile,India,Free,Sign-up,4.0,10.0,1.0,0.0,Basic features work fine so far,3.1,0,1,0,0.0,1.0,0.0,8.0
2999,2025-12-31,Organic,Desktop,USA,Free,Onboarding,5.0,31.0,3.0,0.0,Not sure if I'll continue,3.2,0,1,1,0.0,1.0,0.0,3.0
3000,2025-11-06,Organic,Mobile,USA,Free,Landing,2.0,11.0,0.0,0.0,UI feels outdated,2.2,0,1,0,,0.0,0.0,4.0
3001,2026-04-22,Organic,Mobile,India,Free,Onboarding,3.0,25.0,3.0,0.0,Meets minimum requirements,3.4,0,1,1,0.0,0.0,0.0,13.0
3002,2025-06-16,Organic,Tablet,USA,Free,Sign-up,4.0,22.0,0.0,0.0,Ok for basic use,3.6,0,1,0,0.0,0.0,0.0,1.0
3003,2025-09-15,Paid,Desktop,USA,Free,Landing,1.0,10.0,0.0,0.0,Support response time is slow,1.9,0,1,0,0.0,0.0,0.0,6.0
3004,2025-02-19,Paid,Mobile,UK,Basic,Upgrade,16.0,,15.0,0.0,The mobile app is surprisingly good,4.4,1,0,1,1.0,0.0,0.0,8.0
3005,2025-08-07,Referral,Desktop,India,Free,First Feature Use,7.0,31.0,7.0,1.0,Still exploring features,3.3,0,1,1,2.0,0.0,0.0,17.0
3006,2026-02-06,Referral,Mobile,Canada,Free,Sign-up,3.0,,0.0,0.0,Still exploring features,3.1,0,1,0,0.0,0.0,0.0,4.0
3007,2025-12-11,Paid,Tablet,USA,Free,Onboarding,7.0,39.0,2.0,1.0,Similar to other tools,3.5,0,1,1,0.0,0.0,0.0,1.0
3008,2025-05-05,Paid,Mobile,UK,Free,First Feature Use,8.0,68.0,3.0,0.0,Nothing exceptional,4.0,0,1,1,0.0,1.0,0.0,6.0
3009,2025-06-03,Referral,Desktop,USA,Free,Landing,2.0,9.0,0.0,1.0,Missing key features compared to competitors,1.1,0,1,0,0.0,0.0,0.0,5.0
3010,2025-01-12,Organic,Desktop,USA,Free,First Feature Use,9.0,64.0,5.0,2.0,Best SaaS tool I've used,4.3,0,1,1,1.0,0.0,0.0,3.0
3011,2025-07-11,Organic,Mobile,UK,Free,First Feature Use,8.0,68.0,4.0,1.0,Meets minimum requirements,3.5,0,1,1,0.0,0.0,0.0,19.0
3012,2025-07-11,Organic,Desktop,USA,Free,Onboarding,5.0,44.0,3.0,0.0,No strong opinion yet,3.8,0,1,1,2.0,0.0,0.0,8.0
3013,2025-03-24,Paid,Tablet,USA,Free,First Feature Use,7.0,,4.0,0.0,It's fine for now,3.7,0,1,1,1.0,0.0,0.0,12.0
3014,2025-03-29,Paid,Desktop,India,Free,Sign-up,2.0,11.0,1.0,1.0,Feature X is broken for weeks,1.3,0,1,0,0.0,0.0,0.0,9.0
3015,2025-12-07,Organic,Mobile,USA,Free,Landing,1.0,14.0,0.0,0.0,Missing key features compared to competitors,1.0,0,1,0,0.0,0.0,0.0,1.0
3016,2025-05-08,Paid,Desktop,Canada,Basic,Onboarding,4.0,43.0,2.0,0.0,Still evaluating whether premium is worth it,3.3,0,0,1,0.0,0.0,10.0,4.0
3017,2025-01-16,Paid,Tablet,USA,Basic,First Feature Use,5.0,47.0,6.0,0.0,No strong opinion yet,2.5,0,0,1,0.0,0.0,7.0,11.0
3018,2025-12-16,Organic,Mobile,USA,Basic,Upgrade,12.0,134.0,7.0,0.0,The API documentation is clear,4.5,1,0,1,2.0,0.0,0.0,6.0
3019,2026-01-27,Organic,Desktop,USA,Free,Onboarding,4.0,28.0,1.0,2.0,Will evaluate again next month,3.2,0,1,1,0.0,0.0,0.0,10.0
3020,2025-07-08,Organic,Mobile,USA,Free,Onboarding,6.0,24.0,1.0,0.0,Works most of the time,2.6,0,1,1,0.0,0.0,0.0,10.0
3021,2025-01-21,Organic,Mobile,Germany,Free,Sign-up,4.0,21.0,0.0,0.0,Learning curve is medium,3.5,0,1,0,0.0,0.0,0.0,5.0
3022,2025-04-09,Referral,Mobile,India,Free,Sign-up,2.0,13.0,0.0,0.0,App crashes during report export,1.8,0,1,0,0.0,0.0,0.0,2.0
3023,2025-02-11,Referral,Tablet,USA,Free,Onboarding,3.0,37.0,3.0,0.0,It's fine for now,3.4,0,1,1,0.0,1.0,0.0,10.0
3024,2025-06-05,Referral,Desktop,India,Free,First Feature Use,11.0,65.0,3.0,0.0,Easy onboarding experience,4.2,0,1,1,0.0,0.0,0.0,
3025,2025-12-16,Paid,Mobile,Canada,Premium,Upgrade,17.0,60.0,19.0,1.0,Customer support was excellent,4.4,1,0,1,0.0,0.0,0.0,28.0
3026,2025-11-17,Paid,Desktop,USA,Free,Sign-up,3.0,17.0,0.0,0.0,No strong opinion yet,3.3,0,1,0,0.0,0.0,0.0,3.0
3027,2026-01-11,Paid,Mobile,USA,Free,First Feature Use,11.0,58.0,5.0,1.0,Onboarding tutorial was straightforward,4.9,0,1,1,0.0,0.0,0.0,15.0
3028,2025-02-16,Paid,Desktop,USA,Free,Sign-up,2.0,17.0,0.0,1.0,Missing basic integrations,1.2,0,1,0,0.0,0.0,0.0,6.0
3029,2026-03-07,Paid,Mobile,Germany,Basic,Onboarding,3.0,39.0,2.0,0.0,Ok for basic use,,0,0,1,1.0,0.0,8.0,12.0
3030,2025-06-05,Paid,Tablet,USA,Free,Onboarding,5.0,20.0,1.0,0.0,Standard SaaS experience,3.1,0,1,1,0.0,1.0,0.0,10.0
3031,2026-04-01,Organic,Desktop,USA,Free,Landing,1.0,13.0,0.0,0.0,Trial period too short,2.4,0,1,0,0.0,0.0,0.0,5.0
3032,2025-04-12,Paid,Desktop,UK,Premium,Upgrade,15.0,63.0,19.0,1.0,Integration with Slack was seamless,4.4,1,0,1,0.0,0.0,0.0,29.0
3033,2025-04-25,Organic,Mobile,UK,Free,Landing,2.0,9.0,0.0,,Export functionality is limited,2.4,0,1,0,0.0,0.0,0.0,2.0
3034,2025-11-05,Paid,Mobile,India,Free,Sign-up,2.0,12.0,1.0,0.0,Export functionality is limited,2.0,0,1,0,0.0,1.0,0.0,4.0
3035,2026-02-04,,Mobile,USA,Free,Sign-up,2.0,19.0,0.0,0.0,Missing key features compared to competitors,1.5,0,1,0,,0.0,0.0,6.0
3036,2025-11-01,Organic,Tablet,UK,Free,Sign-up,2.0,12.0,1.0,0.0,Billing system is confusing,2.3,0,1,0,1.0,0.0,0.0,6.0
3037,2025-05-23,Referral,Mobile,Canada,Free,First Feature Use,8.0,61.0,6.0,0.0,Similar to other tools,3.6,0,1,1,1.0,0.0,0.0,2.0
3038,2026-01-26,Organic,Desktop,USA,Free,Onboarding,6.0,32.0,1.0,2.0,Will decide after trial ends,3.9,0,1,1,0.0,0.0,0.0,
3039,2026-04-22,Organic,Mobile,USA,Free,Landing,1.0,14.0,0.0,0.0,Steep learning curve,1.4,0,1,0,0.0,0.0,0.0,4.0
3040,2025-11-04,Organic,Mobile,India,Free,Onboarding,7.0,35.0,1.0,0.0,Works most of the time,3.0,0,1,1,0.0,0.0,,8.0
3041,2025-01-07,Referral,Mobile,India,Free,First Feature Use,7.0,51.0,7.0,1.0,Will decide after trial ends,2.9,0,1,1,,0.0,0.0,15.0
3042,2025-05-03,Paid,Desktop,USA,Premium,Upgrade,15.0,83.0,12.0,1.0,Best SaaS tool I've used,4.4,1,0,1,0.0,0.0,0.0,22.0
3043,2025-01-21,Paid,Desktop,USA,Premium,Upgrade,15.0,140.0,15.0,0.0,Reporting module saves a lot of time,4.0,1,0,1,0.0,0.0,0.0,21.0
3044,2025-04-20,Referral,Tablet,India,Free,First Feature Use,7.0,68.0,5.0,1.0,Need more time before upgrading,3.9,0,1,1,,0.0,0.0,18.0
3045,2025-05-06,Organic,Tablet,India,Free,First Feature Use,10.0,43.0,4.0,1.0,Love how everything is customisable,4.9,0,1,1,1.0,0.0,0.0,17.0
3046,2026-03-11,Organic,Mobile,Germany,Free,Sign-up,3.0,22.0,1.0,,No strong opinion yet,2.9,0,1,0,1.0,1.0,0.0,2.0
3047,2025-01-28,Organic,Desktop,India,Basic,Onboarding,6.0,38.0,1.0,,It's fine for now,2.7,0,0,1,0.0,0.0,9.0,
3048,2025-02-07,Paid,Mobile,USA,Free,Onboarding,4.0,39.0,3.0,0.0,Nothing exceptional,4.0,0,1,1,1.0,0.0,0.0,4.0
3049,2025-10-28,Paid,Desktop,India,Free,Sign-up,3.0,10.0,0.0,0.0,Room for improvement in UI,3.8,0,1,0,0.0,0.0,0.0,1.0
3050,2025-05-29,Organic,Mobile,USA,Free,Sign-up,2.0,13.0,1.0,0.0,Cannot customize reports enough,1.2,0,1,0,1.0,0.0,0.0,6.0
3051,2026-02-23,Organic,Desktop,Germany,Free,Sign-up,3.0,13.0,0.0,1.0,Meets minimum requirements,3.8,0,1,0,1.0,0.0,0.0,5.0
3052,2026-02-18,Organic,Mobile,India,Free,Landing,2.0,13.0,0.0,0.0,The onboarding tutorial was confusing,1.8,0,1,0,0.0,0.0,0.0,5.0
3053,2025-03-24,Paid,Mobile,UK,Free,Onboarding,5.0,30.0,3.0,0.0,Still evaluating whether premium is worth it,3.5,0,1,1,0.0,0.0,0.0,1.0
3054,2026-03-19,Organic,Mobile,UK,Free,Landing,2.0,13.0,0.0,0.0,Customer support unhelpful,1.1,0,1,0,2.0,0.0,0.0,4.0
3055,2025-05-17,Organic,Mobile,USA,Free,First Feature Use,5.0,55.0,4.0,0.0,Will decide after trial ends,3.6,0,1,1,0.0,0.0,0.0,9.0
3056,2025-09-08,Organic,Mobile,USA,Free,Sign-up,4.0,23.0,0.0,1.0,Good enough for my use case,3.9,0,1,0,1.0,0.0,0.0,9.0
3057,2025-10-11,Paid,Desktop,USA,Free,Sign-up,3.0,22.0,1.0,1.0,Still exploring features,3.5,0,1,0,0.0,0.0,0.0,9.0
3058,2026-01-26,Paid,Desktop,India,Free,First Feature Use,6.0,54.0,7.0,1.0,Will decide after trial ends,3.5,0,1,1,1.0,0.0,0.0,14.0
3059,2025-01-24,Organic,Mobile,USA,Premium,Upgrade,20.0,103.0,15.0,1.0,Support team solved my issue quickly,4.2,1,0,1,0.0,0.0,0.0,25.0
3060,2026-01-10,Paid,Mobile,USA,Free,Sign-up,4.0,21.0,0.0,0.0,Works most of the time,2.9,0,1,0,2.0,0.0,0.0,1.0
3061,2025-11-20,Paid,Mobile,India,Free,First Feature Use,6.0,63.0,5.0,0.0,Not sure if I'll continue,3.7,0,1,1,2.0,1.0,0.0,4.0
3062,2025-11-17,Referral,Desktop,USA,Premium,Upgrade,14.0,79.0,13.0,,Integration with Slack was seamless,4.9,1,0,1,0.0,,0.0,10.0
3063,2025-09-06,Organic,Mobile,India,Free,Landing,2.0,10.0,0.0,0.0,Data sync is unreliable,2.5,0,1,0,0.0,0.0,0.0,4.0
3064,2026-01-22,Paid,Mobile,USA,Premium,Upgrade,23.0,108.0,13.0,0.0,Real-time sync is fast,4.6,1,0,1,2.0,0.0,0.0,11.0
3065,2025-04-29,Paid,Mobile,USA,Free,Landing,2.0,12.0,0.0,0.0,Frequent downtime,2.2,0,1,0,0.0,0.0,0.0,2.0
3066,2025-02-08,Organic,Mobile,USA,Free,Landing,,9.0,0.0,0.0,Support response time is slow,1.9,0,1,0,1.0,0.0,0.0,5.0
3067,2025-06-19,Paid,Mobile,Germany,Free,Sign-up,3.0,22.0,1.0,0.0,Haven't used all features yet,2.5,0,1,0,0.0,0.0,0.0,3.0
3068,2025-11-12,Organic,Mobile,USA,Free,Sign-up,4.0,24.0,1.0,0.0,Room for improvement in UI,3.8,0,1,0,0.0,0.0,0.0,4.0
3069,2025-02-23,Organic,Mobile,USA,Free,Landing,1.0,5.0,0.0,0.0,Data sync is unreliable,1.3,0,1,0,0.0,0.0,0.0,3.0
3070,2025-04-07,Organic,Mobile,UK,Free,Sign-up,3.0,16.0,0.0,0.0,Learning curve is medium,3.2,0,1,0,0.0,1.0,0.0,9.0
3071,2025-02-03,Organic,Mobile,Germany,Basic,First Feature Use,9.0,54.0,4.0,0.0,Support team solved my issue quickly,4.6,0,0,1,2.0,1.0,7.0,7.0
3072,2025-10-07,Organic,Desktop,USA,Free,Onboarding,6.0,24.0,3.0,0.0,Decent but not great,2.9,0,1,1,0.0,0.0,0.0,7.0
3073,2025-05-21,Paid,Mobile,India,Premium,Upgrade,14.0,73.0,17.0,0.0,The dashboard analytics are extremely useful,4.2,1,0,1,1.0,1.0,0.0,21.0
3074,2025-12-03,Paid,Mobile,India,Free,Landing,1.0,14.0,0.0,0.0,Too many bugs on mobile,1.6,0,1,0,0.0,0.0,0.0,3.0
3075,2025-01-08,Paid,Mobile,UK,Basic,Upgrade,18.0,77.0,13.0,1.0,Worth every penny,4.7,1,0,1,0.0,0.0,0.0,20.0
3076,2025-11-27,Organic,Desktop,USA,Free,Landing,2.0,13.0,0.0,0.0,App crashes during report export,1.7,0,1,0,1.0,0.0,0.0,1.0
3077,2026-02-01,Paid,Desktop,USA,Free,Sign-up,3.0,20.0,0.0,0.0,Works most of the time,2.9,0,1,0,0.0,0.0,0.0,4.0
3078,2025-12-30,Referral,Desktop,USA,Free,Sign-up,4.0,12.0,,1.0,Will decide after trial ends,2.5,0,1,0,0.0,0.0,0.0,3.0
3079,2025-02-27,Organic,Mobile,India,Free,Landing,,13.0,0.0,0.0,Feature X is broken for weeks,2.1,0,1,0,0.0,0.0,0.0,4.0
3080,2025-01-13,Paid,Mobile,USA,Free,Onboarding,6.0,30.0,1.0,0.0,No strong opinion yet,3.7,0,1,1,0.0,0.0,0.0,9.0
3081,2025-01-21,Paid,Mobile,UK,Free,First Feature Use,11.0,30.0,5.0,0.0,Reporting module saves a lot of time,4.2,0,1,1,1.0,0.0,0.0,9.0
3082,2026-02-23,Paid,Mobile,USA,Basic,First Feature Use,6.0,64.0,5.0,0.0,Learning curve is medium,3.5,0,0,1,1.0,0.0,3.0,16.0
3083,2025-10-09,Organic,Desktop,USA,Free,Onboarding,5.0,29.0,3.0,0.0,Average experience so far,2.9,0,1,1,1.0,0.0,0.0,5.0
3084,2025-10-06,Organic,Desktop,UK,Free,Sign-up,4.0,23.0,0.0,0.0,Similar to other tools,2.5,0,1,0,0.0,0.0,0.0,6.0
3085,2025-11-23,Paid,Desktop,Germany,Free,Onboarding,5.0,42.0,1.0,0.0,Ok for basic use,2.5,0,1,1,0.0,0.0,0.0,6.0
3086,2025-07-17,Referral,Mobile,UK,Free,First Feature Use,10.0,39.0,7.0,1.0,Data export works perfectly,5.0,0,1,1,0.0,0.0,0.0,1.0
3087,2025-12-05,Organic,Mobile,USA,Free,First Feature Use,5.0,42.0,7.0,0.0,Decent but not great,3.9,0,1,1,0.0,0.0,0.0,6.0
3088,2025-12-09,Referral,Mobile,USA,Free,Onboarding,5.0,25.0,2.0,0.0,It's fine for now,3.3,0,1,1,0.0,0.0,0.0,5.0
3089,2025-07-12,Organic,Mobile,UK,Free,Onboarding,3.0,40.0,2.0,0.0,Haven't used all features yet,3.9,0,1,1,0.0,0.0,0.0,8.0
3090,2026-04-28,Organic,Tablet,UK,Free,Onboarding,4.0,42.0,2.0,2.0,Will decide after trial ends,2.6,0,1,1,0.0,0.0,0.0,2.0
3091,2026-04-21,Organic,Mobile,India,Free,Onboarding,7.0,25.0,1.0,0.0,Will evaluate again next month,3.1,0,1,1,1.0,0.0,0.0,11.0
3092,2026-03-30,Paid,Tablet,USA,Free,First Feature Use,,59.0,7.0,0.0,Similar to other tools,3.9,0,1,1,1.0,0.0,0.0,1.0
3093,2026-03-03,Organic,Mobile,India,Free,Sign-up,4.0,23.0,1.0,0.0,Needs a few more integrations,2.5,0,1,0,0.0,0.0,0.0,1.0
3094,2025-12-07,Organic,Mobile,Germany,Free,Landing,2.0,13.0,0.0,0.0,Frequent downtime,,0,1,0,0.0,0.0,0.0,5.0
3095,2025-08-07,Referral,Mobile,USA,Free,Sign-up,3.0,11.0,1.0,0.0,No strong opinion yet,2.7,0,1,0,1.0,0.0,0.0,4.0
3096,2025-04-11,Referral,Desktop,India,Basic,First Feature Use,5.0,60.0,7.0,2.0,Learning curve is medium,3.0,0,1,1,1.0,1.0,0.0,1.0
3097,2025-03-31,Organic,Mobile,USA,Free,Landing,2.0,12.0,0.0,0.0,No dark mode,2.1,0,1,0,,0.0,0.0,4.0
3098,2025-06-07,Organic,Mobile,USA,Free,Landing,1.0,7.0,0.0,0.0,Missing key features compared to competitors,2.2,0,1,0,0.0,0.0,,5.0
3099,2025-06-30,Paid,Mobile,USA,Free,Onboarding,6.0,32.0,3.0,0.0,It's fine for now,3.2,0,1,1,0.0,1.0,0.0,11.0
3100,2025-12-25,Paid,Mobile,India,Free,Onboarding,5.0,25.0,2.0,2.0,Standard SaaS experience,3.6,0,1,1,1.0,0.0,0.0,11.0
3101,2026-01-15,Organic,Mobile,USA,Free,Sign-up,4.0,16.0,0.0,0.0,Nothing exceptional,2.9,0,1,0,1.0,0.0,0.0,2.0
3102,2025-06-07,Referral,Mobile,India,Free,First Feature Use,11.0,67.0,6.0,0.0,Love the reporting features,5.0,0,1,1,0.0,0.0,0.0,15.0
3103,2025-04-23,Organic,Desktop,USA,Free,Landing,1.0,5.0,0.0,0.0,Too many bugs on mobile,2.4,0,1,0,0.0,0.0,0.0,1.0
3104,2025-03-30,Paid,Desktop,USA,Premium,Upgrade,11.0,71.0,18.0,0.0,Love how everything is customisable,4.1,1,0,1,1.0,0.0,0.0,23.0
3105,2025-06-28,Organic,Mobile,USA,Free,Landing,1.0,7.0,0.0,0.0,Too many steps during setup process,1.6,0,1,0,0.0,0.0,0.0,4.0
3106,2025-05-28,Paid,Desktop,India,Free,Onboarding,7.0,36.0,1.0,0.0,Standard SaaS experience,2.7,0,1,1,1.0,0.0,0.0,13.0
3107,2025-06-03,Organic,Mobile,USA,Free,Onboarding,4.0,22.0,1.0,1.0,Still evaluating whether premium is worth it,2.6,0,1,1,1.0,0.0,0.0,13.0
3108,2026-02-22,Paid,Desktop,USA,Premium,Upgrade,19.0,96.0,10.0,0.0,Very intuitive UI,4.6,1,0,1,0.0,1.0,0.0,12.0
3109,2026-02-12,Referral,Mobile,USA,Free,First Feature Use,5.0,55.0,4.0,0.0,Haven't used all features yet,3.2,0,1,1,1.0,0.0,0.0,5.0
3110,2025-04-08,Paid,Mobile,USA,Basic,Upgrade,10.0,101.0,13.0,0.0,Mobile experience is smooth,4.3,1,0,1,0.0,1.0,0.0,2.0
3111,2025-10-21,Paid,Mobile,USA,Free,Sign-up,3.0,18.0,0.0,0.0,Ok for basic use,3.0,0,1,0,1.0,0.0,0.0,3.0
3112,2025-10-17,,Desktop,USA,Free,Onboarding,,32.0,2.0,1.0,Nothing exceptional,3.2,0,1,1,1.0,0.0,0.0,8.0
3113,2025-04-19,Referral,Mobile,USA,Basic,First Feature Use,8.0,53.0,3.0,,No strong opinion yet,3.3,0,0,1,1.0,0.0,4.0,6.0
3114,2025-02-06,Referral,Mobile,UK,Free,Sign-up,2.0,,0.0,0.0,UI feels outdated,1.4,0,1,0,0.0,0.0,0.0,8.0
3115,2026-01-11,Paid,Mobile,USA,Basic,Onboarding,7.0,29.0,2.0,2.0,Will evaluate again next month,,0,0,1,0.0,0.0,12.0,
3116,2025-02-09,Paid,Mobile,India,Free,Sign-up,4.0,15.0,1.0,0.0,Still exploring features,3.3,0,1,0,0.0,0.0,0.0,7.0
3117,2025-07-30,Referral,Desktop,USA,Free,First Feature Use,9.0,37.0,6.0,0.0,Saves me hours every week,4.8,0,1,1,1.0,1.0,0.0,11.0
3118,2025-07-02,Organic,Desktop,USA,Free,Landing,2.0,12.0,0.0,1.0,Steep learning curve,2.1,0,1,0,0.0,0.0,0.0,
3119,2025-11-20,Paid,Tablet,India,Basic,First Feature Use,8.0,57.0,5.0,1.0,Still exploring features,3.5,0,1,1,0.0,0.0,0.0,8.0
3120,2026-04-07,Paid,Mobile,UK,Free,First Feature Use,9.0,61.0,4.0,0.0,Customer support was excellent,4.1,0,1,1,0.0,1.0,0.0,8.0
3121,2025-09-25,Paid,Mobile,Canada,Free,First Feature Use,8.0,,7.0,0.0,Average experience so far,2.8,0,1,1,1.0,0.0,0.0,12.0
3122,2025-01-11,Referral,Desktop,USA,Free,First Feature Use,6.0,67.0,4.0,1.0,Standard SaaS experience,3.0,0,1,1,1.0,1.0,0.0,10.0
3123,2025-03-25,Paid,Desktop,India,Free,Landing,2.0,11.0,0.0,0.0,UI feels outdated,1.6,0,1,0,1.0,0.0,0.0,3.0
3124,2026-01-20,Organic,Mobile,India,Free,Landing,2.0,9.0,0.0,0.0,Trial period too short,1.0,0,1,0,0.0,0.0,0.0,3.0
3125,2025-07-30,Organic,Desktop,Germany,Free,Onboarding,4.0,41.0,2.0,0.0,Similar to other tools,3.3,0,1,1,0.0,0.0,0.0,3.0
3126,2025-03-08,Organic,Desktop,Canada,Free,Sign-up,3.0,18.0,1.0,1.0,It's fine for now,3.2,0,1,0,0.0,0.0,0.0,2.0
3127,2026-02-24,Paid,Mobile,USA,Free,First Feature Use,8.0,37.0,3.0,0.0,Works most of the time,3.1,0,1,1,1.0,1.0,0.0,12.0
3128,2026-03-02,Organic,Desktop,USA,Free,Landing,1.0,8.0,0.0,0.0,No dark mode,1.8,0,1,0,1.0,0.0,0.0,3.0
3129,2025-06-03,Organic,Mobile,India,Free,Landing,1.0,6.0,0.0,0.0,Missing key features compared to competitors,1.9,0,1,0,0.0,0.0,,5.0
3130,2026-04-16,Paid,Tablet,USA,Free,Landing,1.0,13.0,0.0,0.0,Trial period too short,2.0,0,1,0,0.0,0.0,0.0,1.0
3131,2026-04-01,Referral,Mobile,India,Free,Sign-up,4.0,14.0,0.0,0.0,Decent but not great,3.8,0,1,0,0.0,0.0,0.0,9.0
3132,2026-01-08,Referral,Mobile,USA,Free,Onboarding,4.0,42.0,2.0,1.0,Decent but not great,3.7,0,1,1,,1.0,0.0,1.0
3133,2026-04-01,Referral,Mobile,India,Free,First Feature Use,8.0,34.0,4.0,1.0,Still evaluating whether premium is worth it,2.5,0,1,1,1.0,0.0,0.0,16.0
3134,2026-02-05,Paid,Tablet,USA,Premium,Upgrade,10.0,145.0,10.0,1.0,Saves me hours every week,4.9,1,0,1,2.0,0.0,0.0,7.0
3135,2025-09-20,Organic,Desktop,USA,Basic,Onboarding,4.0,31.0,1.0,0.0,Will decide after trial ends,2.9,0,0,1,0.0,0.0,5.0,10.0
3136,2025-08-02,Referral,Mobile,Canada,Basic,Onboarding,5.0,38.0,2.0,0.0,Not sure if I'll continue,2.7,0,0,1,1.0,1.0,6.0,4.0
3137,2025-07-19,Organic,Desktop,USA,Free,First Feature Use,9.0,59.0,7.0,0.0,The mobile app is surprisingly good,4.5,0,1,1,0.0,0.0,0.0,9.0
3138,2025-09-25,Paid,Desktop,USA,Free,First Feature Use,11.0,33.0,7.0,1.0,The API documentation is clear,4.3,0,1,1,1.0,0.0,0.0,15.0
3139,2025-09-04,Paid,Mobile,USA,Premium,Upgrade,12.0,119.0,10.0,0.0,Saves me hours every week,4.3,1,0,1,1.0,1.0,0.0,11.0
3140,2025-05-23,Referral,Mobile,Germany,Free,Sign-up,2.0,15.0,0.0,0.0,Mobile app crashes while exporting reports,1.7,0,1,0,0.0,0.0,0.0,1.0
3141,2025-10-28,Organic,Desktop,India,Free,Sign-up,4.0,16.0,1.0,0.0,"Works as expected, nothing special",3.4,0,1,0,0.0,0.0,0.0,3.0
3142,2025-12-19,Organic,Mobile,India,Free,Sign-up,3.0,17.0,1.0,0.0,Could be better but not terrible,3.2,0,1,0,0.0,0.0,0.0,5.0
3143,2025-12-15,Paid,Mobile,UK,Free,First Feature Use,9.0,64.0,7.0,1.0,Onboarding tutorial was straightforward,4.5,0,1,1,1.0,0.0,0.0,8.0
3144,2025-08-25,Organic,Desktop,USA,Free,Sign-up,3.0,13.0,0.0,0.0,Ok for basic use,3.7,0,1,0,0.0,0.0,0.0,1.0
3145,2025-10-20,Referral,Mobile,USA,Basic,First Feature Use,6.0,44.0,5.0,1.0,Decent but not great,3.7,0,0,1,2.0,0.0,4.0,7.0
3146,2025-10-10,Paid,Mobile,USA,Free,First Feature Use,9.0,57.0,4.0,0.0,The mobile app is surprisingly good,4.8,0,1,1,0.0,0.0,0.0,3.0
3147,2025-01-26,Paid,Mobile,UK,Premium,Upgrade,24.0,124.0,15.0,0.0,Easy onboarding experience,4.1,1,0,1,0.0,0.0,0.0,16.0
3148,2025-06-10,Referral,Desktop,India,Premium,Upgrade,15.0,143.0,10.0,0.0,Mobile experience is smooth,4.7,1,0,1,0.0,0.0,0.0,1.0
3149,2026-03-22,Paid,Desktop,USA,Free,Sign-up,4.0,20.0,,0.0,Decent but not great,2.9,0,1,0,2.0,0.0,0.0,1.0
3150,2025-02-18,Organic,Desktop,USA,Free,Onboarding,4.0,,2.0,0.0,Standard SaaS experience,2.7,0,1,1,1.0,0.0,0.0,10.0
3151,2025-02-10,Organic,Mobile,USA,Basic,Upgrade,15.0,122.0,9.0,0.0,The mobile app is surprisingly good,4.4,1,0,1,0.0,0.0,0.0,18.0
3152,2025-11-16,Paid,Desktop,USA,Free,Sign-up,2.0,10.0,0.0,0.0,Mobile UI is cluttered,1.6,0,1,0,0.0,0.0,0.0,5.0
3153,2025-07-30,Referral,Tablet,USA,Basic,Onboarding,5.0,,2.0,0.0,It's fine for now,2.8,0,0,1,0.0,0.0,11.0,6.0
3154,2025-08-08,Paid,Mobile,USA,Free,First Feature Use,5.0,41.0,7.0,0.0,Could be better but not terrible,2.9,0,1,1,0.0,0.0,0.0,10.0
3155,2025-11-04,Referral,Mobile,USA,Premium,Upgrade,22.0,65.0,9.0,1.0,Love how everything is customisable,4.2,1,0,1,0.0,1.0,0.0,9.0
3156,2025-03-17,Organic,Desktop,Germany,Premium,Upgrade,23.0,71.0,19.0,0.0,Analytics dashboard is insightful,4.3,1,0,1,0.0,0.0,,23.0
3157,2025-12-22,Organic,Mobile,USA,Free,Sign-up,4.0,13.0,0.0,0.0,"Works as expected, nothing special",3.6,0,1,0,1.0,0.0,0.0,7.0
3158,2026-03-02,Organic,Mobile,India,Free,Sign-up,3.0,11.0,0.0,0.0,Works most of the time,2.8,0,1,0,1.0,0.0,0.0,4.0
3159,2025-08-09,Paid,Mobile,USA,Basic,Onboarding,6.0,42.0,1.0,0.0,Decent but not great,3.0,0,0,1,0.0,1.0,7.0,5.0
3160,2025-09-03,Organic,Mobile,UK,Free,Landing,2.0,11.0,0.0,0.0,App crashes during report export,2.3,0,1,0,,0.0,0.0,4.0
3161,2026-04-19,Organic,Mobile,USA,Free,First Feature Use,9.0,58.0,3.0,2.0,Automated reports are a lifesaver,4.4,0,1,1,2.0,1.0,0.0,15.0
3162,2025-07-30,Paid,Mobile,UK,Free,First Feature Use,5.0,58.0,6.0,0.0,Average experience so far,2.9,0,1,1,0.0,1.0,0.0,2.0
3163,2026-03-02,Organic,Desktop,USA,Free,Landing,2.0,9.0,0.0,0.0,Feature X is broken for weeks,2.4,0,1,0,0.0,0.0,0.0,6.0
3164,2025-10-17,Paid,Mobile,USA,Free,Onboarding,7.0,42.0,3.0,0.0,"Works as expected, nothing special",3.7,0,1,1,0.0,0.0,0.0,4.0
3165,2026-02-25,Paid,Desktop,Germany,Free,Sign-up,,15.0,0.0,0.0,Haven't used all features yet,3.9,0,1,0,0.0,0.0,0.0,9.0
3166,2025-11-04,Organic,Mobile,UK,Free,Landing,1.0,14.0,0.0,0.0,App crashes during report export,1.7,0,1,0,0.0,0.0,0.0,4.0
3167,2025-02-24,Organic,Desktop,USA,Free,Sign-up,3.0,23.0,1.0,0.0,Basic features work fine so far,2.9,0,1,0,0.0,0.0,0.0,9.0
3168,2025-10-01,Referral,Mobile,USA,Basic,First Feature Use,8.0,57.0,6.0,0.0,Still exploring features,3.5,0,0,1,0.0,2.0,2.0,12.0
3169,2026-04-22,Organic,Desktop,USA,Premium,Upgrade,16.0,144.0,15.0,0.0,Onboarding tutorial was straightforward,4.4,1,0,1,1.0,0.0,0.0,22.0
3170,2025-10-30,Organic,Desktop,India,Free,Sign-up,2.0,21.0,1.0,0.0,Cannot customize reports enough,1.1,0,1,0,0.0,0.0,0.0,8.0
3171,2025-10-30,Organic,Desktop,UK,Basic,Upgrade,21.0,111.0,19.0,0.0,The API documentation is clear,4.4,1,0,1,0.0,0.0,0.0,20.0
3172,2025-10-01,Organic,Mobile,USA,Premium,Upgrade,22.0,145.0,9.0,0.0,The API documentation is clear,4.3,1,0,1,1.0,0.0,0.0,9.0
3173,2025-01-14,Referral,Desktop,USA,Free,First Feature Use,10.0,56.0,5.0,2.0,Support team solved my issue quickly,4.1,0,1,1,1.0,1.0,0.0,18.0
3174,2025-03-05,Organic,Mobile,USA,Premium,Upgrade,23.0,,10.0,1.0,Worth every penny,4.1,1,0,1,0.0,0.0,0.0,25.0
3175,2025-07-04,Referral,Mobile,USA,Premium,Upgrade,21.0,134.0,19.0,0.0,Customer support was excellent,4.6,1,0,1,1.0,0.0,0.0,23.0
3176,2025-06-27,Organic,Mobile,UK,Free,Onboarding,7.0,37.0,3.0,1.0,Still exploring features,3.0,0,1,1,1.0,0.0,0.0,5.0
3177,2026-01-27,Referral,Tablet,India,Free,First Feature Use,7.0,52.0,3.0,2.0,Need more time before upgrading,3.0,0,1,1,0.0,0.0,0.0,6.0
3178,2025-07-04,Paid,Mobile,India,Free,Landing,2.0,8.0,0.0,0.0,Mobile UI is cluttered,1.3,0,1,0,0.0,0.0,0.0,1.0
3179,2025-11-26,Paid,Desktop,USA,Free,Onboarding,4.0,32.0,2.0,1.0,Standard SaaS experience,3.7,0,1,1,1.0,0.0,0.0,8.0
3180,2025-12-16,Paid,Mobile,Germany,Free,First Feature Use,11.0,39.0,7.0,0.0,The dashboard analytics are extremely useful,4.7,0,1,1,0.0,0.0,0.0,8.0
3181,2026-04-10,Organic,Mobile,USA,Free,Landing,1.0,14.0,0.0,0.0,Frequent downtime,2.2,0,1,0,0.0,0.0,0.0,4.0
3182,2025-04-22,Paid,Desktop,UK,Premium,Upgrade,,112.0,16.0,0.0,Onboarding tutorial was straightforward,4.6,1,0,1,0.0,0.0,0.0,9.0
3183,2025-08-17,Organic,Mobile,Germany,Free,Landing,1.0,13.0,0.0,0.0,The onboarding tutorial was confusing,2.2,0,1,0,0.0,0.0,0.0,3.0
3184,2025-04-19,Organic,Desktop,UK,Free,Onboarding,5.0,34.0,2.0,0.0,"Works as expected, nothing special",2.8,0,1,1,0.0,1.0,0.0,6.0
3185,2025-06-03,Paid,Desktop,USA,Premium,Upgrade,23.0,80.0,14.0,2.0,The mobile app is surprisingly good,4.7,1,0,1,0.0,0.0,0.0,16.0
3186,2025-09-16,Organic,Mobile,USA,Free,First Feature Use,9.0,57.0,4.0,1.0,Helped our team productivity,4.1,0,1,1,0.0,0.0,0.0,16.0
3187,2025-01-21,Referral,Desktop,India,Free,Sign-up,,16.0,0.0,0.0,Still exploring features,3.6,0,1,0,0.0,0.0,0.0,1.0
3188,2025-08-18,Organic,Mobile,USA,Free,Landing,,,,0.0,Feature X is broken for weeks,1.8,0,1,0,0.0,0.0,0.0,4.0
3189,2025-06-09,Paid,Mobile,India,Free,Landing,2.0,10.0,0.0,0.0,Data sync is unreliable,1.1,0,1,0,0.0,0.0,0.0,4.0
3190,2025-12-08,Referral,Mobile,USA,Free,First Feature Use,10.0,51.0,3.0,0.0,Helped our team productivity,4.2,0,1,1,1.0,0.0,0.0,13.0
3191,2025-03-16,Paid,Mobile,USA,Free,Landing,2.0,9.0,0.0,0.0,Export functionality is limited,1.9,0,1,0,0.0,0.0,0.0,6.0
3192,2025-10-19,Paid,Tablet,USA,Free,Onboarding,6.0,31.0,1.0,0.0,Haven't used all features yet,3.4,0,1,1,0.0,,0.0,6.0
3193,2025-01-24,Paid,Desktop,USA,Free,Sign-up,3.0,20.0,0.0,0.0,Meets minimum requirements,4.0,0,1,0,1.0,0.0,,6.0
3194,2025-12-04,Referral,Desktop,Germany,Free,Landing,1.0,13.0,0.0,0.0,Steep learning curve,2.5,0,1,0,0.0,0.0,0.0,6.0
3195,2025-10-03,Organic,Desktop,Germany,Premium,Upgrade,12.0,89.0,11.0,0.0,Worth every penny,4.0,1,0,1,0.0,0.0,0.0,8.0
3196,2025-08-29,Paid,Mobile,UK,Free,Sign-up,3.0,18.0,1.0,0.0,Basic features work fine so far,,0,1,0,0.0,0.0,0.0,4.0
3197,2025-05-29,Organic,Desktop,USA,Free,Onboarding,3.0,28.0,2.0,0.0,Not blown away but not disappointed,3.4,0,1,1,1.0,1.0,0.0,8.0
3198,2026-01-25,Organic,Desktop,USA,Free,First Feature Use,7.0,33.0,6.0,0.0,It's fine for now,2.8,0,1,1,0.0,1.0,0.0,18.0
3199,2025-12-12,Organic,Mobile,UK,Free,Landing,2.0,5.0,0.0,0.0,Email notifications are spammy,1.8,0,1,0,0.0,0.0,0.0,5.0
3200,2025-08-10,Organic,Desktop,USA,Free,Landing,2.0,7.0,0.0,0.0,Billing system is confusing,1.2,0,1,0,2.0,0.0,0.0,5.0
3201,2025-12-07,Paid,Desktop,India,Free,Landing,1.0,7.0,0.0,0.0,Frequent downtime,1.9,0,1,0,1.0,0.0,0.0,5.0
3202,2025-04-10,Referral,Mobile,USA,Free,First Feature Use,10.0,50.0,3.0,0.0,Highly recommend to other teams,5.0,0,1,1,0.0,0.0,0.0,19.0
3203,2026-03-11,Paid,Mobile,India,Basic,Upgrade,18.0,85.0,15.0,1.0,Highly recommend to other teams,4.9,1,0,1,1.0,0.0,0.0,9.0
3204,2025-05-09,Paid,Mobile,India,Free,Onboarding,4.0,23.0,3.0,0.0,Room for improvement in UI,2.6,0,1,1,0.0,1.0,0.0,12.0
3205,2025-06-20,Organic,Mobile,USA,Free,Sign-up,2.0,13.0,0.0,0.0,Billing system is confusing,1.6,0,1,0,1.0,0.0,0.0,3.0
3206,2025-11-07,Organic,Desktop,India,Free,Onboarding,4.0,21.0,1.0,1.0,Good enough for my use case,3.6,0,1,1,0.0,0.0,0.0,2.0
3207,2026-02-24,Organic,Desktop,India,Basic,Upgrade,16.0,132.0,8.0,0.0,Feature updates are frequent and useful,4.1,1,0,1,0.0,0.0,0.0,29.0
3208,2025-06-01,Paid,Desktop,India,Free,Onboarding,5.0,36.0,3.0,2.0,No strong opinion yet,2.7,0,1,1,1.0,2.0,0.0,2.0
3209,2025-08-15,Organic,Desktop,USA,Free,Onboarding,6.0,41.0,2.0,2.0,Not blown away but not disappointed,3.1,0,1,1,0.0,0.0,0.0,1.0
3210,2026-02-03,Paid,Tablet,USA,Free,First Feature Use,6.0,35.0,7.0,0.0,Need more time before upgrading,2.6,0,1,1,0.0,0.0,0.0,13.0
3211,2025-10-04,Referral,Tablet,Germany,Free,Sign-up,,15.0,0.0,0.0,Still evaluating whether premium is worth it,3.2,0,1,0,0.0,0.0,0.0,8.0
3212,2025-01-12,Paid,Mobile,UK,Basic,Upgrade,,111.0,13.0,1.0,Highly recommend to other teams,4.8,1,0,1,0.0,0.0,0.0,21.0
3213,2025-06-09,Paid,Mobile,India,Free,Sign-up,2.0,18.0,0.0,0.0,Too many bugs on mobile,2.4,0,1,0,0.0,0.0,0.0,2.0
3214,2025-06-22,Paid,Mobile,UK,Free,First Feature Use,11.0,65.0,3.0,0.0,The dashboard analytics are extremely useful,4.8,0,1,1,1.0,0.0,0.0,16.0
3215,2025-01-01,Organic,Mobile,USA,Free,Landing,1.0,12.0,0.0,1.0,No offline access,1.5,0,1,0,0.0,0.0,0.0,3.0
3216,2025-04-11,Organic,Tablet,Canada,Free,Sign-up,2.0,21.0,1.0,0.0,UI feels outdated,2.4,0,1,0,0.0,0.0,0.0,7.0
3217,2025-07-05,Referral,Mobile,USA,Basic,First Feature Use,6.0,52.0,3.0,0.0,No strong opinion yet,2.7,0,0,1,0.0,0.0,5.0,5.0
3218,2025-07-17,Paid,Desktop,Germany,Basic,Onboarding,5.0,41.0,2.0,0.0,Nothing exceptional,3.2,0,0,1,1.0,0.0,13.0,12.0
3219,2025-01-25,Paid,Desktop,USA,Free,Sign-up,2.0,18.0,1.0,1.0,Support response time is slow,1.5,0,1,0,1.0,0.0,0.0,8.0
3220,2025-11-08,Organic,Mobile,USA,Free,Onboarding,6.0,28.0,1.0,1.0,Still exploring features,3.9,0,1,1,0.0,0.0,0.0,2.0
3221,2025-08-01,Paid,Mobile,USA,Free,First Feature Use,6.0,69.0,6.0,1.0,Not blown away but not disappointed,3.0,0,1,1,3.0,0.0,0.0,7.0
3222,2025-08-20,Organic,Mobile,Germany,Free,First Feature Use,7.0,59.0,4.0,1.0,"Works as expected, nothing special",3.8,0,1,1,1.0,1.0,0.0,9.0
3223,2025-08-12,Organic,Mobile,Germany,Premium,Upgrade,13.0,105.0,7.0,1.0,Helped our team productivity,4.6,1,0,1,0.0,0.0,0.0,6.0
3224,2025-05-04,Organic,Desktop,India,Free,Landing,1.0,9.0,0.0,0.0,Mobile UI is cluttered,1.1,0,1,0,0.0,0.0,0.0,3.0
3225,2025-09-25,Organic,Mobile,USA,Free,Sign-up,3.0,12.0,,0.0,Will decide after trial ends,2.5,0,1,0,0.0,1.0,0.0,6.0
3226,2025-06-11,Organic,Mobile,USA,Free,Onboarding,6.0,21.0,2.0,0.0,Standard SaaS experience,3.5,0,1,1,1.0,0.0,0.0,1.0
3227,2026-02-23,Organic,Mobile,India,Free,First Feature Use,5.0,64.0,6.0,2.0,Room for improvement in UI,3.3,0,1,1,0.0,1.0,0.0,17.0
3228,2025-05-02,Paid,Mobile,USA,Premium,Upgrade,11.0,90.0,11.0,0.0,Best SaaS tool I've used,4.5,1,0,1,2.0,0.0,0.0,18.0
3229,2025-05-10,Paid,Mobile,India,Free,Landing,2.0,14.0,0.0,1.0,No offline access,2.2,0,1,0,0.0,0.0,0.0,3.0
3230,2025-06-05,Paid,Desktop,India,Free,Onboarding,6.0,38.0,3.0,0.0,Not blown away but not disappointed,3.4,0,1,1,1.0,0.0,0.0,8.0
3231,2025-01-04,Paid,Mobile,USA,Free,First Feature Use,11.0,32.0,4.0,1.0,Support team solved my issue quickly,4.1,0,1,1,2.0,1.0,0.0,14.0
3232,2025-06-29,Referral,Desktop,India,Premium,Upgrade,11.0,140.0,14.0,1.0,Support team solved my issue quickly,5.0,1,0,1,0.0,0.0,0.0,21.0
3233,2026-03-09,Organic,Desktop,India,Basic,Onboarding,,41.0,2.0,1.0,Meets minimum requirements,3.4,0,0,1,2.0,0.0,11.0,10.0
3234,2026-02-08,Organic,Desktop,Germany,Free,Sign-up,4.0,23.0,0.0,1.0,Similar to other tools,3.7,0,1,0,1.0,0.0,0.0,2.0
3235,2025-01-26,Paid,Mobile,UK,Free,First Feature Use,8.0,40.0,4.0,0.0,It's fine for now,2.8,0,1,1,0.0,0.0,0.0,9.0
3236,2025-03-15,Organic,Mobile,India,Free,Landing,1.0,12.0,0.0,0.0,Frequent downtime,1.9,0,1,0,0.0,0.0,0.0,3.0
3237,2025-05-25,Paid,Mobile,USA,Free,First Feature Use,9.0,44.0,3.0,1.0,The mobile app is surprisingly good,4.5,0,1,1,1.0,1.0,0.0,17.0
3238,2025-08-31,Paid,Mobile,USA,Free,First Feature Use,7.0,45.0,4.0,2.0,Still exploring features,,0,1,1,1.0,0.0,0.0,3.0
3239,2025-05-07,Referral,Tablet,USA,Premium,Upgrade,24.0,119.0,9.0,0.0,Love how everything is customisable,5.0,1,0,1,1.0,0.0,0.0,4.0
3240,2026-01-06,Referral,Mobile,USA,Free,First Feature Use,9.0,65.0,3.0,1.0,Highly recommend to other teams,5.0,0,1,1,0.0,2.0,0.0,14.0
3241,2026-04-14,Referral,Tablet,USA,Free,First Feature Use,5.0,,7.0,1.0,Still exploring features,3.5,0,1,1,0.0,0.0,0.0,6.0
3242,2025-08-05,Organic,Desktop,USA,Free,Onboarding,3.0,43.0,1.0,1.0,Works most of the time,3.7,0,1,1,0.0,0.0,0.0,11.0
3243,2025-03-07,Referral,Mobile,Germany,Free,Sign-up,3.0,24.0,0.0,0.0,Still evaluating whether premium is worth it,3.6,0,1,0,0.0,1.0,0.0,7.0
3244,2025-02-13,Organic,Desktop,UK,Free,Sign-up,4.0,10.0,1.0,0.0,Need more time before upgrading,2.6,0,1,0,0.0,0.0,0.0,1.0
3245,2025-03-27,Paid,Mobile,USA,Free,Onboarding,4.0,,2.0,0.0,Nothing exceptional,3.3,0,1,1,0.0,0.0,0.0,5.0
3246,2026-03-29,Paid,Mobile,USA,Free,Onboarding,6.0,24.0,3.0,1.0,Basic features work fine so far,3.7,0,1,1,1.0,0.0,0.0,5.0
3247,2025-07-27,Organic,Mobile,USA,Free,First Feature Use,6.0,36.0,4.0,0.0,Good enough for my use case,2.5,0,1,1,1.0,0.0,0.0,3.0
3248,2026-03-11,Paid,Tablet,USA,Free,Sign-up,2.0,20.0,0.0,1.0,No offline access,,0,1,0,1.0,0.0,0.0,8.0
3249,2025-10-20,Organic,Mobile,USA,Basic,Upgrade,14.0,108.0,15.0,1.0,Great value for money,4.2,1,0,1,0.0,0.0,0.0,23.0
3250,2025-09-19,Organic,Desktop,Germany,Free,Onboarding,6.0,23.0,3.0,1.0,Not blown away but not disappointed,2.5,0,1,1,,0.0,0.0,6.0
3251,2025-08-13,Referral,Mobile,India,Free,First Feature Use,11.0,63.0,4.0,0.0,The API documentation is clear,4.6,0,1,1,0.0,0.0,0.0,11.0
3252,2025-10-24,Organic,Mobile,UK,Free,First Feature Use,8.0,69.0,7.0,1.0,No strong opinion yet,3.7,0,1,1,0.0,0.0,0.0,3.0
3253,2025-06-24,Organic,Mobile,USA,Free,Onboarding,5.0,38.0,2.0,1.0,Nothing exceptional,3.0,0,1,1,1.0,0.0,0.0,4.0
3254,2025-01-06,Organic,Mobile,USA,Premium,Upgrade,21.0,121.0,17.0,0.0,Analytics dashboard is insightful,4.6,1,0,1,0.0,,0.0,25.0
3255,2025-04-28,Referral,Mobile,USA,Basic,First Feature Use,6.0,41.0,7.0,1.0,Average experience so far,3.6,0,0,1,1.0,0.0,2.0,3.0
3256,2025-01-16,Organic,Mobile,UK,Free,Landing,1.0,8.0,0.0,0.0,Billing system is confusing,2.4,0,1,0,1.0,0.0,0.0,5.0
3257,2025-08-20,Organic,Desktop,India,Free,Sign-up,2.0,22.0,1.0,0.0,Trial period too short,1.8,0,1,0,0.0,0.0,0.0,4.0
3258,2025-11-15,Referral,Mobile,USA,Free,Onboarding,7.0,25.0,1.0,1.0,Meets minimum requirements,3.9,0,1,1,1.0,,0.0,11.0
3259,2025-06-10,Organic,Tablet,India,Basic,First Feature Use,7.0,69.0,6.0,1.0,Good enough for my use case,3.7,0,0,1,0.0,0.0,5.0,19.0
3260,2025-12-09,Organic,Mobile,USA,Free,Landing,2.0,8.0,0.0,1.0,UI feels outdated,1.6,0,1,0,0.0,0.0,0.0,4.0
3261,2026-04-17,Paid,Mobile,UK,Free,Sign-up,4.0,18.0,0.0,1.0,"Works as expected, nothing special",3.4,0,1,0,0.0,0.0,0.0,6.0
3262,2025-09-24,Paid,Mobile,UK,Free,First Feature Use,7.0,43.0,5.0,1.0,Nothing exceptional,2.9,0,1,1,0.0,0.0,0.0,9.0
3263,2025-01-08,Referral,Mobile,USA,Free,Sign-up,3.0,23.0,0.0,1.0,No strong opinion yet,2.9,0,1,0,0.0,0.0,0.0,1.0
3264,2025-10-21,Organic,Tablet,UK,Free,First Feature Use,11.0,48.0,7.0,4.0,Automated reports are a lifesaver,4.6,0,1,1,1.0,1.0,0.0,4.0
3265,2025-11-08,Referral,Desktop,USA,Free,First Feature Use,8.0,40.0,4.0,1.0,Not blown away but not disappointed,3.1,0,1,1,0.0,0.0,0.0,1.0
3266,2025-10-30,Referral,Desktop,USA,Free,Onboarding,6.0,34.0,3.0,0.0,Ok for basic use,3.6,0,1,1,0.0,0.0,0.0,11.0
3267,2025-05-06,Organic,Desktop,USA,Free,Landing,1.0,,0.0,0.0,UI feels outdated,1.7,0,1,0,0.0,0.0,0.0,5.0
3268,2025-01-14,Organic,Desktop,USA,Basic,Onboarding,3.0,20.0,1.0,0.0,Not sure if I'll continue,3.9,0,0,1,0.0,0.0,7.0,5.0
3269,2025-05-08,,Desktop,USA,Free,First Feature Use,6.0,55.0,4.0,0.0,Similar to other tools,2.5,0,1,1,1.0,0.0,0.0,15.0
3270,2025-09-30,Paid,Desktop,UK,Free,Landing,2.0,5.0,0.0,0.0,Too many steps during setup process,1.3,0,1,0,0.0,0.0,0.0,5.0
3271,2025-09-12,Paid,Mobile,USA,Free,Onboarding,4.0,38.0,2.0,1.0,Will decide after trial ends,3.9,0,1,1,0.0,0.0,0.0,11.0
3272,2025-09-29,Paid,Desktop,USA,Free,Sign-up,4.0,23.0,1.0,1.0,Similar to other tools,3.7,0,1,0,1.0,0.0,0.0,5.0
3273,2025-08-30,Paid,Desktop,UK,Premium,Upgrade,20.0,93.0,11.0,1.0,Easy onboarding experience,4.7,1,0,1,2.0,0.0,0.0,2.0
3274,2025-04-19,Referral,Mobile,Germany,Free,Sign-up,4.0,10.0,1.0,0.0,Not sure if I'll continue,3.4,0,1,0,,0.0,0.0,2.0
3275,2026-01-29,Organic,Desktop,India,Free,Sign-up,3.0,13.0,1.0,0.0,Meets minimum requirements,3.4,0,1,0,1.0,0.0,0.0,1.0
3276,2025-04-23,Organic,Mobile,Germany,Basic,Upgrade,24.0,61.0,11.0,1.0,Love the reporting features,4.9,1,0,1,0.0,0.0,0.0,4.0
3277,2025-12-19,Referral,Desktop,UK,Free,Sign-up,2.0,17.0,0.0,0.0,No dark mode,1.5,0,1,0,0.0,0.0,0.0,6.0
3278,2025-10-22,Referral,Mobile,USA,Free,Sign-up,3.0,11.0,0.0,,Good enough for my use case,2.8,0,1,0,0.0,0.0,0.0,1.0
3279,2025-07-10,Paid,Mobile,India,Free,Sign-up,4.0,18.0,0.0,0.0,Needs a few more integrations,2.6,0,1,0,0.0,0.0,0.0,2.0
3280,2025-10-27,Referral,Mobile,USA,Free,Onboarding,6.0,28.0,1.0,0.0,Could be better but not terrible,3.5,0,1,1,0.0,0.0,0.0,6.0
3281,2025-01-30,Paid,Desktop,USA,Basic,First Feature Use,5.0,35.0,4.0,0.0,Decent but not great,2.6,0,1,1,0.0,0.0,0.0,11.0
3282,2025-12-18,Organic,Mobile,USA,Free,Sign-up,4.0,18.0,0.0,0.0,Could be better but not terrible,2.7,0,1,0,1.0,0.0,0.0,9.0
3283,2025-02-26,Referral,Desktop,USA,Free,Onboarding,4.0,34.0,2.0,0.0,"Works as expected, nothing special",3.1,0,1,1,0.0,0.0,,13.0
3284,2025-05-05,Organic,Desktop,India,Free,First Feature Use,7.0,30.0,5.0,0.0,Meets minimum requirements,,0,1,1,0.0,2.0,0.0,14.0
3285,2025-01-16,Organic,Mobile,UK,Free,Sign-up,4.0,17.0,0.0,0.0,Good enough for my use case,3.4,0,1,0,0.0,0.0,0.0,4.0
3286,2025-02-24,Organic,Tablet,USA,Free,First Feature Use,6.0,66.0,4.0,0.0,Needs a few more integrations,2.6,0,1,1,1.0,1.0,0.0,15.0
3287,2025-02-09,Paid,Mobile,Germany,Free,First Feature Use,7.0,39.0,,1.0,Room for improvement in UI,3.8,0,1,1,1.0,0.0,0.0,13.0
3288,2025-12-10,Referral,Desktop,UK,Free,First Feature Use,6.0,65.0,3.0,1.0,Room for improvement in UI,2.7,0,1,1,1.0,1.0,0.0,17.0
3289,2025-05-06,Organic,Mobile,USA,Free,Sign-up,4.0,21.0,0.0,0.0,Ok for basic use,3.5,0,1,0,1.0,0.0,0.0,2.0
3290,2025-05-27,Organic,Mobile,Germany,Free,Landing,2.0,14.0,0.0,1.0,Missing basic integrations,1.7,0,1,0,0.0,0.0,0.0,2.0
3291,2026-02-11,Paid,Mobile,USA,Basic,First Feature Use,11.0,55.0,4.0,3.0,Worth every penny,4.7,0,1,1,1.0,0.0,1.0,7.0
3292,2025-11-04,Referral,Desktop,India,Free,Landing,2.0,11.0,0.0,0.0,Frequent downtime,1.1,0,1,0,1.0,0.0,0.0,3.0
3293,2025-08-28,Paid,Tablet,USA,Free,Onboarding,5.0,20.0,2.0,0.0,Will decide after trial ends,3.5,0,1,1,0.0,1.0,0.0,9.0
3294,2025-05-18,Paid,Mobile,India,Free,Onboarding,5.0,33.0,1.0,0.0,Average experience so far,3.7,0,1,1,0.0,0.0,0.0,4.0
3295,2025-05-23,Paid,Mobile,Germany,Free,Sign-up,3.0,11.0,1.0,0.0,"Works as expected, nothing special",3.8,0,1,0,0.0,1.0,0.0,4.0
3296,2026-02-06,Organic,Tablet,UK,Free,Landing,2.0,5.0,0.0,0.0,Trial period too short,1.3,0,1,0,0.0,0.0,0.0,1.0
3297,2025-03-31,Organic,Mobile,USA,Free,Landing,1.0,5.0,0.0,0.0,UI feels outdated,,0,1,0,0.0,0.0,0.0,3.0
3298,2025-09-17,Organic,Mobile,USA,Free,Sign-up,3.0,20.0,0.0,0.0,Still exploring features,3.7,0,1,0,0.0,0.0,0.0,3.0
3299,2025-06-16,Referral,Mobile,USA,Free,Onboarding,7.0,35.0,1.0,0.0,Decent but not great,2.8,0,1,1,1.0,0.0,0.0,5.0
3300,2025-06-17,Organic,Mobile,India,Free,Onboarding,6.0,35.0,1.0,0.0,Basic features work fine so far,2.8,0,1,1,0.0,0.0,0.0,8.0
3301,2025-07-25,Paid,Desktop,USA,Free,Onboarding,7.0,43.0,1.0,1.0,No strong opinion yet,3.5,0,1,1,0.0,1.0,0.0,11.0
3302,2025-02-14,Organic,Tablet,USA,Free,Landing,,14.0,0.0,0.0,Export functionality is limited,1.1,0,1,0,0.0,0.0,0.0,2.0
3303,2025-12-26,Paid,Mobile,India,Free,First Feature Use,10.0,31.0,5.0,1.0,Integration with Slack was seamless,4.3,0,1,1,0.0,0.0,0.0,17.0
3304,2025-12-22,Organic,Desktop,USA,Free,First Feature Use,7.0,43.0,6.0,3.0,Room for improvement in UI,3.6,0,1,1,0.0,0.0,0.0,12.0
3305,2026-03-03,Organic,Desktop,India,Free,Landing,2.0,10.0,0.0,0.0,Missing key features compared to competitors,,0,1,0,0.0,0.0,0.0,4.0
3306,2025-10-13,Organic,Mobile,USA,Free,Onboarding,6.0,41.0,2.0,1.0,Haven't used all features yet,2.7,0,1,1,0.0,0.0,0.0,8.0
3307,2026-04-10,Paid,Mobile,USA,Free,Landing,2.0,7.0,0.0,1.0,Frequent downtime,2.3,0,1,0,0.0,0.0,0.0,2.0
3308,2025-04-19,Organic,Desktop,USA,Free,Sign-up,4.0,22.0,1.0,1.0,Meets minimum requirements,3.5,0,1,0,0.0,0.0,0.0,3.0
3309,2026-01-20,Paid,Mobile,Canada,Free,Sign-up,3.0,18.0,0.0,0.0,Good enough for my use case,2.9,0,1,0,0.0,0.0,0.0,7.0
3310,2025-08-17,Paid,Mobile,USA,Free,Landing,1.0,9.0,0.0,0.0,Too many bugs on mobile,1.6,0,1,0,,0.0,0.0,2.0
3311,2025-06-12,Paid,Tablet,USA,Basic,First Feature Use,5.0,30.0,4.0,1.0,Good enough for my use case,2.6,0,0,1,0.0,0.0,2.0,4.0
3312,2026-03-21,Paid,Desktop,UK,Free,Landing,1.0,7.0,,0.0,Support response time is slow,2.0,0,1,0,0.0,0.0,0.0,3.0
3313,2025-10-16,Referral,Tablet,India,Free,Sign-up,2.0,19.0,0.0,0.0,Pricing too high for small businesses,2.0,0,1,0,1.0,0.0,0.0,5.0
3314,2025-01-18,Organic,Mobile,USA,Free,Landing,2.0,13.0,0.0,0.0,Customer support unhelpful,2.3,0,1,0,0.0,0.0,0.0,3.0
3315,2025-09-02,Organic,Desktop,India,Free,Landing,2.0,13.0,0.0,0.0,Missing key features compared to competitors,1.6,0,1,0,0.0,0.0,0.0,2.0
3316,2025-09-05,Referral,Desktop,USA,Free,Landing,1.0,14.0,0.0,1.0,Steep learning curve,1.1,0,1,0,0.0,0.0,0.0,1.0
3317,2026-01-18,Organic,Tablet,USA,Free,Sign-up,4.0,22.0,1.0,0.0,Average experience so far,2.5,0,1,0,0.0,0.0,0.0,3.0
3318,2025-06-09,Referral,Tablet,UK,Premium,Upgrade,23.0,90.0,13.0,0.0,Reporting module saves a lot of time,4.6,1,0,1,0.0,0.0,0.0,9.0
3319,2026-02-03,Organic,Tablet,USA,Free,Landing,1.0,13.0,0.0,0.0,Email notifications are spammy,1.4,0,1,0,0.0,0.0,0.0,5.0
3320,2025-04-18,Paid,Tablet,Germany,Free,First Feature Use,9.0,60.0,6.0,0.0,Great value for money,4.1,0,1,1,0.0,0.0,0.0,3.0
3321,2025-11-13,Organic,Mobile,USA,Free,Landing,2.0,7.0,0.0,0.0,Too many steps during setup process,2.3,0,1,0,0.0,0.0,0.0,2.0
3322,2025-06-10,Referral,Desktop,India,Free,Landing,2.0,11.0,0.0,0.0,Export functionality is limited,1.5,0,1,0,0.0,0.0,0.0,2.0
3323,2025-02-18,Paid,Mobile,USA,Premium,Upgrade,17.0,78.0,17.0,1.0,Analytics dashboard is insightful,4.5,1,0,1,0.0,0.0,0.0,15.0
3324,2025-10-11,Organic,Desktop,India,Free,Sign-up,3.0,12.0,1.0,0.0,Average experience so far,,0,1,0,0.0,1.0,0.0,5.0
3325,2026-01-28,Organic,Tablet,USA,Free,Sign-up,3.0,11.0,0.0,0.0,Works most of the time,3.6,0,1,0,0.0,0.0,0.0,9.0
3326,2025-12-08,Organic,Mobile,Canada,Free,First Feature Use,5.0,53.0,6.0,2.0,Basic features work fine so far,3.5,0,1,1,0.0,0.0,0.0,7.0
3327,2026-02-10,Paid,Desktop,USA,Basic,Onboarding,4.0,33.0,1.0,0.0,No strong opinion yet,2.7,0,0,1,1.0,0.0,7.0,1.0
3328,2025-06-14,Organic,Desktop,India,Free,Onboarding,7.0,41.0,3.0,1.0,Will decide after trial ends,3.5,0,1,1,0.0,0.0,0.0,11.0
3329,2025-01-29,Organic,Mobile,UK,Free,Sign-up,4.0,24.0,1.0,0.0,Nothing exceptional,3.2,0,1,0,,0.0,0.0,1.0
3330,2025-06-21,Paid,Mobile,USA,Free,Sign-up,3.0,13.0,1.0,0.0,Nothing exceptional,3.3,0,1,0,1.0,0.0,0.0,8.0
3331,2026-03-30,Organic,Mobile,USA,Free,Sign-up,3.0,16.0,0.0,2.0,Nothing exceptional,3.8,0,1,0,0.0,0.0,0.0,9.0
3332,2025-04-18,Organic,Mobile,India,Free,First Feature Use,11.0,37.0,5.0,0.0,Feature updates are frequent and useful,4.6,0,1,1,1.0,1.0,0.0,1.0
3333,2025-12-12,Organic,Desktop,USA,Free,Onboarding,3.0,44.0,3.0,2.0,Works most of the time,3.7,0,1,1,0.0,1.0,,4.0
3334,2025-06-29,Paid,Mobile,India,Basic,First Feature Use,9.0,41.0,4.0,3.0,Love how everything is customisable,4.3,0,1,1,1.0,1.0,3.0,2.0
3335,2025-11-03,Referral,Mobile,USA,Free,Sign-up,4.0,18.0,1.0,0.0,Needs a few more integrations,3.1,0,1,0,0.0,0.0,0.0,7.0
3336,2025-10-28,Organic,Tablet,Canada,Free,Landing,2.0,8.0,0.0,0.0,Trial period too short,2.3,0,1,0,0.0,0.0,0.0,5.0
3337,2025-12-30,Paid,Desktop,UK,Free,Onboarding,5.0,23.0,1.0,1.0,Room for improvement in UI,3.6,0,1,1,0.0,0.0,0.0,2.0
3338,2025-06-01,Organic,Mobile,USA,Basic,Onboarding,7.0,35.0,1.0,0.0,Room for improvement in UI,4.0,0,0,1,0.0,1.0,13.0,1.0
3339,2025-03-06,Organic,Mobile,USA,Free,First Feature Use,5.0,42.0,6.0,,Haven't used all features yet,3.7,0,1,1,1.0,0.0,0.0,14.0
3340,2025-11-27,Paid,Desktop,USA,Premium,Upgrade,22.0,61.0,17.0,0.0,Customer support was excellent,4.3,1,0,1,0.0,0.0,0.0,6.0
3341,2025-08-08,Organic,Mobile,USA,Free,Sign-up,2.0,22.0,1.0,0.0,No dark mode,1.2,0,1,0,0.0,0.0,0.0,2.0
3342,2026-03-20,Paid,Desktop,USA,Premium,Upgrade,24.0,134.0,11.0,0.0,Love the reporting features,4.4,1,0,1,,0.0,0.0,29.0
3343,2025-10-18,Referral,Desktop,Germany,Free,First Feature Use,11.0,50.0,3.0,1.0,Customer support was excellent,4.8,0,1,1,1.0,0.0,0.0,11.0
3344,2026-02-21,Referral,Mobile,India,Free,Landing,1.0,10.0,0.0,0.0,App crashes during report export,2.0,0,1,0,0.0,0.0,0.0,6.0
3345,2026-01-20,Organic,Tablet,USA,Basic,Onboarding,5.0,26.0,3.0,0.0,Basic features work fine so far,3.9,0,0,1,0.0,0.0,12.0,1.0
3346,2025-04-13,Organic,Mobile,UK,Basic,First Feature Use,8.0,34.0,3.0,0.0,Nothing exceptional,,0,0,1,0.0,1.0,3.0,9.0
3347,2025-05-23,Referral,Mobile,USA,Free,Onboarding,6.0,25.0,1.0,1.0,Learning curve is medium,2.5,0,1,1,0.0,1.0,0.0,7.0
3348,2025-02-23,Organic,Tablet,USA,Free,Sign-up,3.0,16.0,0.0,0.0,Ok for basic use,3.2,0,1,0,1.0,0.0,0.0,7.0
3349,2025-09-26,Paid,Mobile,USA,Free,First Feature Use,11.0,36.0,4.0,0.0,Mobile experience is smooth,4.8,0,1,1,0.0,0.0,0.0,3.0
3350,2025-03-20,Organic,Desktop,India,Free,Onboarding,3.0,23.0,1.0,1.0,"Works as expected, nothing special",3.5,0,1,1,0.0,1.0,0.0,7.0
3351,2025-06-02,Organic,Desktop,Canada,Free,Sign-up,,18.0,1.0,0.0,Learning curve is medium,2.9,0,1,0,0.0,0.0,0.0,7.0
3352,2025-12-03,Organic,Mobile,USA,Free,Landing,1.0,14.0,0.0,0.0,Billing system is confusing,2.1,0,1,0,1.0,0.0,0.0,3.0
3353,2026-03-26,Referral,Tablet,USA,Free,Onboarding,6.0,40.0,1.0,0.0,Not sure if I'll continue,3.5,0,1,1,2.0,1.0,,9.0
3354,2025-06-17,Referral,Mobile,USA,Free,First Feature Use,8.0,31.0,6.0,0.0,Basic features work fine so far,2.8,0,1,1,2.0,0.0,0.0,18.0
3355,2026-03-12,Organic,Mobile,Germany,Free,Sign-up,4.0,15.0,0.0,0.0,No strong opinion yet,3.0,0,1,0,0.0,0.0,0.0,5.0
3356,2025-01-05,Referral,Tablet,USA,Free,First Feature Use,8.0,64.0,6.0,0.0,Learning curve is medium,3.1,0,1,1,0.0,0.0,0.0,19.0
3357,2025-08-17,Organic,Mobile,UK,Premium,Upgrade,23.0,112.0,15.0,0.0,Mobile experience is smooth,4.9,1,0,1,0.0,0.0,0.0,7.0
3358,2026-02-08,Organic,Desktop,Germany,Free,Landing,2.0,12.0,0.0,0.0,Pricing feels too expensive,2.3,0,1,0,1.0,0.0,0.0,3.0
3359,2025-03-28,Paid,Desktop,USA,Premium,Upgrade,14.0,105.0,7.0,0.0,Automated reports are a lifesaver,4.9,1,0,1,0.0,0.0,0.0,21.0
3360,2025-11-20,Paid,Mobile,UK,Free,First Feature Use,6.0,40.0,4.0,1.0,Need more time before upgrading,2.6,0,1,1,0.0,0.0,0.0,
3361,2025-04-08,Organic,Mobile,USA,Free,Landing,1.0,5.0,0.0,0.0,Too many steps during setup process,2.4,0,1,0,0.0,0.0,0.0,5.0
3362,2025-08-02,Organic,Mobile,India,Free,Onboarding,5.0,34.0,2.0,1.0,Needs a few more integrations,3.9,0,1,1,0.0,0.0,,2.0
3363,2025-03-02,Referral,Desktop,USA,Free,First Feature Use,7.0,48.0,4.0,2.0,Ok for basic use,2.6,0,1,1,2.0,0.0,0.0,2.0
3364,2025-07-15,Referral,Mobile,Canada,Premium,Upgrade,18.0,,11.0,0.0,Feature updates are frequent and useful,4.8,1,0,1,1.0,,,1.0
3365,2026-03-10,Referral,Mobile,Germany,Free,First Feature Use,7.0,66.0,3.0,0.0,It's fine for now,3.8,0,1,1,1.0,0.0,0.0,18.0
3366,2025-05-12,Organic,Mobile,India,Free,Sign-up,3.0,14.0,0.0,0.0,Basic features work fine so far,3.8,0,1,0,0.0,0.0,0.0,4.0
3367,2025-07-30,Paid,Mobile,USA,Basic,Upgrade,14.0,129.0,8.0,1.0,Worth every penny,4.9,1,0,1,0.0,0.0,0.0,19.0
3368,2025-08-16,Organic,Desktop,India,Free,Landing,2.0,13.0,0.0,0.0,Billing system is confusing,1.1,0,1,0,0.0,0.0,0.0,2.0
3369,2025-02-18,Referral,Tablet,USA,Free,First Feature Use,10.0,58.0,7.0,1.0,Support team solved my issue quickly,4.9,0,1,1,0.0,0.0,0.0,11.0
3370,2026-01-21,Organic,Mobile,USA,Free,Sign-up,,18.0,0.0,0.0,Support response time is slow,1.3,0,1,0,0.0,0.0,0.0,4.0
3371,2025-03-27,Organic,Mobile,USA,Free,Sign-up,2.0,13.0,0.0,0.0,Mobile app crashes while exporting reports,2.3,0,1,0,1.0,0.0,0.0,1.0
3372,2026-01-11,Organic,Desktop,UK,Premium,Upgrade,20.0,,18.0,0.0,Support team solved my issue quickly,4.7,1,0,1,0.0,0.0,0.0,12.0
3373,2026-01-13,Referral,Mobile,India,Basic,Upgrade,18.0,106.0,11.0,0.0,Analytics dashboard is insightful,4.8,1,0,1,0.0,1.0,0.0,24.0
3374,2025-08-06,Paid,Tablet,Germany,Free,Onboarding,3.0,27.0,1.0,0.0,Learning curve is medium,2.8,0,1,1,1.0,0.0,0.0,11.0
3375,2025-02-17,Organic,Mobile,India,Free,Sign-up,2.0,24.0,0.0,0.0,Cannot customize reports enough,2.0,0,1,0,0.0,0.0,0.0,7.0
3376,2025-09-18,Paid,Mobile,India,Free,Sign-up,4.0,22.0,1.0,0.0,"Works as expected, nothing special",3.9,0,1,0,0.0,0.0,0.0,8.0
3377,2026-02-26,Referral,Tablet,Germany,Free,Sign-up,4.0,13.0,1.0,0.0,No strong opinion yet,2.7,0,1,0,1.0,0.0,0.0,8.0
3378,2025-05-02,Organic,Mobile,Germany,Basic,Upgrade,14.0,103.0,17.0,0.0,The dashboard analytics are extremely useful,4.8,1,0,1,1.0,0.0,0.0,10.0
3379,2026-01-20,Referral,Mobile,USA,Free,First Feature Use,5.0,66.0,7.0,0.0,Needs a few more integrations,2.7,0,1,1,0.0,1.0,0.0,15.0
3380,2025-09-12,Referral,Mobile,USA,Free,Onboarding,5.0,39.0,1.0,0.0,Could be better but not terrible,3.3,0,1,1,3.0,0.0,0.0,7.0
3381,2025-01-10,Organic,Tablet,USA,Basic,First Feature Use,,67.0,6.0,0.0,Highly recommend to other teams,5.0,0,0,1,1.0,0.0,1.0,8.0
3382,2026-01-01,Organic,Desktop,UK,Free,Landing,1.0,7.0,0.0,0.0,Support response time is slow,1.5,0,1,0,0.0,0.0,0.0,2.0
3383,2025-06-03,Organic,Mobile,UK,Free,Sign-up,3.0,15.0,0.0,0.0,Will evaluate again next month,3.6,0,1,0,0.0,0.0,0.0,8.0
3384,2025-06-12,Organic,Desktop,Canada,Free,First Feature Use,5.0,35.0,5.0,2.0,Room for improvement in UI,2.7,0,1,1,0.0,0.0,0.0,6.0
3385,2025-08-06,Paid,Mobile,Germany,Free,Landing,1.0,,0.0,0.0,Steep learning curve,2.3,0,1,0,0.0,0.0,0.0,6.0
3386,2025-06-03,Paid,Mobile,USA,Free,First Feature Use,11.0,43.0,3.0,1.0,Support team solved my issue quickly,4.1,0,1,1,2.0,0.0,0.0,7.0
3387,2026-02-22,Paid,Desktop,USA,Free,Onboarding,5.0,38.0,3.0,0.0,Could be better but not terrible,3.8,0,1,1,1.0,0.0,0.0,2.0
3388,2025-07-17,Organic,Desktop,USA,Free,Sign-up,2.0,17.0,1.0,0.0,Support response time is slow,1.6,0,1,0,0.0,0.0,0.0,5.0
3389,2025-04-17,Paid,Mobile,USA,Basic,Upgrade,20.0,143.0,15.0,0.0,Analytics dashboard is insightful,4.3,1,0,1,0.0,1.0,0.0,1.0
3390,2025-10-25,Paid,Mobile,USA,Free,Onboarding,6.0,35.0,2.0,0.0,Will evaluate again next month,3.7,0,1,1,1.0,0.0,,6.0
3391,2025-06-13,Referral,Mobile,Germany,Basic,First Feature Use,7.0,40.0,6.0,0.0,Not sure if I'll continue,3.2,0,0,1,1.0,0.0,1.0,5.0
3392,2025-05-10,Organic,Desktop,USA,Free,First Feature Use,8.0,69.0,6.0,0.0,Nothing exceptional,3.5,0,1,1,0.0,1.0,0.0,1.0
3393,2025-12-21,Paid,Desktop,UK,Premium,Upgrade,16.0,147.0,14.0,0.0,Support team solved my issue quickly,4.6,1,0,1,0.0,0.0,0.0,11.0
3394,2025-03-26,Referral,Desktop,USA,Free,Sign-up,3.0,14.0,0.0,1.0,Will decide after trial ends,3.6,0,1,0,0.0,0.0,0.0,8.0
3395,2025-11-26,Paid,Desktop,USA,Free,First Feature Use,8.0,61.0,5.0,0.0,Need more time before upgrading,3.2,0,1,1,1.0,0.0,0.0,19.0
3396,2025-07-05,Organic,Desktop,Germany,Free,Sign-up,4.0,13.0,1.0,0.0,Not blown away but not disappointed,3.2,0,1,0,0.0,1.0,0.0,7.0
3397,2025-06-09,Organic,Desktop,India,Free,Sign-up,2.0,22.0,1.0,0.0,Email notifications are spammy,1.2,0,1,0,0.0,0.0,0.0,2.0
3398,2025-01-29,Referral,Mobile,USA,Basic,First Feature Use,6.0,38.0,5.0,1.0,Will evaluate again next month,3.6,0,0,1,3.0,1.0,6.0,18.0
3399,2025-06-02,Organic,Mobile,Germany,Free,Sign-up,3.0,15.0,1.0,0.0,Similar to other tools,3.6,0,1,0,1.0,0.0,0.0,8.0
3400,2025-06-09,Referral,Mobile,USA,Free,Sign-up,3.0,19.0,0.0,0.0,Will decide after trial ends,3.0,0,1,0,2.0,0.0,0.0,5.0
3401,2026-02-21,Referral,Mobile,India,Free,Onboarding,5.0,28.0,1.0,0.0,"Works as expected, nothing special",3.0,0,1,1,1.0,0.0,0.0,9.0
3402,2025-07-09,Organic,Desktop,USA,Free,Sign-up,,10.0,1.0,0.0,Mobile UI is cluttered,2.1,0,1,0,1.0,0.0,0.0,8.0
3403,2026-03-04,Paid,Tablet,India,Free,Sign-up,2.0,19.0,0.0,0.0,UI feels outdated,1.9,0,1,0,0.0,3.0,0.0,8.0
3404,2025-02-18,Organic,Mobile,USA,Basic,First Feature Use,9.0,61.0,,0.0,Onboarding tutorial was straightforward,4.0,0,0,1,0.0,1.0,7.0,7.0
3405,2025-06-20,Organic,Tablet,UK,Free,Sign-up,,12.0,0.0,1.0,Meets minimum requirements,2.8,0,1,0,1.0,0.0,0.0,8.0
3406,2025-05-28,Paid,Mobile,UK,Free,First Feature Use,5.0,48.0,4.0,0.0,Works most of the time,2.6,0,1,1,0.0,0.0,0.0,10.0
3407,2025-12-12,Paid,Mobile,USA,Free,Sign-up,3.0,12.0,0.0,0.0,Ok for basic use,2.8,0,1,0,0.0,0.0,0.0,4.0
3408,2025-12-30,Organic,Desktop,Germany,Free,Onboarding,3.0,43.0,2.0,0.0,Meets minimum requirements,3.9,0,1,1,1.0,0.0,0.0,9.0
3409,2025-10-20,Referral,Mobile,USA,Basic,Onboarding,7.0,28.0,1.0,0.0,Will evaluate again next month,3.6,0,0,1,1.0,0.0,9.0,1.0
3410,2025-02-25,Organic,Mobile,Germany,Free,Sign-up,2.0,16.0,0.0,0.0,UI feels outdated,2.0,0,1,0,0.0,0.0,0.0,2.0
3411,2025-09-06,Paid,Desktop,USA,Free,First Feature Use,7.0,64.0,5.0,1.0,No strong opinion yet,3.1,0,1,1,0.0,0.0,0.0,11.0
3412,2025-03-19,Paid,Tablet,India,Free,Onboarding,4.0,28.0,3.0,0.0,Need more time before upgrading,3.2,0,1,1,0.0,0.0,0.0,2.0
3413,2025-11-29,Organic,Desktop,India,Free,Landing,2.0,11.0,0.0,0.0,Email notifications are spammy,1.1,0,1,0,0.0,0.0,0.0,6.0
3414,2026-01-09,Referral,Mobile,USA,Premium,Upgrade,18.0,125.0,16.0,1.0,Very intuitive UI,4.2,1,0,1,0.0,1.0,0.0,18.0
3415,2026-03-04,Paid,Mobile,USA,Basic,Onboarding,4.0,36.0,1.0,0.0,Will decide after trial ends,2.6,0,0,1,1.0,0.0,13.0,4.0
3416,2025-07-16,Paid,Tablet,UK,Free,First Feature Use,8.0,60.0,6.0,0.0,Ok for basic use,3.7,0,1,1,2.0,1.0,0.0,15.0
3417,2025-09-12,Paid,Mobile,India,Free,Landing,1.0,10.0,0.0,0.0,Missing key features compared to competitors,1.4,0,1,0,2.0,0.0,0.0,1.0
3418,2025-09-07,Organic,Tablet,Canada,Free,Sign-up,4.0,17.0,0.0,0.0,Room for improvement in UI,3.5,0,1,0,1.0,0.0,0.0,2.0
3419,2025-10-09,Organic,Mobile,USA,Free,Landing,2.0,10.0,0.0,0.0,UI feels outdated,2.3,0,1,0,1.0,0.0,0.0,3.0
3420,2025-08-05,Paid,Desktop,USA,Free,First Feature Use,11.0,64.0,5.0,2.0,Mobile experience is smooth,5.0,0,1,1,1.0,0.0,0.0,15.0
3421,2025-07-10,Referral,Desktop,India,Free,Onboarding,4.0,24.0,2.0,0.0,Need more time before upgrading,3.6,0,1,1,0.0,0.0,0.0,9.0
3422,2026-01-22,Referral,Mobile,UK,Free,Sign-up,2.0,14.0,0.0,1.0,Export functionality is limited,1.0,0,1,0,0.0,0.0,0.0,8.0
3423,2025-12-01,Organic,Desktop,Germany,Basic,Upgrade,22.0,96.0,8.0,0.0,Saves me hours every week,4.6,1,0,1,1.0,0.0,0.0,23.0
3424,2026-03-15,Organic,Mobile,USA,Free,First Feature Use,8.0,65.0,7.0,2.0,Meets minimum requirements,3.3,0,1,1,1.0,0.0,0.0,11.0
3425,2025-02-20,Organic,Desktop,USA,Free,Onboarding,7.0,27.0,,0.0,Nothing exceptional,3.2,0,1,1,0.0,0.0,0.0,12.0
3426,2026-01-26,Organic,Desktop,India,Free,Onboarding,6.0,32.0,2.0,0.0,No strong opinion yet,3.8,0,1,1,0.0,0.0,0.0,11.0
3427,2025-12-15,Paid,Mobile,USA,Free,Onboarding,4.0,40.0,1.0,1.0,Will evaluate again next month,3.3,0,1,1,0.0,0.0,0.0,9.0
3428,2026-02-05,Paid,Desktop,India,Free,Sign-up,4.0,16.0,1.0,0.0,Good enough for my use case,3.7,0,1,0,0.0,0.0,0.0,6.0
3429,2025-08-07,Organic,Mobile,USA,Free,Onboarding,4.0,39.0,3.0,0.0,Decent but not great,3.1,0,1,1,3.0,0.0,0.0,12.0
3430,2025-08-04,Paid,Mobile,USA,Premium,Upgrade,21.0,63.0,8.0,0.0,The dashboard analytics are extremely useful,,1,0,1,0.0,0.0,0.0,
3431,2026-02-06,Paid,Desktop,India,Basic,Upgrade,19.0,,16.0,3.0,Simple and effective design,4.2,1,0,1,2.0,0.0,0.0,3.0
3432,2025-12-02,Organic,Mobile,USA,Free,Onboarding,4.0,41.0,1.0,0.0,No strong opinion yet,3.8,0,1,1,0.0,0.0,0.0,2.0
3433,2026-02-19,Paid,Desktop,USA,Free,First Feature Use,6.0,39.0,7.0,0.0,Basic features work fine so far,3.2,0,1,1,0.0,0.0,0.0,8.0
3434,2026-03-28,Organic,Mobile,Canada,Free,Landing,,9.0,0.0,0.0,Trial period too short,1.3,0,1,0,1.0,0.0,0.0,5.0
3435,2026-02-09,Paid,Mobile,Germany,Free,Sign-up,3.0,23.0,1.0,0.0,Good enough for my use case,3.2,0,1,0,0.0,0.0,0.0,2.0
3436,2025-04-11,Referral,Mobile,Germany,Free,First Feature Use,10.0,58.0,7.0,0.0,The API documentation is clear,4.7,0,1,1,1.0,,0.0,7.0
3437,2025-05-08,Paid,Mobile,Canada,Basic,First Feature Use,7.0,62.0,7.0,2.0,Still evaluating whether premium is worth it,2.9,0,0,1,2.0,0.0,4.0,14.0
3438,2025-06-26,Referral,Desktop,USA,Free,First Feature Use,11.0,50.0,4.0,0.0,Worth every penny,4.8,0,1,1,0.0,0.0,0.0,15.0
3439,2025-05-11,Organic,Desktop,USA,Premium,Upgrade,10.0,91.0,12.0,0.0,Feature updates are frequent and useful,4.7,1,0,1,0.0,1.0,0.0,6.0
3440,2025-12-03,Paid,Tablet,USA,Free,First Feature Use,8.0,49.0,5.0,0.0,No strong opinion yet,3.8,0,1,1,1.0,0.0,0.0,1.0
3441,2026-02-09,Paid,Mobile,Germany,Free,First Feature Use,5.0,55.0,7.0,0.0,Average experience so far,3.9,0,1,1,2.0,0.0,0.0,15.0
3442,2025-02-27,Paid,Desktop,India,Free,Onboarding,5.0,38.0,3.0,0.0,Similar to other tools,3.4,0,1,1,1.0,0.0,0.0,5.0
3443,2026-01-06,Referral,Desktop,UK,Premium,Upgrade,21.0,103.0,18.0,0.0,Mobile experience is smooth,4.2,1,0,1,0.0,1.0,0.0,4.0
3444,2025-12-08,Paid,Mobile,Germany,Basic,First Feature Use,6.0,31.0,6.0,0.0,Will evaluate again next month,2.7,0,0,1,0.0,0.0,6.0,14.0
3445,2026-01-20,Paid,Desktop,UK,Free,Landing,1.0,14.0,0.0,0.0,No dark mode,2.5,0,1,0,1.0,0.0,0.0,4.0
3446,2025-08-10,Organic,Desktop,USA,Free,Onboarding,5.0,37.0,3.0,,Will decide after trial ends,3.8,0,1,1,0.0,0.0,0.0,2.0
3447,2025-02-20,Organic,Mobile,USA,Free,Landing,2.0,6.0,0.0,0.0,Dashboard loads slowly,2.1,0,1,0,0.0,,0.0,5.0
3448,2025-01-03,Paid,Desktop,USA,Free,Landing,2.0,10.0,0.0,0.0,UI feels outdated,1.4,0,1,0,0.0,0.0,0.0,2.0
3449,2025-03-03,Paid,Mobile,USA,Free,Onboarding,6.0,23.0,1.0,,Needs a few more integrations,2.5,0,1,1,0.0,2.0,,10.0
3450,2025-03-15,Referral,Mobile,USA,Free,Sign-up,3.0,21.0,1.0,0.0,No strong opinion yet,,0,1,0,0.0,0.0,0.0,8.0
3451,2025-03-20,Organic,Mobile,India,Free,Onboarding,4.0,33.0,2.0,0.0,"Works as expected, nothing special",3.6,0,1,1,1.0,0.0,0.0,6.0
3452,2025-07-04,Organic,Desktop,USA,Free,Landing,1.0,9.0,0.0,0.0,Support response time is slow,1.3,0,1,0,0.0,0.0,0.0,
3453,2025-11-09,Paid,Mobile,India,Free,First Feature Use,10.0,37.0,7.0,0.0,Highly recommend to other teams,4.5,0,1,1,0.0,0.0,0.0,6.0
3454,2025-04-14,Referral,Mobile,USA,Free,Landing,2.0,12.0,0.0,0.0,Export functionality is limited,2.0,0,1,0,0.0,0.0,0.0,3.0
3455,2026-03-19,Referral,Desktop,Canada,Free,Onboarding,3.0,35.0,1.0,1.0,Learning curve is medium,2.7,0,1,1,1.0,0.0,0.0,9.0
3456,2025-05-22,Organic,Desktop,India,Free,Sign-up,2.0,15.0,0.0,0.0,The onboarding tutorial was confusing,,0,1,0,0.0,0.0,0.0,3.0
3457,2025-07-11,Organic,Desktop,Canada,Free,Landing,2.0,9.0,0.0,1.0,UI feels outdated,2.5,0,1,0,0.0,0.0,0.0,4.0
3458,2026-04-02,Organic,Mobile,USA,Basic,Upgrade,20.0,,,0.0,Automated reports are a lifesaver,4.9,1,0,1,0.0,0.0,0.0,6.0
3459,2025-03-14,Organic,Desktop,USA,Free,First Feature Use,8.0,49.0,5.0,1.0,Could be better but not terrible,3.6,0,1,1,0.0,0.0,0.0,5.0
3460,2025-11-10,Referral,Mobile,UK,Free,First Feature Use,7.0,55.0,5.0,1.0,Works most of the time,3.0,0,1,1,0.0,1.0,0.0,1.0
3461,2025-09-24,Organic,Mobile,USA,Free,Sign-up,2.0,17.0,0.0,0.0,Missing basic integrations,1.5,0,1,0,0.0,0.0,0.0,1.0
3462,2025-11-14,Organic,Desktop,USA,Free,Onboarding,7.0,30.0,3.0,2.0,Learning curve is medium,3.0,0,1,1,0.0,0.0,0.0,2.0
3463,2026-04-10,Organic,Desktop,USA,Free,Landing,1.0,11.0,0.0,0.0,Support response time is slow,1.6,0,1,0,3.0,0.0,0.0,3.0
3464,2025-02-27,Organic,Desktop,USA,Basic,Upgrade,17.0,133.0,10.0,0.0,Real-time sync is fast,4.4,1,0,1,1.0,0.0,0.0,8.0
3465,2025-10-07,Referral,Desktop,Germany,Free,Onboarding,5.0,22.0,3.0,0.0,Will decide after trial ends,2.6,0,1,1,0.0,1.0,0.0,7.0
3466,2026-04-24,Organic,Desktop,USA,Free,Sign-up,4.0,15.0,0.0,0.0,Meets minimum requirements,3.9,0,1,0,0.0,1.0,0.0,3.0
3467,2025-01-17,Organic,Mobile,Canada,Free,Landing,1.0,13.0,0.0,0.0,No dark mode,1.7,0,1,0,0.0,0.0,0.0,4.0
3468,2026-03-17,Referral,Mobile,USA,Free,First Feature Use,6.0,52.0,7.0,,Not sure if I'll continue,2.6,0,1,1,1.0,0.0,0.0,11.0
3469,2025-06-09,Organic,Tablet,USA,Free,Landing,2.0,14.0,0.0,0.0,Dashboard loads slowly,2.0,0,1,0,0.0,0.0,0.0,5.0
3470,2025-01-27,Paid,Mobile,UK,Free,Onboarding,7.0,43.0,2.0,0.0,Ok for basic use,3.1,0,1,1,0.0,1.0,0.0,7.0
3471,2025-08-27,Organic,Desktop,India,Free,Onboarding,4.0,43.0,3.0,2.0,Nothing exceptional,3.8,0,1,1,0.0,0.0,0.0,13.0
3472,2025-11-09,Paid,Desktop,India,Free,Landing,1.0,12.0,0.0,1.0,Dashboard loads slowly,2.4,0,1,0,0.0,0.0,0.0,2.0
3473,2025-06-27,Organic,Mobile,India,Free,First Feature Use,9.0,64.0,6.0,0.0,Mobile experience is smooth,4.3,0,1,1,0.0,1.0,0.0,1.0
3474,2025-11-30,Organic,Desktop,USA,Free,Landing,2.0,5.0,0.0,0.0,Customer support unhelpful,1.3,0,1,0,1.0,0.0,,5.0
3475,2026-03-12,Paid,Desktop,USA,Premium,Upgrade,11.0,134.0,14.0,0.0,The dashboard analytics are extremely useful,4.1,1,0,1,1.0,0.0,0.0,3.0
3476,2025-01-12,Organic,Desktop,USA,Free,First Feature Use,6.0,54.0,5.0,2.0,Still evaluating whether premium is worth it,3.8,0,1,1,1.0,2.0,0.0,8.0
3477,2026-01-09,Paid,Mobile,USA,Free,Onboarding,6.0,28.0,2.0,0.0,Nothing exceptional,4.0,0,1,1,1.0,0.0,0.0,4.0
3478,2025-07-13,Organic,Mobile,Canada,Free,Onboarding,7.0,32.0,3.0,0.0,Learning curve is medium,3.8,0,1,1,1.0,0.0,0.0,5.0
3479,2025-10-28,Paid,Mobile,Germany,Free,Sign-up,2.0,19.0,1.0,0.0,Too many bugs on mobile,1.1,0,1,0,0.0,0.0,0.0,3.0
3480,2026-03-20,Referral,Desktop,USA,Free,First Feature Use,10.0,69.0,4.0,0.0,Support team solved my issue quickly,4.9,0,1,1,3.0,0.0,0.0,5.0
3481,2025-02-28,Organic,Desktop,India,Free,Landing,2.0,13.0,0.0,0.0,Support response time is slow,1.6,0,1,0,0.0,0.0,0.0,2.0
3482,2025-11-17,Organic,Mobile,UK,Free,Sign-up,2.0,12.0,1.0,0.0,Feature X is broken for weeks,2.2,0,1,0,0.0,0.0,0.0,3.0
3483,2026-04-30,Referral,Desktop,USA,Basic,Upgrade,23.0,72.0,9.0,0.0,Data export works perfectly,4.9,1,0,1,0.0,0.0,0.0,6.0
3484,2025-02-06,Paid,Mobile,USA,Basic,Upgrade,16.0,105.0,12.0,1.0,Support team solved my issue quickly,4.2,1,0,1,0.0,0.0,0.0,6.0
3485,2026-03-22,Organic,Desktop,USA,Free,Sign-up,4.0,10.0,1.0,1.0,Decent but not great,3.7,0,1,0,1.0,,0.0,3.0
3486,2026-03-24,Paid,Mobile,India,Free,First Feature Use,7.0,51.0,6.0,0.0,Need more time before upgrading,3.2,0,1,1,3.0,2.0,0.0,18.0
3487,2025-02-18,Organic,Mobile,USA,Basic,First Feature Use,7.0,63.0,7.0,0.0,"Works as expected, nothing special",3.3,0,1,1,0.0,0.0,0.0,17.0
3488,2025-03-13,Organic,Mobile,Germany,Free,Onboarding,4.0,36.0,3.0,1.0,Still evaluating whether premium is worth it,2.9,0,1,1,1.0,0.0,0.0,4.0
3489,2025-10-13,Referral,Desktop,USA,Free,Sign-up,4.0,18.0,1.0,0.0,Meets minimum requirements,2.7,0,1,0,0.0,0.0,0.0,8.0
3490,2026-02-04,Paid,Mobile,USA,Free,Onboarding,4.0,41.0,3.0,0.0,Decent but not great,3.9,0,1,1,0.0,0.0,0.0,7.0
3491,2025-03-17,Paid,Mobile,USA,Premium,Upgrade,12.0,69.0,10.0,0.0,Easy onboarding experience,4.0,1,0,1,1.0,0.0,0.0,17.0
3492,2025-04-11,Organic,Mobile,India,Free,Sign-up,4.0,23.0,0.0,0.0,"Works as expected, nothing special",3.2,0,1,0,1.0,,0.0,3.0
3493,2026-04-08,Organic,Mobile,UK,Free,Landing,2.0,14.0,0.0,0.0,Mobile app crashes while exporting reports,1.9,0,1,0,2.0,0.0,0.0,3.0
3494,2025-08-09,Referral,Desktop,India,Basic,Upgrade,24.0,120.0,13.0,1.0,Love how everything is customisable,4.8,1,0,1,0.0,1.0,0.0,4.0
3495,2025-06-18,Organic,Desktop,USA,Free,Sign-up,4.0,12.0,1.0,1.0,Basic features work fine so far,3.6,0,1,0,0.0,0.0,0.0,7.0
3496,2025-03-01,Organic,Mobile,USA,Free,Landing,1.0,9.0,,0.0,Too many steps during setup process,1.1,0,1,0,0.0,0.0,0.0,6.0
3497,2025-03-08,Organic,Mobile,USA,Free,Onboarding,6.0,26.0,1.0,1.0,It's fine for now,3.9,0,1,1,0.0,0.0,0.0,8.0
3498,2025-08-09,Paid,Mobile,USA,Free,First Feature Use,11.0,45.0,4.0,0.0,Very intuitive UI,4.8,0,1,1,0.0,1.0,0.0,9.0
3499,2026-03-18,Organic,Tablet,India,Premium,Upgrade,16.0,119.0,16.0,1.0,Love how everything is customisable,4.4,1,0,1,0.0,0.0,0.0,12.0
3500,2025-06-29,Organic,Desktop,USA,Free,Sign-up,2.0,22.0,0.0,0.0,Missing key features compared to competitors,1.5,0,1,0,1.0,0.0,0.0,9.0
3501,2025-03-11,Referral,Desktop,USA,Free,Sign-up,4.0,17.0,1.0,0.0,No strong opinion yet,2.6,0,1,0,1.0,0.0,0.0,8.0
3502,2025-03-08,Paid,Desktop,USA,Free,Onboarding,4.0,26.0,3.0,0.0,Room for improvement in UI,2.8,0,1,1,2.0,0.0,0.0,9.0
3503,2026-04-07,Organic,Desktop,USA,Free,Landing,2.0,,0.0,0.0,The onboarding tutorial was confusing,2.0,0,1,0,0.0,0.0,0.0,2.0
3504,2025-09-15,Paid,Tablet,India,Free,Sign-up,4.0,14.0,1.0,0.0,"Works as expected, nothing special",3.6,0,1,0,0.0,0.0,,2.0
3505,2025-01-25,Organic,Mobile,India,Basic,Upgrade,15.0,134.0,8.0,0.0,Great value for money,4.8,1,0,1,0.0,0.0,0.0,21.0
3506,2025-06-10,Organic,Tablet,India,Free,Sign-up,2.0,24.0,0.0,0.0,Feature X is broken for weeks,1.7,0,1,0,0.0,0.0,0.0,5.0
3507,2025-11-05,Paid,Desktop,UK,Basic,First Feature Use,11.0,38.0,3.0,1.0,The API documentation is clear,4.1,0,1,1,0.0,0.0,0.0,19.0
3508,2025-06-05,Organic,Mobile,USA,Free,Sign-up,4.0,11.0,1.0,0.0,Will evaluate again next month,3.3,0,1,0,0.0,0.0,0.0,5.0
3509,2025-07-17,Organic,Desktop,India,Free,First Feature Use,9.0,56.0,6.0,0.0,Reporting module saves a lot of time,4.8,0,1,1,0.0,0.0,0.0,13.0
3510,2025-10-17,Paid,Desktop,USA,Free,Onboarding,7.0,38.0,3.0,0.0,Not blown away but not disappointed,2.7,0,1,1,0.0,0.0,0.0,4.0
3511,2025-03-07,Referral,Desktop,India,Basic,Onboarding,3.0,24.0,2.0,0.0,Decent but not great,2.8,0,0,1,1.0,0.0,8.0,11.0
3512,2025-11-08,Paid,Mobile,India,Premium,Upgrade,15.0,127.0,14.0,1.0,Love how everything is customisable,4.6,1,0,1,1.0,0.0,0.0,12.0
3513,2025-07-16,Organic,Desktop,India,Free,Landing,2.0,8.0,0.0,1.0,Missing key features compared to competitors,2.3,0,1,0,0.0,0.0,0.0,6.0
3514,2025-08-22,Organic,Mobile,USA,Free,Onboarding,4.0,28.0,1.0,0.0,No strong opinion yet,2.9,0,1,1,2.0,0.0,0.0,8.0
3515,2026-03-27,Organic,Desktop,Canada,Free,Landing,2.0,10.0,0.0,0.0,Export functionality is limited,2.1,0,1,0,0.0,0.0,0.0,6.0
3516,2025-07-08,Organic,Tablet,India,Free,First Feature Use,10.0,67.0,5.0,1.0,Reporting module saves a lot of time,,0,1,1,1.0,0.0,0.0,18.0
3517,2025-02-28,Organic,Desktop,India,Premium,Upgrade,21.0,65.0,8.0,0.0,Support team solved my issue quickly,4.7,1,0,1,0.0,0.0,0.0,22.0
3518,2026-03-10,Paid,Mobile,USA,Premium,Upgrade,10.0,88.0,9.0,0.0,Support team solved my issue quickly,4.3,1,0,1,,0.0,0.0,15.0
3519,2026-03-29,Organic,Desktop,USA,Free,Sign-up,4.0,10.0,0.0,0.0,Average experience so far,3.9,0,1,0,0.0,1.0,0.0,6.0
3520,2025-02-05,Organic,Mobile,USA,Free,Onboarding,4.0,42.0,1.0,1.0,Standard SaaS experience,3.4,0,1,1,0.0,0.0,0.0,1.0
3521,2025-05-15,Paid,Desktop,USA,Free,Onboarding,5.0,42.0,3.0,1.0,Could be better but not terrible,2.7,0,1,1,1.0,0.0,0.0,5.0
3522,2026-02-18,Organic,Desktop,UK,Free,Landing,,6.0,0.0,0.0,Customer support unhelpful,1.0,0,1,0,0.0,0.0,0.0,4.0
3523,2025-09-27,Referral,Mobile,Germany,Free,Landing,1.0,7.0,0.0,0.0,Feature X is broken for weeks,1.7,0,1,0,0.0,0.0,0.0,1.0
3524,2025-05-03,Organic,Mobile,USA,Free,Landing,1.0,11.0,0.0,0.0,Mobile UI is cluttered,1.4,0,1,0,0.0,0.0,0.0,5.0
3525,2026-04-25,Referral,Desktop,UK,Basic,First Feature Use,11.0,47.0,5.0,0.0,Love how everything is customisable,4.4,0,0,1,0.0,0.0,5.0,16.0
3526,2025-01-23,Referral,Mobile,USA,Basic,First Feature Use,6.0,33.0,3.0,0.0,Works most of the time,3.7,0,0,1,2.0,0.0,3.0,6.0
3527,2025-07-30,Referral,Desktop,USA,Basic,Onboarding,6.0,33.0,1.0,0.0,Could be better but not terrible,3.0,0,0,1,0.0,0.0,5.0,7.0
3528,2025-03-14,Organic,Mobile,Germany,Free,Sign-up,3.0,13.0,1.0,0.0,Still evaluating whether premium is worth it,3.2,0,1,0,0.0,,0.0,8.0
3529,2025-11-12,Referral,Mobile,India,Free,Onboarding,4.0,35.0,1.0,0.0,Still exploring features,3.6,0,1,1,0.0,1.0,0.0,13.0
3530,2025-02-28,Organic,Desktop,UK,Free,Sign-up,4.0,21.0,1.0,0.0,"Works as expected, nothing special",2.7,0,1,0,0.0,0.0,0.0,4.0
3531,2025-03-09,Organic,Desktop,USA,Free,Onboarding,3.0,34.0,3.0,1.0,"Works as expected, nothing special",3.5,0,1,1,0.0,1.0,0.0,5.0
3532,2025-10-11,Organic,Desktop,USA,Free,First Feature Use,9.0,53.0,6.0,0.0,Love the reporting features,4.3,0,1,1,1.0,2.0,0.0,6.0
3533,2025-05-19,Organic,Desktop,USA,Free,Sign-up,4.0,22.0,0.0,0.0,"Works as expected, nothing special",3.4,0,1,0,0.0,0.0,0.0,9.0
3534,2026-02-27,Organic,Mobile,USA,Free,Sign-up,3.0,22.0,1.0,0.0,Meets minimum requirements,3.4,0,1,0,2.0,0.0,0.0,9.0
3535,2026-03-04,Organic,Desktop,USA,Free,Sign-up,2.0,16.0,1.0,0.0,Customer support unhelpful,1.5,0,1,0,0.0,0.0,0.0,3.0
3536,2025-06-28,Organic,Mobile,India,Premium,Upgrade,24.0,108.0,8.0,1.0,Support team solved my issue quickly,4.8,1,0,1,0.0,0.0,0.0,20.0
3537,2025-12-23,Paid,Mobile,USA,Free,Sign-up,2.0,22.0,0.0,0.0,Mobile app crashes while exporting reports,1.8,0,1,0,0.0,0.0,0.0,6.0
3538,2025-08-31,Organic,Mobile,USA,Free,Onboarding,6.0,41.0,1.0,1.0,Room for improvement in UI,2.6,0,1,1,0.0,0.0,0.0,12.0
3539,2025-11-24,Paid,Mobile,India,Free,Sign-up,3.0,15.0,1.0,1.0,Still exploring features,3.0,0,1,0,0.0,0.0,0.0,7.0
3540,2025-03-13,Referral,Mobile,Germany,Basic,Onboarding,3.0,26.0,2.0,1.0,Learning curve is medium,4.0,0,0,1,0.0,1.0,12.0,1.0
3541,2026-03-02,Organic,Mobile,Canada,Free,Landing,2.0,13.0,0.0,1.0,Too many steps during setup process,2.5,0,1,0,0.0,0.0,0.0,4.0
3542,2026-03-08,Paid,Tablet,India,Free,Sign-up,2.0,11.0,1.0,0.0,Too many steps during setup process,2.0,0,1,0,0.0,0.0,0.0,4.0
3543,2025-04-09,Referral,Mobile,USA,Basic,Upgrade,16.0,91.0,14.0,1.0,The API documentation is clear,5.0,1,0,1,0.0,,0.0,12.0
3544,2025-06-19,Organic,Mobile,USA,Free,Sign-up,4.0,22.0,1.0,0.0,Haven't used all features yet,2.9,0,1,0,0.0,0.0,0.0,8.0
3545,2025-10-18,Organic,Desktop,Germany,Free,Onboarding,3.0,,3.0,,Will decide after trial ends,3.1,0,1,1,2.0,,0.0,9.0
3546,2025-12-14,Referral,Mobile,Germany,Free,First Feature Use,9.0,53.0,7.0,0.0,Mobile experience is smooth,4.3,0,1,1,0.0,1.0,0.0,6.0
3547,2025-10-07,Referral,Mobile,UK,Basic,Onboarding,,37.0,2.0,1.0,"Works as expected, nothing special",3.9,0,0,1,1.0,0.0,8.0,
3548,2025-06-13,Paid,Mobile,USA,Free,Sign-up,3.0,14.0,0.0,0.0,Learning curve is medium,3.3,0,1,0,0.0,0.0,0.0,2.0
3549,2025-08-14,Organic,Mobile,USA,Free,Sign-up,3.0,23.0,1.0,0.0,Decent but not great,3.2,0,1,0,0.0,0.0,0.0,1.0
3550,2026-02-10,Referral,Mobile,Germany,Free,Onboarding,4.0,33.0,1.0,0.0,No strong opinion yet,3.3,0,1,1,2.0,0.0,,4.0
3551,2025-10-21,Organic,Mobile,USA,Free,Onboarding,7.0,27.0,2.0,1.0,Meets minimum requirements,3.3,0,1,1,1.0,0.0,,9.0
3552,2025-09-22,Organic,Desktop,India,Free,Landing,1.0,12.0,0.0,0.0,Customer support unhelpful,2.4,0,1,0,0.0,0.0,0.0,2.0
3553,2025-07-30,Organic,Mobile,Canada,Free,Landing,2.0,6.0,0.0,0.0,UI feels outdated,1.9,0,1,0,0.0,0.0,0.0,1.0
3554,2025-07-11,Organic,Mobile,India,Free,Landing,1.0,11.0,0.0,0.0,Trial period too short,1.2,0,1,0,1.0,0.0,0.0,2.0
3555,2026-03-30,Paid,Desktop,USA,Basic,Upgrade,10.0,65.0,17.0,0.0,Automated reports are a lifesaver,4.7,1,0,1,0.0,0.0,0.0,11.0
3556,2025-03-17,Referral,Mobile,USA,Premium,Upgrade,21.0,136.0,10.0,1.0,Onboarding tutorial was straightforward,4.9,1,0,1,1.0,0.0,0.0,21.0
3557,2025-12-01,Paid,Mobile,USA,Free,Sign-up,4.0,21.0,1.0,0.0,Not sure if I'll continue,3.6,0,1,0,0.0,0.0,0.0,5.0
3558,2025-03-03,Organic,Desktop,India,Free,First Feature Use,10.0,67.0,7.0,1.0,Customer support was excellent,4.4,0,1,1,0.0,0.0,0.0,8.0
3559,2025-11-30,Paid,Tablet,UK,Free,Onboarding,7.0,42.0,1.0,0.0,Basic features work fine so far,3.6,0,1,1,0.0,0.0,0.0,12.0
3560,2026-01-22,Paid,Desktop,USA,Free,Onboarding,5.0,37.0,1.0,0.0,Average experience so far,2.8,0,1,1,0.0,0.0,0.0,13.0
3561,2025-07-15,Organic,Mobile,USA,Free,Onboarding,3.0,32.0,1.0,0.0,Will decide after trial ends,2.6,0,1,1,0.0,0.0,0.0,9.0
3562,2025-01-22,Referral,Tablet,USA,Free,Onboarding,6.0,43.0,1.0,0.0,Needs a few more integrations,2.8,0,1,1,0.0,0.0,0.0,13.0
3563,2025-06-10,Referral,Mobile,Canada,Free,First Feature Use,6.0,60.0,6.0,0.0,Decent but not great,3.3,0,1,1,0.0,0.0,0.0,7.0
3564,2026-01-08,Paid,Mobile,India,Free,Landing,2.0,13.0,0.0,0.0,Feature X is broken for weeks,2.5,0,1,0,0.0,0.0,0.0,6.0
3565,2026-04-06,Organic,Mobile,USA,Free,Landing,1.0,9.0,0.0,0.0,UI feels outdated,1.1,0,1,0,0.0,0.0,0.0,5.0
3566,2025-09-04,Paid,Desktop,Germany,Basic,Upgrade,16.0,80.0,7.0,1.0,The dashboard analytics are extremely useful,5.0,1,0,1,1.0,0.0,0.0,4.0
3567,2025-06-14,Referral,Mobile,India,Free,Landing,2.0,14.0,0.0,0.0,Feature X is broken for weeks,1.1,0,1,0,0.0,0.0,0.0,4.0
3568,2026-03-27,Organic,Desktop,India,Free,Sign-up,3.0,11.0,0.0,0.0,Needs a few more integrations,3.6,0,1,0,0.0,0.0,0.0,9.0
3569,2025-03-24,Referral,Desktop,India,Free,Landing,1.0,14.0,0.0,0.0,Pricing too high for small businesses,1.6,0,1,0,0.0,0.0,0.0,5.0
3570,2025-11-10,Organic,Mobile,India,Free,Landing,2.0,13.0,0.0,0.0,Mobile app crashes while exporting reports,1.8,0,1,0,1.0,0.0,0.0,3.0
3571,2026-02-01,Paid,Desktop,USA,Premium,Upgrade,24.0,103.0,8.0,0.0,The API documentation is clear,4.8,1,0,1,0.0,0.0,0.0,28.0
3572,2025-06-29,Paid,Mobile,UK,Free,First Feature Use,7.0,49.0,6.0,,Average experience so far,2.7,0,1,1,0.0,1.0,0.0,2.0
3573,2025-06-20,Paid,Mobile,India,Free,Sign-up,4.0,23.0,1.0,0.0,Similar to other tools,3.0,0,1,0,1.0,0.0,,5.0
3574,2026-03-11,Referral,Mobile,USA,Free,First Feature Use,8.0,30.0,6.0,0.0,Learning curve is medium,3.7,0,1,1,0.0,1.0,0.0,18.0
3575,2025-05-28,Organic,Desktop,USA,Free,First Feature Use,10.0,31.0,7.0,1.0,Simple and effective design,4.6,0,1,1,0.0,0.0,0.0,11.0
3576,2025-04-18,Organic,Mobile,USA,Free,Landing,2.0,7.0,0.0,0.0,UI feels outdated,1.9,0,1,0,0.0,0.0,0.0,5.0
3577,2026-04-17,Paid,Desktop,USA,Free,Onboarding,6.0,26.0,1.0,0.0,Works most of the time,3.9,0,1,1,0.0,1.0,0.0,3.0
3578,2025-07-31,Organic,Tablet,USA,Free,Sign-up,4.0,20.0,1.0,0.0,"Works as expected, nothing special",3.1,0,1,0,1.0,1.0,0.0,7.0
3579,2025-04-10,Paid,Tablet,UK,Free,Onboarding,7.0,24.0,2.0,1.0,Standard SaaS experience,3.8,0,1,1,0.0,0.0,0.0,5.0
3580,2025-04-14,Organic,Mobile,USA,Basic,First Feature Use,7.0,69.0,3.0,0.0,Standard SaaS experience,3.1,0,0,1,0.0,1.0,2.0,16.0
3581,2025-01-20,Organic,Mobile,USA,Free,Onboarding,7.0,27.0,2.0,0.0,Ok for basic use,3.3,0,1,1,2.0,0.0,0.0,12.0
3582,2026-04-14,Paid,Mobile,Germany,Free,Landing,2.0,9.0,0.0,0.0,Frequent downtime,2.0,0,1,0,0.0,0.0,0.0,2.0
3583,2025-06-02,Paid,Desktop,India,Free,Onboarding,6.0,30.0,1.0,0.0,"Works as expected, nothing special",2.6,0,1,1,0.0,0.0,0.0,3.0
3584,2026-01-20,Organic,Tablet,USA,Free,Sign-up,4.0,16.0,1.0,0.0,Decent but not great,2.8,0,1,0,0.0,0.0,0.0,4.0
3585,2025-06-04,Organic,Desktop,USA,Free,Onboarding,5.0,27.0,2.0,1.0,Not blown away but not disappointed,3.8,0,1,1,0.0,0.0,0.0,2.0
3586,2026-03-20,Organic,Desktop,India,Free,Onboarding,3.0,28.0,2.0,0.0,Will decide after trial ends,3.7,0,1,1,0.0,1.0,0.0,7.0
3587,2026-03-03,Organic,Mobile,India,Free,Onboarding,3.0,25.0,1.0,1.0,Decent but not great,4.0,0,1,1,,0.0,0.0,13.0
3588,2025-04-23,Organic,Desktop,USA,Free,Onboarding,3.0,23.0,1.0,0.0,Still exploring features,2.6,0,1,1,0.0,0.0,0.0,1.0
3589,2025-05-28,Organic,Mobile,Germany,Basic,Upgrade,11.0,63.0,7.0,1.0,Simple and effective design,4.5,1,0,1,0.0,0.0,0.0,
3590,2025-03-22,Paid,Mobile,India,Free,Onboarding,6.0,20.0,3.0,1.0,Could be better but not terrible,3.2,0,1,1,0.0,0.0,0.0,7.0
3591,2025-12-14,Paid,Desktop,Germany,Basic,First Feature Use,8.0,56.0,3.0,0.0,Basic features work fine so far,2.6,0,0,1,3.0,1.0,5.0,14.0
3592,2026-04-11,Organic,Desktop,USA,Free,Landing,2.0,10.0,0.0,0.0,Too many bugs on mobile,2.1,0,1,0,0.0,0.0,0.0,3.0
3593,2025-10-21,Paid,Mobile,USA,Free,First Feature Use,5.0,56.0,6.0,2.0,Need more time before upgrading,3.1,0,1,1,,0.0,0.0,15.0
3594,2025-02-26,Referral,Mobile,USA,Free,First Feature Use,10.0,33.0,4.0,1.0,Very intuitive UI,4.6,0,1,1,0.0,0.0,0.0,7.0
3595,2025-04-30,Organic,Mobile,USA,Free,Landing,2.0,11.0,0.0,0.0,Too many steps during setup process,1.7,0,1,0,0.0,0.0,0.0,1.0
3596,2025-02-04,Organic,Desktop,USA,Free,Landing,1.0,6.0,0.0,0.0,Dashboard loads slowly,2.1,0,1,0,0.0,0.0,0.0,2.0
3597,2025-11-06,Paid,Mobile,USA,Premium,Upgrade,22.0,62.0,12.0,0.0,Love how everything is customisable,4.0,1,0,1,1.0,0.0,0.0,24.0
3598,2025-12-05,Organic,Desktop,India,Free,Sign-up,4.0,22.0,0.0,0.0,Decent but not great,3.2,0,1,0,0.0,1.0,0.0,8.0
3599,2025-07-03,,Mobile,USA,Free,First Feature Use,5.0,35.0,6.0,0.0,Average experience so far,3.0,0,1,1,1.0,0.0,0.0,11.0
3600,2025-09-09,Referral,Mobile,USA,Free,Sign-up,2.0,12.0,1.0,1.0,Pricing too high for small businesses,1.2,0,1,0,1.0,0.0,0.0,4.0
3601,2025-05-11,Paid,Mobile,Germany,Basic,Upgrade,24.0,92.0,14.0,0.0,Integration with Slack was seamless,4.6,1,0,1,0.0,0.0,0.0,14.0
3602,2025-04-22,Paid,Mobile,USA,Free,Landing,1.0,5.0,0.0,,Export functionality is limited,2.2,0,1,0,0.0,0.0,0.0,3.0
3603,2025-03-11,Paid,Desktop,UK,Basic,First Feature Use,7.0,52.0,7.0,1.0,Need more time before upgrading,3.7,0,0,1,0.0,0.0,6.0,5.0
3604,2026-01-26,Organic,Desktop,UK,Free,Sign-up,2.0,16.0,0.0,0.0,App crashes during report export,1.0,0,1,0,0.0,0.0,0.0,4.0
3605,2025-11-06,Organic,Mobile,Canada,Free,First Feature Use,11.0,,7.0,1.0,Customer support was excellent,4.7,0,1,1,0.0,1.0,0.0,9.0
3606,2025-07-03,Referral,Mobile,Germany,Basic,Upgrade,11.0,135.0,19.0,0.0,Helped our team productivity,4.6,1,0,1,0.0,0.0,0.0,14.0
3607,2025-07-23,Referral,Desktop,USA,Free,First Feature Use,10.0,68.0,4.0,0.0,Automated reports are a lifesaver,4.5,0,1,1,0.0,1.0,0.0,19.0
3608,2025-01-17,Paid,Mobile,Germany,Free,First Feature Use,10.0,51.0,5.0,0.0,Best SaaS tool I've used,4.7,0,1,1,0.0,0.0,0.0,18.0
3609,2025-11-10,Referral,Mobile,USA,Free,Sign-up,3.0,11.0,1.0,0.0,Needs a few more integrations,2.7,0,1,0,0.0,0.0,0.0,4.0
3610,2025-03-25,Organic,Mobile,India,Free,First Feature Use,5.0,66.0,3.0,3.0,Decent but not great,4.0,0,1,1,1.0,0.0,0.0,5.0
3611,2026-03-05,Organic,Desktop,USA,Basic,Upgrade,,88.0,10.0,1.0,Data export works perfectly,4.2,1,0,1,1.0,0.0,0.0,29.0
3612,2025-06-26,Organic,Mobile,UK,Free,Landing,1.0,12.0,0.0,0.0,Frequent downtime,2.0,0,1,0,0.0,0.0,0.0,2.0
3613,2025-01-30,Organic,Mobile,UK,Free,Landing,,14.0,0.0,0.0,Pricing feels too expensive,2.3,0,1,0,0.0,0.0,0.0,6.0
3614,2025-05-14,Referral,Desktop,UK,Free,Sign-up,2.0,24.0,1.0,0.0,Cannot customize reports enough,1.5,0,1,0,1.0,0.0,0.0,7.0
3615,2026-03-19,Referral,Tablet,India,Basic,Upgrade,11.0,85.0,16.0,0.0,Automated reports are a lifesaver,5.0,1,0,1,0.0,0.0,0.0,10.0
3616,2026-03-14,Referral,Mobile,USA,Free,Sign-up,2.0,24.0,1.0,0.0,The onboarding tutorial was confusing,1.3,0,1,0,1.0,0.0,0.0,2.0
3617,2025-05-13,Paid,Mobile,USA,Basic,Upgrade,17.0,68.0,17.0,0.0,Helped our team productivity,4.1,1,0,1,0.0,0.0,0.0,22.0
3618,2025-01-22,Organic,Mobile,India,Free,Onboarding,5.0,37.0,1.0,2.0,Will evaluate again next month,2.9,0,1,1,1.0,1.0,0.0,1.0
3619,2026-03-17,Organic,Mobile,USA,Free,Landing,1.0,12.0,0.0,0.0,Frequent downtime,2.3,0,1,0,,0.0,0.0,1.0
3620,2025-01-01,Organic,Mobile,USA,Free,Onboarding,7.0,40.0,2.0,2.0,Needs a few more integrations,2.6,0,1,1,0.0,0.0,0.0,2.0
3621,2025-05-02,Paid,Desktop,India,Free,Sign-up,2.0,13.0,1.0,1.0,No offline access,2.1,0,1,0,0.0,0.0,0.0,6.0
3622,2026-03-15,Organic,Tablet,Germany,Free,First Feature Use,7.0,46.0,4.0,1.0,Not sure if I'll continue,3.4,0,1,1,0.0,1.0,0.0,11.0
3623,2025-01-12,Referral,Desktop,USA,Basic,First Feature Use,6.0,50.0,6.0,0.0,Learning curve is medium,3.1,0,0,1,1.0,,2.0,7.0
3624,2026-04-12,Referral,Mobile,UK,Free,First Feature Use,6.0,52.0,5.0,0.0,Meets minimum requirements,2.8,0,1,1,0.0,0.0,0.0,6.0
3625,2026-03-27,Organic,Desktop,USA,Free,Onboarding,4.0,37.0,2.0,0.0,Will decide after trial ends,3.0,0,1,1,1.0,0.0,0.0,10.0
3626,2026-04-27,Organic,Mobile,USA,Free,First Feature Use,8.0,38.0,7.0,1.0,Basic features work fine so far,2.5,0,1,1,1.0,0.0,0.0,5.0
3627,2026-04-13,Paid,Mobile,USA,Premium,Upgrade,13.0,109.0,12.0,1.0,Helped our team productivity,4.1,1,0,1,0.0,0.0,0.0,13.0
3628,2025-06-26,Organic,Tablet,UK,Free,Sign-up,3.0,14.0,0.0,0.0,Still evaluating whether premium is worth it,2.6,0,1,0,0.0,0.0,0.0,4.0
3629,2025-08-16,Paid,Tablet,India,Free,Sign-up,3.0,24.0,1.0,0.0,Not blown away but not disappointed,3.0,0,1,0,0.0,0.0,0.0,3.0
3630,2026-02-18,Paid,Mobile,USA,Free,Sign-up,4.0,21.0,,0.0,Needs a few more integrations,3.2,0,1,0,,0.0,0.0,4.0
3631,2025-02-17,Organic,Mobile,India,Free,First Feature Use,9.0,35.0,6.0,0.0,Helped our team productivity,,0,1,1,1.0,0.0,0.0,15.0
3632,2025-12-18,Paid,Mobile,USA,Premium,Upgrade,18.0,84.0,11.0,0.0,The mobile app is surprisingly good,4.8,1,0,1,0.0,1.0,0.0,4.0
3633,2025-04-19,Organic,Desktop,USA,Free,Landing,2.0,14.0,0.0,0.0,UI feels outdated,2.3,0,1,0,0.0,0.0,0.0,2.0
3634,2025-04-28,Referral,Desktop,UK,Free,First Feature Use,7.0,40.0,5.0,0.0,"Works as expected, nothing special",3.9,0,1,1,0.0,0.0,0.0,5.0
3635,2025-04-16,Organic,Mobile,USA,Basic,Upgrade,19.0,109.0,9.0,0.0,Support team solved my issue quickly,4.2,1,0,1,0.0,0.0,0.0,26.0
3636,2025-07-18,Referral,Mobile,USA,Free,First Feature Use,6.0,39.0,4.0,0.0,Need more time before upgrading,,0,1,1,0.0,0.0,0.0,6.0
3637,2026-03-04,Paid,Mobile,India,Free,Sign-up,4.0,23.0,0.0,0.0,Room for improvement in UI,3.5,0,1,0,0.0,0.0,0.0,3.0
3638,2025-02-12,Paid,Mobile,India,Premium,Upgrade,21.0,104.0,10.0,,Easy onboarding experience,4.2,1,0,1,0.0,0.0,0.0,8.0
3639,2026-02-24,Organic,Desktop,India,Free,Onboarding,7.0,30.0,1.0,2.0,Ok for basic use,3.8,0,1,1,1.0,0.0,0.0,3.0
3640,2025-01-21,Paid,Desktop,USA,Free,Onboarding,6.0,35.0,3.0,0.0,Not sure if I'll continue,3.4,0,1,1,,1.0,0.0,11.0
3641,2025-12-24,Paid,Mobile,USA,Free,Onboarding,7.0,33.0,3.0,0.0,Will evaluate again next month,2.6,0,1,1,0.0,0.0,0.0,9.0
3642,2025-12-03,Paid,Mobile,India,Free,Landing,2.0,5.0,0.0,0.0,Dashboard loads slowly,2.1,0,1,0,1.0,0.0,0.0,2.0
3643,2025-12-25,Paid,Mobile,USA,Premium,Upgrade,13.0,67.0,19.0,0.0,Very intuitive UI,4.9,1,0,1,0.0,0.0,0.0,13.0
3644,2026-03-27,Paid,Mobile,India,Free,Sign-up,,13.0,1.0,1.0,Data sync is unreliable,1.1,0,1,0,0.0,0.0,0.0,8.0
3645,2025-02-08,Referral,Mobile,India,Basic,Upgrade,20.0,76.0,17.0,0.0,Simple and effective design,4.3,1,0,1,0.0,0.0,0.0,12.0
3646,2025-02-06,Organic,Mobile,India,Free,Sign-up,2.0,20.0,1.0,0.0,Dashboard loads slowly,2.2,0,1,0,0.0,0.0,0.0,8.0
3647,2026-04-02,Referral,Mobile,USA,Free,First Feature Use,8.0,60.0,5.0,0.0,Learning curve is medium,3.5,0,1,1,0.0,0.0,0.0,7.0
3648,2025-12-08,Organic,Mobile,Germany,Free,Onboarding,7.0,25.0,2.0,0.0,Still evaluating whether premium is worth it,3.5,0,1,1,0.0,,0.0,11.0
3649,2025-01-20,Referral,Desktop,India,Free,First Feature Use,10.0,56.0,4.0,0.0,Integration with Slack was seamless,4.3,0,1,1,0.0,0.0,0.0,5.0
3650,2025-08-25,Referral,Mobile,UK,Free,Landing,2.0,9.0,0.0,,Support response time is slow,1.3,0,1,0,0.0,0.0,0.0,
3651,2025-01-12,Organic,Desktop,India,Free,Landing,2.0,5.0,0.0,0.0,Missing key features compared to competitors,2.1,0,1,0,0.0,0.0,0.0,3.0
3652,2025-03-13,Paid,Desktop,USA,Free,Sign-up,2.0,21.0,1.0,0.0,Data sync is unreliable,2.3,0,1,0,0.0,0.0,0.0,6.0
3653,2025-07-02,Paid,Desktop,USA,Free,Landing,2.0,14.0,0.0,0.0,Trial period too short,1.4,0,1,0,1.0,0.0,0.0,4.0
3654,2026-03-28,Organic,Mobile,Germany,Free,Sign-up,3.0,15.0,0.0,1.0,Average experience so far,2.9,0,1,0,0.0,0.0,0.0,8.0
3655,2025-06-09,Paid,Desktop,USA,Free,Sign-up,3.0,15.0,1.0,0.0,Needs a few more integrations,2.9,0,1,0,0.0,0.0,0.0,5.0
3656,2026-03-31,Organic,Mobile,USA,Free,Sign-up,3.0,21.0,1.0,0.0,Haven't used all features yet,3.8,0,1,0,0.0,0.0,,6.0
3657,2025-09-11,Referral,Tablet,USA,Free,First Feature Use,5.0,58.0,4.0,0.0,Haven't used all features yet,2.8,0,1,1,0.0,0.0,0.0,12.0
3658,2025-08-15,Referral,Desktop,USA,Free,First Feature Use,5.0,55.0,6.0,1.0,No strong opinion yet,3.8,0,1,1,0.0,0.0,0.0,9.0
3659,2026-01-05,Paid,Mobile,UK,Free,Onboarding,4.0,41.0,2.0,0.0,Works most of the time,3.6,0,1,1,0.0,0.0,0.0,5.0
3660,2026-03-12,Paid,Mobile,Canada,Free,Sign-up,4.0,11.0,0.0,0.0,Decent but not great,3.2,0,1,0,0.0,0.0,0.0,2.0
3661,2025-05-09,,Desktop,USA,Free,Onboarding,5.0,36.0,2.0,0.0,No strong opinion yet,3.8,0,1,1,3.0,0.0,0.0,6.0
3662,2025-06-26,Organic,Tablet,India,Free,Landing,2.0,8.0,0.0,0.0,No offline access,1.8,0,1,0,0.0,0.0,,2.0
3663,2025-04-17,Organic,Desktop,India,Basic,First Feature Use,10.0,64.0,3.0,1.0,Love the reporting features,4.2,0,0,1,,1.0,2.0,4.0
3664,2025-08-19,Paid,Desktop,UK,Basic,Onboarding,4.0,25.0,1.0,1.0,Haven't used all features yet,3.1,0,0,1,1.0,1.0,10.0,9.0
3665,2026-01-12,Referral,Desktop,USA,Free,First Feature Use,10.0,35.0,7.0,0.0,Support team solved my issue quickly,4.6,0,1,1,1.0,0.0,0.0,5.0
3666,2025-06-11,Paid,Desktop,UK,Free,Sign-up,2.0,13.0,0.0,0.0,Trial period too short,2.0,0,1,0,1.0,0.0,0.0,3.0
3667,2025-12-20,Paid,Mobile,Canada,Free,Sign-up,4.0,14.0,0.0,0.0,Will decide after trial ends,2.5,0,1,0,0.0,0.0,0.0,3.0
3668,2026-03-29,Paid,Mobile,USA,Free,Sign-up,2.0,17.0,1.0,0.0,Support response time is slow,2.0,0,1,0,1.0,0.0,0.0,6.0
3669,2026-02-20,Organic,Desktop,UK,Free,Landing,1.0,9.0,0.0,0.0,Pricing too high for small businesses,1.7,0,1,0,0.0,0.0,0.0,3.0
3670,2025-11-27,Paid,Mobile,Canada,Free,Sign-up,4.0,17.0,1.0,0.0,Ok for basic use,2.8,0,1,0,0.0,0.0,0.0,4.0
3671,2025-05-30,Organic,Desktop,India,Free,Landing,1.0,,0.0,0.0,App crashes during report export,1.4,0,1,0,0.0,0.0,0.0,4.0
3672,2026-03-21,Organic,Mobile,India,Basic,Onboarding,6.0,21.0,1.0,0.0,Works most of the time,3.0,0,0,1,1.0,0.0,12.0,6.0
3673,2025-02-07,Paid,Desktop,Canada,Free,First Feature Use,10.0,55.0,7.0,0.0,Mobile experience is smooth,4.1,0,1,1,1.0,0.0,0.0,19.0
3674,2025-07-26,Paid,Mobile,USA,Free,Sign-up,2.0,18.0,1.0,0.0,Mobile UI is cluttered,2.1,0,1,0,0.0,0.0,0.0,5.0
3675,2025-11-21,Paid,Mobile,India,Free,Landing,2.0,12.0,0.0,0.0,Customer support unhelpful,1.7,0,1,0,0.0,0.0,0.0,6.0
3676,2025-10-30,Paid,Mobile,USA,Free,Onboarding,3.0,32.0,2.0,0.0,Will decide after trial ends,3.6,0,1,1,0.0,0.0,0.0,10.0
3677,2025-02-10,Paid,Mobile,USA,Premium,Upgrade,16.0,114.0,15.0,0.0,Love how everything is customisable,4.1,1,0,1,2.0,0.0,0.0,26.0
3678,2025-04-24,Paid,Desktop,UK,Free,Sign-up,2.0,11.0,1.0,0.0,Dashboard loads slowly,1.1,0,1,0,2.0,0.0,0.0,2.0
3679,2026-04-29,Referral,Mobile,USA,Free,First Feature Use,8.0,36.0,3.0,2.0,Will decide after trial ends,,0,1,1,0.0,1.0,0.0,11.0
3680,2025-08-10,Organic,Desktop,USA,Free,Onboarding,4.0,35.0,3.0,1.0,Still evaluating whether premium is worth it,2.5,0,1,1,0.0,1.0,0.0,10.0
3681,2025-03-01,Referral,Mobile,USA,Free,Sign-up,2.0,24.0,0.0,0.0,Too many steps during setup process,2.3,0,1,0,1.0,0.0,0.0,7.0
3682,2025-01-03,Paid,Mobile,USA,Basic,Onboarding,3.0,29.0,1.0,,Good enough for my use case,3.3,0,0,1,2.0,0.0,6.0,3.0
3683,2025-07-10,Paid,Mobile,USA,Free,First Feature Use,11.0,43.0,6.0,2.0,Love how everything is customisable,4.4,0,1,1,0.0,1.0,0.0,10.0
3684,2026-03-18,Paid,Mobile,India,Free,Onboarding,4.0,24.0,2.0,,Similar to other tools,2.8,0,1,1,0.0,0.0,0.0,6.0
3685,2025-04-05,Organic,Mobile,USA,Free,Landing,2.0,11.0,0.0,0.0,Data sync is unreliable,1.6,0,1,0,0.0,0.0,0.0,1.0
3686,2025-08-02,Organic,Mobile,UK,Free,Landing,1.0,8.0,0.0,0.0,Missing basic integrations,1.6,0,1,0,0.0,0.0,0.0,5.0
3687,2025-03-11,Paid,Desktop,India,Premium,Upgrade,22.0,93.0,14.0,0.0,Data export works perfectly,4.3,1,0,1,0.0,0.0,0.0,4.0
3688,2025-06-03,Paid,Tablet,USA,Basic,Upgrade,10.0,114.0,12.0,0.0,Very intuitive UI,4.9,1,0,1,0.0,,0.0,5.0
3689,2026-01-08,Paid,Tablet,Germany,Free,Landing,2.0,13.0,0.0,0.0,Email notifications are spammy,2.3,0,1,0,0.0,0.0,0.0,2.0
3690,2025-06-26,Paid,Tablet,Germany,Free,Landing,1.0,,0.0,0.0,Trial period too short,1.2,0,1,0,0.0,0.0,0.0,3.0
3691,2025-01-08,Organic,Mobile,USA,Free,Landing,1.0,7.0,0.0,0.0,Feature X is broken for weeks,1.9,0,1,0,1.0,0.0,0.0,5.0
3692,2026-04-23,Organic,Mobile,Canada,Free,Landing,1.0,6.0,0.0,0.0,Pricing feels too expensive,1.7,0,1,0,0.0,0.0,0.0,4.0
3693,2025-10-20,Paid,Mobile,India,Free,Landing,1.0,12.0,0.0,0.0,Data sync is unreliable,1.8,0,1,0,0.0,0.0,0.0,5.0
3694,2026-01-14,Organic,Mobile,USA,Free,Onboarding,7.0,39.0,1.0,1.0,Room for improvement in UI,3.4,0,1,1,0.0,1.0,0.0,6.0
3695,2025-01-20,Paid,Desktop,India,Free,Onboarding,7.0,27.0,1.0,,Average experience so far,3.2,0,1,1,0.0,1.0,0.0,11.0
3696,2026-02-24,Organic,Desktop,India,Basic,Onboarding,7.0,41.0,1.0,1.0,Haven't used all features yet,3.5,0,0,1,0.0,1.0,6.0,6.0
3697,2025-02-11,Paid,Desktop,UK,Free,Sign-up,2.0,19.0,1.0,0.0,Too many bugs on mobile,2.1,0,1,0,1.0,0.0,0.0,4.0
3698,2025-02-01,Organic,Desktop,India,Free,Sign-up,4.0,16.0,1.0,0.0,Needs a few more integrations,3.8,0,1,0,0.0,0.0,0.0,9.0
3699,2026-04-14,Organic,Mobile,USA,Free,Landing,2.0,6.0,0.0,1.0,Too many bugs on mobile,1.5,0,1,0,0.0,0.0,0.0,1.0
3700,2026-01-28,Paid,Mobile,Canada,Basic,Onboarding,6.0,32.0,2.0,0.0,Good enough for my use case,2.7,0,0,1,,0.0,7.0,9.0
3701,2025-11-25,Paid,Mobile,Germany,Free,Landing,1.0,7.0,0.0,0.0,Pricing too high for small businesses,2.1,0,1,0,0.0,0.0,0.0,5.0
3702,2026-04-29,Organic,Tablet,India,Free,Onboarding,3.0,26.0,2.0,0.0,It's fine for now,3.5,0,1,1,0.0,0.0,0.0,6.0
3703,2025-09-23,Referral,Tablet,USA,Free,First Feature Use,9.0,62.0,7.0,1.0,Love the reporting features,5.0,0,1,1,1.0,0.0,0.0,2.0
3704,2025-04-21,Organic,Desktop,UK,Free,Sign-up,3.0,24.0,0.0,0.0,Basic features work fine so far,3.6,0,1,0,0.0,0.0,0.0,9.0
3705,2025-10-04,Organic,Mobile,India,Free,Landing,2.0,6.0,0.0,1.0,Customer support unhelpful,1.4,0,1,0,0.0,0.0,,5.0
3706,2025-11-10,Organic,Mobile,Germany,Free,Onboarding,,20.0,2.0,0.0,Average experience so far,4.0,0,1,1,0.0,0.0,0.0,13.0
3707,2025-08-10,Organic,Mobile,Germany,Free,Sign-up,3.0,18.0,1.0,0.0,Still evaluating whether premium is worth it,,0,1,0,0.0,0.0,0.0,8.0
3708,2025-02-13,Paid,Desktop,Germany,Free,Sign-up,3.0,17.0,0.0,0.0,Basic features work fine so far,3.4,0,1,0,1.0,1.0,0.0,7.0
3709,2026-01-09,Organic,Mobile,USA,Free,Onboarding,6.0,44.0,3.0,2.0,Standard SaaS experience,3.7,0,1,1,1.0,0.0,0.0,12.0
3710,2025-07-29,Paid,Mobile,Germany,Free,First Feature Use,8.0,59.0,6.0,0.0,Haven't used all features yet,3.1,0,1,1,0.0,0.0,0.0,12.0
3711,2025-05-24,Organic,Mobile,USA,Free,Sign-up,4.0,17.0,0.0,0.0,Not sure if I'll continue,3.7,0,1,0,0.0,1.0,0.0,7.0
3712,2025-06-06,Paid,Tablet,USA,Free,Landing,1.0,6.0,0.0,0.0,Cannot customize reports enough,2.3,0,1,0,0.0,0.0,0.0,4.0
3713,2025-02-09,Organic,Mobile,USA,Free,Onboarding,6.0,37.0,2.0,0.0,Haven't used all features yet,3.5,0,1,1,1.0,0.0,0.0,3.0
3714,2025-11-21,Organic,Desktop,Germany,Basic,Upgrade,14.0,147.0,16.0,0.0,The dashboard analytics are extremely useful,4.1,1,0,1,0.0,0.0,0.0,25.0
3715,2026-01-20,Organic,Mobile,Germany,Free,Sign-up,3.0,10.0,1.0,0.0,"Works as expected, nothing special",3.4,0,1,0,0.0,0.0,0.0,1.0
3716,2026-01-15,Paid,Mobile,USA,Free,Landing,1.0,6.0,0.0,0.0,Feature X is broken for weeks,2.0,0,1,0,1.0,0.0,0.0,5.0
3717,2025-08-03,Paid,Mobile,USA,Free,Onboarding,4.0,43.0,1.0,,Room for improvement in UI,3.2,0,1,1,0.0,0.0,0.0,11.0
3718,2025-06-22,Referral,Desktop,Canada,Free,First Feature Use,5.0,66.0,7.0,1.0,No strong opinion yet,3.5,0,1,1,0.0,0.0,0.0,16.0
3719,2026-03-01,Paid,Desktop,UK,Basic,First Feature Use,10.0,37.0,4.0,1.0,Customer support was excellent,4.4,0,0,1,1.0,2.0,3.0,13.0
3720,2025-08-29,Paid,Mobile,USA,Basic,Onboarding,5.0,36.0,1.0,0.0,"Works as expected, nothing special",3.1,0,0,1,1.0,0.0,10.0,8.0
3721,2026-01-16,Paid,Mobile,UK,Basic,Onboarding,4.0,31.0,1.0,0.0,Decent but not great,3.5,0,0,1,2.0,0.0,10.0,4.0
3722,2026-03-04,Organic,Desktop,India,Free,Sign-up,2.0,16.0,0.0,0.0,Mobile app crashes while exporting reports,1.7,0,1,0,0.0,0.0,0.0,5.0
3723,2026-02-04,Organic,Desktop,Canada,Free,Sign-up,,20.0,1.0,1.0,Nothing exceptional,2.8,0,1,0,0.0,0.0,0.0,7.0
3724,2025-05-05,Paid,Mobile,USA,Free,First Feature Use,5.0,53.0,5.0,,Will evaluate again next month,3.0,0,1,1,1.0,0.0,0.0,11.0
3725,2026-03-07,Paid,Mobile,USA,Free,Onboarding,4.0,25.0,3.0,1.0,Learning curve is medium,2.5,0,1,1,1.0,1.0,,2.0
3726,2025-02-25,Organic,Desktop,USA,Free,Landing,2.0,13.0,0.0,0.0,Steep learning curve,2.1,0,1,0,0.0,0.0,0.0,1.0
3727,2025-10-15,Paid,Desktop,USA,Free,Landing,1.0,9.0,0.0,0.0,Too many bugs on mobile,1.2,0,1,0,0.0,0.0,0.0,5.0
3728,2025-07-07,Paid,Tablet,UK,Premium,Upgrade,22.0,121.0,13.0,0.0,Helped our team productivity,4.1,1,0,1,0.0,1.0,0.0,7.0
3729,2025-03-20,Paid,Desktop,Germany,Premium,Upgrade,14.0,110.0,13.0,1.0,Best SaaS tool I've used,4.3,1,0,1,,0.0,0.0,20.0
3730,2025-02-09,Organic,Mobile,India,Free,First Feature Use,7.0,37.0,7.0,1.0,Will decide after trial ends,3.0,0,1,1,0.0,1.0,0.0,6.0
3731,2026-04-15,Paid,Desktop,Canada,Free,Onboarding,3.0,30.0,2.0,0.0,Learning curve is medium,3.8,0,1,1,0.0,0.0,0.0,4.0
3732,2025-12-23,Organic,Mobile,Germany,Free,First Feature Use,5.0,54.0,,0.0,Will evaluate again next month,3.2,0,1,1,0.0,0.0,0.0,1.0
3733,2025-08-05,Organic,Desktop,USA,Free,Landing,2.0,8.0,0.0,0.0,Pricing too high for small businesses,,0,1,0,1.0,0.0,0.0,6.0
3734,2025-02-01,Paid,Desktop,USA,Free,Sign-up,4.0,10.0,1.0,0.0,Haven't used all features yet,3.4,0,1,0,0.0,0.0,0.0,2.0
3735,2025-02-08,Organic,Mobile,UK,Free,Landing,2.0,14.0,0.0,0.0,Data sync is unreliable,,0,1,0,0.0,0.0,0.0,2.0
3736,2026-01-30,Organic,Desktop,USA,Basic,Upgrade,21.0,87.0,15.0,0.0,Customer support was excellent,4.7,1,0,1,0.0,0.0,0.0,26.0
3737,2026-03-10,Organic,Desktop,UK,Premium,Upgrade,13.0,125.0,17.0,0.0,Easy onboarding experience,4.3,1,0,1,0.0,0.0,0.0,26.0
3738,2025-03-09,Organic,Desktop,USA,Free,Landing,1.0,5.0,0.0,0.0,Missing basic integrations,1.5,0,1,0,0.0,0.0,0.0,4.0
3739,2025-08-27,Organic,Mobile,UK,Free,First Feature Use,11.0,41.0,4.0,0.0,Highly recommend to other teams,4.7,0,1,1,1.0,0.0,0.0,8.0
3740,2025-02-22,Organic,Mobile,UK,Premium,Upgrade,18.0,60.0,19.0,0.0,Worth every penny,4.8,1,0,1,0.0,0.0,0.0,3.0
3741,2025-04-16,Paid,Desktop,USA,Free,First Feature Use,6.0,40.0,4.0,1.0,No strong opinion yet,2.9,0,1,1,0.0,0.0,0.0,7.0
3742,2025-09-08,Paid,Tablet,UK,Free,Landing,2.0,11.0,0.0,0.0,Missing basic integrations,1.4,0,1,0,2.0,0.0,0.0,5.0
3743,2025-06-11,Referral,Mobile,USA,Free,Sign-up,3.0,19.0,0.0,0.0,Still evaluating whether premium is worth it,3.2,0,1,0,0.0,0.0,0.0,3.0
3744,2025-05-19,Organic,Mobile,USA,Free,First Feature Use,8.0,69.0,5.0,0.0,Nothing exceptional,3.1,0,1,1,1.0,0.0,0.0,9.0
3745,2025-06-09,Organic,Mobile,India,Basic,Upgrade,20.0,88.0,13.0,0.0,Support team solved my issue quickly,4.2,1,0,1,1.0,0.0,0.0,6.0
3746,2025-11-11,Paid,Mobile,USA,Free,Sign-up,2.0,14.0,1.0,0.0,Pricing too high for small businesses,2.0,0,1,0,2.0,1.0,0.0,6.0
3747,2026-01-17,Organic,Desktop,Germany,Free,Landing,2.0,8.0,0.0,0.0,Pricing too high for small businesses,2.2,0,1,0,0.0,0.0,0.0,4.0
3748,2025-04-22,Referral,Desktop,USA,Free,Sign-up,3.0,17.0,1.0,0.0,Not blown away but not disappointed,3.5,0,1,0,0.0,0.0,,3.0
3749,2026-03-09,Paid,Tablet,UK,Basic,Onboarding,6.0,44.0,1.0,0.0,No strong opinion yet,3.6,0,0,1,1.0,0.0,9.0,12.0
3750,2025-01-17,Organic,Desktop,UK,Free,First Feature Use,11.0,32.0,,0.0,The API documentation is clear,4.5,0,1,1,1.0,1.0,0.0,11.0
3751,2025-02-11,Paid,Mobile,USA,Free,First Feature Use,5.0,41.0,4.0,1.0,Learning curve is medium,3.8,0,1,1,0.0,0.0,0.0,16.0
3752,2025-04-14,Organic,Desktop,USA,Free,Sign-up,4.0,10.0,0.0,0.0,Not sure if I'll continue,3.7,0,1,0,2.0,1.0,0.0,7.0
3753,2025-10-13,Referral,Desktop,India,Premium,Upgrade,14.0,121.0,18.0,0.0,Integration with Slack was seamless,4.7,1,0,1,1.0,0.0,0.0,11.0
3754,2026-03-03,Referral,Tablet,USA,Basic,Upgrade,12.0,65.0,14.0,0.0,The dashboard analytics are extremely useful,5.0,1,0,1,1.0,0.0,0.0,12.0
3755,2025-09-08,Paid,Mobile,USA,Free,Landing,1.0,6.0,0.0,0.0,Frequent downtime,1.9,0,1,0,0.0,0.0,0.0,2.0
3756,2025-05-03,Organic,Mobile,UK,Free,Sign-up,3.0,14.0,0.0,0.0,Similar to other tools,3.6,0,1,0,1.0,2.0,0.0,4.0
3757,2026-02-16,Organic,Mobile,USA,Free,Sign-up,2.0,23.0,0.0,0.0,UI feels outdated,1.3,0,1,0,0.0,0.0,0.0,2.0
3758,2025-04-12,Organic,Desktop,India,Free,Landing,2.0,14.0,0.0,0.0,Support response time is slow,1.2,0,1,0,0.0,0.0,0.0,2.0
3759,2025-01-31,Organic,Mobile,India,Free,Onboarding,7.0,28.0,1.0,0.0,Good enough for my use case,2.6,0,1,1,0.0,1.0,0.0,5.0
3760,2025-12-03,Paid,Desktop,USA,Free,First Feature Use,7.0,41.0,5.0,1.0,Not sure if I'll continue,3.1,0,1,1,0.0,0.0,0.0,10.0
3761,2025-08-12,Referral,Desktop,USA,Free,First Feature Use,8.0,65.0,4.0,3.0,Not sure if I'll continue,3.1,0,1,1,0.0,0.0,0.0,15.0
3762,2025-03-24,Organic,Mobile,USA,Premium,Upgrade,13.0,141.0,19.0,0.0,Feature updates are frequent and useful,4.1,1,0,1,2.0,0.0,0.0,18.0
3763,2026-03-20,Paid,Desktop,UK,Free,Sign-up,3.0,17.0,0.0,0.0,Learning curve is medium,3.5,0,1,0,0.0,0.0,0.0,
3764,2025-04-07,Paid,Tablet,USA,Free,First Feature Use,8.0,68.0,4.0,2.0,Nothing exceptional,3.9,0,1,1,1.0,0.0,0.0,14.0
3765,2025-12-25,Referral,Desktop,USA,Basic,First Feature Use,7.0,,3.0,1.0,Haven't used all features yet,2.8,0,1,1,0.0,2.0,0.0,11.0
3766,2025-09-04,Organic,Mobile,USA,Basic,Upgrade,13.0,119.0,11.0,0.0,Easy onboarding experience,4.2,1,0,1,0.0,0.0,0.0,20.0
3767,2025-08-20,Organic,Mobile,USA,Free,First Feature Use,11.0,54.0,4.0,1.0,Mobile experience is smooth,4.2,0,1,1,0.0,0.0,0.0,16.0
3768,2025-02-07,Paid,Mobile,UK,Free,Sign-up,4.0,24.0,1.0,0.0,Works most of the time,3.7,0,1,0,2.0,0.0,0.0,1.0
3769,2025-08-25,Referral,Mobile,USA,Free,Sign-up,2.0,18.0,0.0,0.0,Billing system is confusing,2.4,0,1,0,0.0,0.0,0.0,3.0
3770,2025-11-19,Referral,Desktop,USA,Free,Onboarding,6.0,40.0,2.0,0.0,Will decide after trial ends,3.1,0,1,1,0.0,0.0,0.0,12.0
3771,2025-11-28,Paid,Tablet,USA,Free,Sign-up,4.0,12.0,1.0,0.0,Standard SaaS experience,3.7,0,1,0,0.0,1.0,,1.0
3772,2025-10-07,Organic,Desktop,USA,Free,Landing,1.0,7.0,0.0,0.0,Cannot customize reports enough,2.5,0,1,0,1.0,0.0,0.0,1.0
3773,2025-12-31,Paid,Mobile,USA,Free,First Feature Use,9.0,34.0,3.0,0.0,Support team solved my issue quickly,4.9,0,1,1,0.0,0.0,0.0,11.0
3774,2025-03-26,Organic,Mobile,USA,Free,Landing,1.0,7.0,0.0,0.0,Data sync is unreliable,1.4,0,1,0,0.0,0.0,0.0,1.0
3775,2025-08-15,Paid,Tablet,USA,Basic,Onboarding,4.0,23.0,1.0,0.0,It's fine for now,2.6,0,0,1,1.0,0.0,6.0,12.0
3776,2026-03-18,Paid,Desktop,India,Free,First Feature Use,9.0,50.0,6.0,1.0,Reporting module saves a lot of time,4.5,0,1,1,0.0,1.0,0.0,6.0
3777,2025-09-03,Paid,Mobile,USA,Premium,Upgrade,12.0,89.0,7.0,1.0,Real-time sync is fast,4.6,1,0,1,0.0,,0.0,5.0
3778,2025-05-08,Referral,Mobile,India,Free,First Feature Use,,39.0,7.0,0.0,Decent but not great,3.1,0,1,1,0.0,0.0,0.0,16.0
3779,2025-06-13,Paid,Desktop,USA,Free,First Feature Use,11.0,51.0,4.0,1.0,Real-time sync is fast,4.3,0,1,1,1.0,0.0,0.0,
3780,2025-06-19,Organic,Mobile,India,Free,Onboarding,4.0,20.0,2.0,,Still evaluating whether premium is worth it,2.7,0,1,1,1.0,1.0,0.0,5.0
3781,2025-11-11,Organic,Mobile,USA,Premium,Upgrade,17.0,119.0,14.0,0.0,Real-time sync is fast,4.1,1,0,1,0.0,0.0,0.0,2.0
3782,2025-11-11,Referral,Mobile,Germany,Free,Sign-up,3.0,11.0,1.0,0.0,Similar to other tools,3.9,0,1,0,0.0,0.0,0.0,6.0
3783,2025-06-24,Organic,Mobile,India,Free,Landing,1.0,13.0,0.0,0.0,No dark mode,1.7,0,1,0,0.0,0.0,0.0,2.0
3784,2026-03-29,Organic,Mobile,USA,Free,Sign-up,4.0,23.0,1.0,1.0,Haven't used all features yet,3.8,0,1,0,0.0,0.0,0.0,9.0
3785,2026-01-17,,Mobile,USA,Free,Landing,2.0,,0.0,0.0,Trial period too short,2.0,0,1,0,0.0,0.0,0.0,5.0
3786,2025-11-30,Paid,Mobile,UK,Free,Sign-up,3.0,10.0,1.0,0.0,Similar to other tools,4.0,0,1,0,0.0,0.0,0.0,7.0
3787,2025-10-31,Organic,Desktop,Germany,Free,Sign-up,2.0,18.0,1.0,0.0,UI feels outdated,1.5,0,1,0,1.0,0.0,0.0,3.0
3788,2025-08-21,Referral,Desktop,USA,Free,Onboarding,5.0,34.0,3.0,0.0,Room for improvement in UI,2.8,0,1,1,,1.0,0.0,8.0
3789,2025-08-26,Referral,Mobile,USA,Free,Sign-up,3.0,19.0,1.0,1.0,Will evaluate again next month,2.9,0,1,0,0.0,0.0,0.0,1.0
3790,2026-03-03,Referral,Tablet,USA,Premium,Upgrade,12.0,133.0,7.0,0.0,Love how everything is customisable,4.3,1,0,1,1.0,0.0,0.0,7.0
3791,2025-04-09,Organic,Mobile,USA,Free,Landing,1.0,13.0,0.0,0.0,App crashes during report export,1.9,0,1,0,0.0,0.0,0.0,1.0
3792,2025-11-21,Referral,Mobile,USA,Free,Sign-up,3.0,13.0,1.0,0.0,Will evaluate again next month,2.6,0,1,0,0.0,0.0,0.0,5.0
3793,2025-04-08,Referral,Mobile,USA,Free,Onboarding,6.0,37.0,2.0,0.0,It's fine for now,2.9,0,1,1,0.0,0.0,0.0,5.0
3794,2025-07-06,Referral,Desktop,USA,Free,Onboarding,7.0,37.0,3.0,0.0,Standard SaaS experience,3.5,0,1,1,1.0,0.0,0.0,5.0
3795,2025-11-22,Paid,Mobile,USA,Free,First Feature Use,6.0,59.0,7.0,0.0,Basic features work fine so far,2.7,0,1,1,0.0,0.0,0.0,19.0
3796,2026-01-01,Paid,Mobile,India,Free,Sign-up,3.0,21.0,1.0,0.0,Average experience so far,3.5,0,1,0,1.0,0.0,0.0,8.0
3797,2025-01-04,Organic,Desktop,India,Free,First Feature Use,5.0,57.0,6.0,1.0,Works most of the time,3.3,0,1,1,0.0,1.0,0.0,3.0
3798,2025-11-12,Referral,Mobile,USA,Basic,Upgrade,17.0,73.0,18.0,0.0,Love the reporting features,4.7,1,0,1,1.0,1.0,0.0,15.0
3799,2025-03-17,Organic,Desktop,Germany,Free,Onboarding,3.0,31.0,2.0,0.0,Average experience so far,2.9,0,1,1,0.0,0.0,0.0,4.0
3800,2026-03-04,Organic,Desktop,USA,Free,First Feature Use,9.0,32.0,5.0,0.0,Mobile experience is smooth,4.6,0,1,1,0.0,0.0,0.0,7.0
3801,2025-04-17,Referral,Tablet,USA,Basic,Upgrade,16.0,62.0,10.0,1.0,Great value for money,4.4,1,0,1,0.0,0.0,0.0,26.0
3802,2025-12-25,Organic,Mobile,India,Free,First Feature Use,6.0,38.0,5.0,0.0,Average experience so far,3.0,0,1,1,1.0,0.0,0.0,10.0
3803,2025-06-25,Organic,Mobile,India,Free,Sign-up,2.0,19.0,0.0,0.0,Missing basic integrations,1.4,0,1,0,1.0,0.0,0.0,2.0
3804,2025-04-18,Referral,Tablet,Germany,Basic,First Feature Use,5.0,31.0,6.0,0.0,Learning curve is medium,3.1,0,1,1,2.0,0.0,0.0,11.0
3805,2026-01-14,Referral,Desktop,USA,Free,First Feature Use,9.0,65.0,4.0,,Easy onboarding experience,4.8,0,1,1,0.0,0.0,0.0,6.0
3806,2025-03-31,Organic,Desktop,USA,Free,Sign-up,2.0,12.0,1.0,0.0,App crashes during report export,2.2,0,1,0,1.0,0.0,0.0,5.0
3807,2026-04-01,Referral,Mobile,UK,Free,Onboarding,5.0,42.0,2.0,0.0,Nothing exceptional,3.0,0,1,1,0.0,1.0,0.0,2.0
3808,2026-04-19,Organic,Mobile,USA,Free,Landing,2.0,14.0,0.0,,No dark mode,2.1,0,1,0,0.0,0.0,,5.0
3809,2025-03-15,Organic,Mobile,USA,Premium,Upgrade,15.0,135.0,17.0,0.0,Simple and effective design,4.5,1,0,1,2.0,1.0,0.0,22.0
3810,2025-11-03,Organic,Mobile,UK,Free,Sign-up,2.0,12.0,1.0,0.0,Steep learning curve,,0,1,0,0.0,0.0,0.0,4.0
3811,2025-03-24,Organic,Mobile,USA,Free,First Feature Use,5.0,65.0,7.0,0.0,Still exploring features,4.0,0,1,1,0.0,0.0,0.0,12.0
3812,2026-04-21,Organic,Mobile,USA,Premium,Upgrade,14.0,117.0,9.0,0.0,Data export works perfectly,4.7,1,0,1,0.0,0.0,0.0,29.0
3813,2025-10-03,Organic,Desktop,USA,Free,Landing,2.0,5.0,0.0,,Frequent downtime,2.2,0,1,0,1.0,0.0,0.0,2.0
3814,2025-04-29,Referral,Mobile,USA,Basic,First Feature Use,11.0,68.0,,2.0,Helped our team productivity,4.8,0,0,1,1.0,,4.0,14.0
3815,2025-04-01,Paid,Mobile,USA,Free,Landing,2.0,13.0,0.0,1.0,Missing key features compared to competitors,1.3,0,1,0,0.0,0.0,0.0,4.0
3816,2025-06-23,Referral,Mobile,USA,Premium,Upgrade,23.0,111.0,14.0,0.0,Very intuitive UI,4.9,1,0,1,1.0,0.0,0.0,18.0
3817,2025-01-06,Paid,Mobile,USA,Premium,Upgrade,19.0,71.0,15.0,0.0,The API documentation is clear,4.1,1,0,1,0.0,0.0,0.0,20.0
3818,2026-02-21,Organic,Mobile,Germany,Premium,Upgrade,16.0,120.0,10.0,1.0,The API documentation is clear,4.8,1,0,1,0.0,0.0,0.0,29.0
3819,2026-01-12,Referral,Mobile,USA,Free,First Feature Use,8.0,39.0,3.0,1.0,Similar to other tools,3.1,0,1,1,1.0,,0.0,5.0
3820,2025-10-16,Referral,Mobile,Germany,Free,Onboarding,7.0,21.0,2.0,0.0,Good enough for my use case,3.3,0,1,1,0.0,0.0,0.0,8.0
3821,2025-09-16,Organic,Desktop,USA,Free,First Feature Use,8.0,54.0,6.0,0.0,Good enough for my use case,2.5,0,1,1,1.0,1.0,0.0,10.0
3822,2025-06-02,Organic,Mobile,USA,Free,Landing,1.0,14.0,0.0,0.0,Pricing too high for small businesses,1.7,0,1,0,0.0,,0.0,6.0
3823,2026-02-18,Paid,Desktop,USA,Basic,Upgrade,15.0,143.0,16.0,0.0,Reporting module saves a lot of time,4.3,1,0,1,0.0,1.0,0.0,11.0
3824,2025-05-22,Paid,Desktop,USA,Free,Onboarding,6.0,33.0,1.0,0.0,"Works as expected, nothing special",3.7,0,1,1,0.0,1.0,0.0,13.0
3825,2025-09-28,Referral,Desktop,UK,Premium,Upgrade,10.0,136.0,8.0,0.0,Feature updates are frequent and useful,4.6,1,0,1,0.0,0.0,0.0,27.0
3826,2025-08-19,Organic,Mobile,USA,Premium,Upgrade,14.0,143.0,,0.0,The dashboard analytics are extremely useful,4.8,1,0,1,0.0,1.0,0.0,17.0
3827,2025-11-11,Organic,Mobile,UK,Free,Sign-up,4.0,12.0,1.0,0.0,Not blown away but not disappointed,3.0,0,1,0,1.0,0.0,0.0,8.0
3828,2026-03-23,Paid,Desktop,USA,Free,Landing,2.0,5.0,0.0,0.0,Dashboard loads slowly,1.9,0,1,0,1.0,0.0,0.0,6.0
3829,2025-08-06,Paid,Tablet,India,Free,Onboarding,6.0,38.0,3.0,1.0,Nothing exceptional,3.7,0,1,1,0.0,0.0,0.0,13.0
3830,2025-11-12,Organic,Tablet,UK,Free,Landing,2.0,13.0,0.0,0.0,Pricing feels too expensive,1.5,0,1,0,0.0,0.0,0.0,5.0
3831,2025-07-17,Organic,Mobile,USA,Basic,Onboarding,6.0,35.0,3.0,0.0,Will decide after trial ends,3.0,0,0,1,1.0,0.0,7.0,6.0
3832,2025-03-24,Paid,Desktop,India,Premium,Upgrade,22.0,129.0,10.0,0.0,Data export works perfectly,4.9,1,0,1,0.0,0.0,0.0,11.0
3833,2025-06-17,Paid,Desktop,India,Premium,Upgrade,24.0,133.0,9.0,0.0,Reporting module saves a lot of time,4.3,1,0,1,1.0,1.0,0.0,15.0
3834,2025-01-15,Organic,Desktop,Canada,Free,Sign-up,4.0,18.0,1.0,0.0,Needs a few more integrations,3.0,0,1,0,1.0,0.0,0.0,8.0
3835,2025-10-28,Paid,Mobile,USA,Basic,Upgrade,18.0,80.0,19.0,,Mobile experience is smooth,4.7,1,0,1,0.0,0.0,0.0,6.0
3836,2025-04-18,Referral,Mobile,India,Free,Landing,2.0,11.0,0.0,0.0,Billing system is confusing,1.9,0,1,0,0.0,0.0,0.0,4.0
3837,2025-07-07,Referral,Mobile,Germany,Premium,Upgrade,11.0,93.0,8.0,0.0,Great value for money,4.3,1,0,1,0.0,1.0,0.0,22.0
3838,2025-10-31,Organic,Mobile,UK,Basic,Upgrade,18.0,121.0,7.0,0.0,Mobile experience is smooth,4.5,1,0,1,0.0,0.0,0.0,17.0
3839,2025-04-23,Organic,Desktop,UK,Free,Landing,1.0,5.0,0.0,0.0,Frequent downtime,1.8,0,1,0,0.0,0.0,0.0,1.0
3840,2025-12-05,Referral,Tablet,Canada,Free,Sign-up,3.0,15.0,0.0,0.0,Similar to other tools,2.5,0,1,0,1.0,0.0,0.0,7.0
3841,2025-01-02,Organic,Desktop,Canada,Free,Landing,2.0,12.0,0.0,0.0,Frequent downtime,1.9,0,1,0,0.0,0.0,0.0,4.0
3842,2025-04-12,Paid,Mobile,UK,Free,Onboarding,3.0,23.0,1.0,1.0,Not blown away but not disappointed,3.2,0,1,1,1.0,0.0,0.0,3.0
3843,2026-04-16,Paid,Desktop,USA,Free,Sign-up,4.0,10.0,1.0,2.0,Need more time before upgrading,3.6,0,1,0,1.0,0.0,0.0,7.0
3844,2026-04-21,Organic,Mobile,India,Basic,Onboarding,3.0,42.0,2.0,0.0,Not blown away but not disappointed,3.4,0,0,1,0.0,0.0,6.0,3.0
3845,2025-01-14,Paid,Desktop,USA,Free,Landing,2.0,7.0,0.0,0.0,No offline access,1.9,0,1,0,1.0,0.0,0.0,5.0
3846,2025-02-06,Paid,Desktop,USA,Premium,Upgrade,12.0,98.0,12.0,0.0,Saves me hours every week,4.5,1,0,1,0.0,0.0,0.0,20.0
3847,2026-04-23,Paid,Mobile,Canada,Free,Landing,2.0,14.0,0.0,0.0,Frequent downtime,1.5,0,1,0,0.0,0.0,0.0,4.0
3848,2025-09-16,Organic,Mobile,India,Free,Sign-up,4.0,22.0,0.0,0.0,Standard SaaS experience,3.3,0,1,0,0.0,0.0,0.0,9.0
3849,2025-06-01,Referral,Mobile,Germany,Premium,Upgrade,20.0,108.0,14.0,1.0,Helped our team productivity,4.2,1,0,1,0.0,0.0,0.0,24.0
3850,2025-05-15,Organic,Mobile,UK,Basic,Upgrade,19.0,87.0,11.0,0.0,Great value for money,4.0,1,0,1,0.0,0.0,0.0,19.0
3851,2025-06-16,Paid,Desktop,USA,Free,Landing,2.0,9.0,0.0,,Missing basic integrations,1.1,0,1,0,0.0,0.0,0.0,1.0
3852,2025-05-08,Referral,Mobile,Canada,Free,Onboarding,7.0,30.0,,0.0,Average experience so far,2.6,0,1,1,0.0,1.0,0.0,13.0
3853,2025-05-22,Organic,Mobile,USA,Free,Sign-up,2.0,21.0,1.0,0.0,Billing system is confusing,1.2,0,1,0,1.0,0.0,0.0,9.0
3854,2025-08-20,Paid,Mobile,India,Free,Sign-up,4.0,14.0,0.0,1.0,Not sure if I'll continue,2.6,0,1,0,0.0,0.0,0.0,3.0
3855,2025-10-28,Referral,Desktop,UK,Free,Landing,2.0,10.0,0.0,0.0,Mobile app crashes while exporting reports,1.7,0,1,0,0.0,0.0,0.0,2.0
3856,2026-02-24,Organic,Mobile,USA,Free,First Feature Use,5.0,49.0,5.0,0.0,Still evaluating whether premium is worth it,3.1,0,1,1,1.0,1.0,0.0,16.0
3857,2026-02-26,Organic,Mobile,USA,Free,Landing,2.0,7.0,0.0,0.0,The onboarding tutorial was confusing,1.7,0,1,0,0.0,0.0,0.0,6.0
3858,2025-11-18,Referral,Desktop,USA,Free,Onboarding,4.0,38.0,2.0,0.0,It's fine for now,3.2,0,1,1,1.0,0.0,0.0,10.0
3859,2025-01-26,Organic,Mobile,UK,Premium,Upgrade,22.0,111.0,13.0,0.0,The API documentation is clear,4.8,1,0,1,0.0,1.0,0.0,19.0
3860,2025-08-12,Organic,Mobile,USA,Free,Sign-up,3.0,12.0,1.0,0.0,No strong opinion yet,3.9,0,1,0,0.0,0.0,0.0,5.0
3861,2025-05-16,Referral,Desktop,USA,Basic,Onboarding,7.0,28.0,,0.0,Decent but not great,2.8,0,0,1,0.0,0.0,10.0,3.0
3862,2025-08-06,Referral,Mobile,UK,Premium,Upgrade,12.0,136.0,,0.0,Best SaaS tool I've used,4.2,1,0,1,0.0,0.0,0.0,6.0
3863,2025-09-09,Referral,Desktop,India,Free,First Feature Use,10.0,31.0,6.0,0.0,Customer support was excellent,4.3,0,1,1,0.0,0.0,0.0,16.0
3864,2025-03-17,Organic,Desktop,USA,Free,Sign-up,4.0,13.0,1.0,0.0,Basic features work fine so far,3.1,0,1,0,0.0,0.0,0.0,2.0
3865,2026-04-14,Organic,Mobile,India,Basic,First Feature Use,7.0,56.0,5.0,1.0,Good enough for my use case,3.7,0,0,1,2.0,0.0,7.0,18.0
3866,2025-08-17,Organic,Mobile,USA,Free,Sign-up,3.0,21.0,0.0,0.0,Room for improvement in UI,2.9,0,1,0,0.0,0.0,0.0,3.0
3867,2025-09-18,Paid,Desktop,USA,Free,Sign-up,2.0,13.0,0.0,0.0,Pricing too high for small businesses,1.6,0,1,0,0.0,0.0,0.0,8.0
3868,2025-01-26,Paid,Desktop,USA,Free,First Feature Use,6.0,34.0,3.0,0.0,Standard SaaS experience,3.3,0,1,1,2.0,0.0,0.0,7.0
3869,2025-01-05,Organic,Mobile,India,Free,Landing,1.0,8.0,0.0,0.0,Too many bugs on mobile,1.4,0,1,0,0.0,0.0,0.0,2.0
3870,2025-07-07,Organic,Mobile,USA,Free,Sign-up,2.0,20.0,0.0,1.0,No dark mode,1.7,0,1,0,1.0,0.0,0.0,1.0
3871,2025-09-30,Paid,Mobile,USA,Free,Onboarding,6.0,20.0,3.0,0.0,Will evaluate again next month,2.8,0,1,1,0.0,0.0,0.0,10.0
3872,2025-11-06,Paid,Desktop,USA,Free,Sign-up,2.0,14.0,1.0,0.0,Steep learning curve,2.3,0,1,0,0.0,0.0,0.0,3.0
3873,2025-09-22,Organic,Tablet,Germany,Free,Sign-up,2.0,16.0,1.0,0.0,No dark mode,1.3,0,1,0,0.0,0.0,0.0,5.0
3874,2026-01-01,Referral,Desktop,Germany,Free,First Feature Use,8.0,41.0,6.0,1.0,Haven't used all features yet,3.9,0,1,1,0.0,0.0,0.0,18.0
3875,2025-08-01,Organic,Mobile,USA,Free,Landing,1.0,7.0,0.0,0.0,Dashboard loads slowly,2.4,0,1,0,1.0,0.0,0.0,3.0
3876,2025-06-19,Paid,Mobile,USA,Free,First Feature Use,8.0,35.0,4.0,0.0,Still exploring features,3.1,0,1,1,1.0,0.0,0.0,7.0
3877,2025-10-29,Referral,Desktop,Germany,Free,Landing,1.0,,0.0,1.0,Missing key features compared to competitors,2.1,0,1,0,0.0,0.0,0.0,3.0
3878,2026-03-01,Paid,Tablet,USA,Free,Sign-up,3.0,12.0,0.0,0.0,Works most of the time,3.4,0,1,0,0.0,0.0,0.0,6.0
3879,2025-12-25,Organic,Mobile,USA,Free,Sign-up,,15.0,1.0,0.0,Learning curve is medium,2.8,0,1,0,0.0,0.0,0.0,3.0
3880,2026-04-04,Organic,Mobile,USA,Free,Onboarding,7.0,34.0,2.0,0.0,No strong opinion yet,3.8,0,1,1,0.0,0.0,0.0,11.0
3881,2026-04-22,Referral,Mobile,Canada,Free,First Feature Use,5.0,57.0,4.0,0.0,Ok for basic use,3.7,0,1,1,2.0,1.0,0.0,11.0
3882,2025-01-11,Organic,Mobile,India,Free,Landing,1.0,10.0,0.0,0.0,No dark mode,2.1,0,1,0,0.0,0.0,,4.0
3883,2025-11-28,Paid,Desktop,USA,Free,Sign-up,4.0,15.0,0.0,1.0,Works most of the time,4.0,0,1,0,1.0,0.0,0.0,7.0
3884,2025-06-09,Referral,Tablet,USA,Free,Sign-up,3.0,16.0,1.0,0.0,Similar to other tools,3.9,0,1,0,0.0,0.0,0.0,3.0
3885,2026-01-10,Referral,Mobile,Canada,Free,Landing,1.0,11.0,0.0,0.0,The onboarding tutorial was confusing,1.1,0,1,0,0.0,0.0,0.0,
3886,2025-12-10,Paid,Mobile,USA,Basic,First Feature Use,5.0,32.0,6.0,1.0,Could be better but not terrible,3.3,0,0,1,1.0,0.0,6.0,19.0
3887,2026-04-18,Referral,Mobile,UK,Free,Sign-up,2.0,20.0,0.0,0.0,Data sync is unreliable,2.3,0,1,0,0.0,0.0,0.0,4.0
3888,2025-06-06,Referral,Tablet,USA,Free,Onboarding,7.0,34.0,3.0,0.0,Meets minimum requirements,3.0,0,1,1,3.0,0.0,0.0,13.0
3889,2025-01-10,Organic,Mobile,India,Free,Onboarding,4.0,22.0,3.0,1.0,Need more time before upgrading,3.8,0,1,1,2.0,0.0,0.0,11.0
3890,2025-02-11,Organic,Mobile,USA,Premium,Upgrade,12.0,110.0,7.0,1.0,Best SaaS tool I've used,4.8,1,0,1,1.0,0.0,0.0,10.0
3891,2025-03-22,Organic,Mobile,India,Basic,Onboarding,6.0,42.0,2.0,0.0,Still exploring features,3.7,0,0,1,1.0,0.0,13.0,3.0
3892,2025-10-07,Organic,Mobile,USA,Premium,Upgrade,17.0,76.0,10.0,0.0,Analytics dashboard is insightful,4.6,1,0,1,2.0,0.0,0.0,28.0
3893,2026-03-03,Referral,Desktop,USA,Free,Sign-up,3.0,19.0,1.0,2.0,Could be better but not terrible,3.0,0,1,0,0.0,0.0,0.0,2.0
3894,2025-11-25,Paid,Mobile,USA,Free,First Feature Use,11.0,,6.0,0.0,Highly recommend to other teams,4.3,0,1,1,0.0,1.0,,15.0
3895,2026-02-19,Referral,Mobile,India,Free,First Feature Use,11.0,64.0,7.0,1.0,Automated reports are a lifesaver,4.2,0,1,1,0.0,0.0,0.0,17.0
3896,2025-12-25,Paid,Desktop,USA,Free,Sign-up,3.0,18.0,0.0,0.0,Still evaluating whether premium is worth it,3.8,0,1,0,0.0,0.0,0.0,1.0
3897,2025-11-06,Paid,Mobile,USA,Basic,First Feature Use,9.0,37.0,7.0,3.0,Customer support was excellent,4.2,0,1,1,1.0,0.0,1.0,
3898,2025-07-28,Paid,Mobile,UK,Free,Onboarding,,26.0,,0.0,Still exploring features,3.1,0,1,1,0.0,0.0,0.0,1.0
3899,2025-03-19,Organic,Tablet,India,Free,Landing,2.0,10.0,0.0,0.0,Billing system is confusing,2.1,0,1,0,1.0,0.0,0.0,4.0
3900,2025-05-11,Referral,Desktop,India,Free,Sign-up,3.0,19.0,1.0,2.0,Nothing exceptional,3.9,0,1,0,2.0,0.0,0.0,1.0
3901,2025-03-31,Organic,Desktop,USA,Free,Onboarding,7.0,38.0,,0.0,Decent but not great,3.9,0,1,1,0.0,1.0,,1.0
3902,2025-09-19,Paid,Desktop,USA,Free,Onboarding,7.0,41.0,1.0,0.0,No strong opinion yet,3.9,0,1,1,0.0,0.0,0.0,12.0
3903,2025-06-08,Organic,Tablet,UK,Free,Onboarding,6.0,37.0,1.0,1.0,Still evaluating whether premium is worth it,3.2,0,1,1,0.0,0.0,0.0,6.0
3904,2026-01-29,Referral,Mobile,USA,Free,Onboarding,4.0,21.0,1.0,1.0,Still exploring features,4.0,0,1,1,3.0,1.0,0.0,9.0
3905,2025-09-07,Referral,Mobile,Germany,Free,Sign-up,3.0,21.0,0.0,0.0,"Works as expected, nothing special",2.8,0,1,0,0.0,0.0,0.0,
3906,2025-10-08,Paid,Mobile,UK,Free,Sign-up,2.0,24.0,0.0,0.0,Trial period too short,2.0,0,1,0,1.0,0.0,0.0,5.0
3907,2026-02-16,Paid,Mobile,USA,Basic,Upgrade,14.0,142.0,15.0,0.0,The API documentation is clear,4.3,1,0,1,0.0,1.0,0.0,6.0
3908,2025-01-02,Paid,Mobile,USA,Free,First Feature Use,10.0,69.0,4.0,1.0,The mobile app is surprisingly good,4.7,0,1,1,1.0,0.0,0.0,15.0
3909,2025-07-09,Organic,Tablet,USA,Free,First Feature Use,11.0,33.0,3.0,1.0,Love the reporting features,4.2,0,1,1,0.0,0.0,0.0,9.0
3910,2025-08-02,Organic,Desktop,UK,Free,Landing,1.0,6.0,0.0,0.0,Mobile app crashes while exporting reports,2.1,0,1,0,1.0,0.0,0.0,3.0
3911,2026-03-21,Paid,Mobile,USA,Basic,Onboarding,3.0,26.0,1.0,0.0,Similar to other tools,,0,0,1,2.0,0.0,13.0,11.0
3912,2026-01-27,Organic,Mobile,Germany,Free,Sign-up,3.0,24.0,0.0,0.0,Not sure if I'll continue,3.0,0,1,0,,0.0,0.0,7.0
3913,2025-05-02,Paid,Mobile,USA,Free,Sign-up,2.0,21.0,1.0,,Trial period too short,2.2,0,1,0,0.0,0.0,0.0,1.0
3914,2025-04-23,Paid,Desktop,USA,Free,Sign-up,2.0,10.0,1.0,2.0,Too many bugs on mobile,1.2,0,1,0,0.0,0.0,0.0,2.0
3915,2026-04-23,Organic,Mobile,USA,Free,Landing,1.0,13.0,0.0,0.0,Steep learning curve,2.2,0,1,0,0.0,0.0,0.0,4.0
3916,2026-02-27,Organic,Desktop,India,Free,Landing,2.0,10.0,0.0,0.0,Pricing feels too expensive,2.4,0,1,0,0.0,0.0,0.0,5.0
3917,2025-10-01,Organic,Tablet,USA,Basic,Onboarding,5.0,21.0,3.0,1.0,Not sure if I'll continue,2.9,0,0,1,0.0,0.0,13.0,3.0
3918,2025-08-15,Organic,Mobile,USA,Free,Sign-up,3.0,22.0,0.0,0.0,Standard SaaS experience,3.1,0,1,0,1.0,0.0,0.0,1.0
3919,2025-11-19,Paid,Desktop,UK,Premium,Upgrade,15.0,139.0,19.0,0.0,Support team solved my issue quickly,4.9,1,0,1,0.0,0.0,0.0,27.0
3920,2025-03-06,Paid,Mobile,USA,Free,Sign-up,4.0,22.0,1.0,0.0,Haven't used all features yet,3.9,0,1,0,1.0,0.0,,4.0
3921,2026-04-28,Referral,Desktop,India,Free,Onboarding,5.0,33.0,3.0,1.0,Room for improvement in UI,2.5,0,1,1,1.0,0.0,0.0,3.0
3922,2025-07-23,Organic,Mobile,India,Free,Sign-up,3.0,23.0,0.0,1.0,Meets minimum requirements,3.7,0,1,0,0.0,0.0,0.0,5.0
3923,2025-05-09,Referral,Mobile,Canada,Free,Sign-up,2.0,21.0,0.0,0.0,Feature X is broken for weeks,1.3,0,1,0,1.0,0.0,0.0,9.0
3924,2025-08-27,Organic,Tablet,UK,Basic,Onboarding,4.0,20.0,2.0,1.0,Still evaluating whether premium is worth it,3.1,0,0,1,3.0,0.0,14.0,7.0
3925,2025-12-05,Paid,Desktop,UK,Free,Sign-up,2.0,20.0,1.0,0.0,No dark mode,2.4,0,1,0,1.0,0.0,0.0,8.0
3926,2025-01-10,Paid,Mobile,USA,Free,First Feature Use,5.0,39.0,3.0,0.0,Still evaluating whether premium is worth it,3.6,0,1,1,0.0,0.0,0.0,2.0
3927,2026-04-23,Paid,Mobile,USA,Basic,Upgrade,18.0,142.0,8.0,0.0,Data export works perfectly,4.3,1,0,1,1.0,0.0,0.0,4.0
3928,2025-12-02,Paid,Mobile,USA,Free,Onboarding,4.0,42.0,1.0,1.0,Decent but not great,3.9,0,1,1,0.0,0.0,0.0,2.0
3929,2026-03-11,Organic,Desktop,India,Free,First Feature Use,10.0,60.0,7.0,1.0,Simple and effective design,4.6,0,1,1,2.0,0.0,0.0,1.0
3930,2025-11-01,Organic,Mobile,USA,Free,Sign-up,2.0,22.0,1.0,0.0,Mobile UI is cluttered,1.7,0,1,0,0.0,0.0,0.0,6.0
3931,2025-03-16,Referral,Desktop,UK,Free,First Feature Use,9.0,58.0,7.0,1.0,Customer support was excellent,4.1,0,1,1,0.0,1.0,0.0,15.0
3932,2025-08-06,Organic,Mobile,USA,Free,Sign-up,3.0,23.0,1.0,,Could be better but not terrible,3.1,0,1,0,0.0,0.0,0.0,7.0
3933,2025-05-14,Organic,Mobile,UK,Basic,Upgrade,18.0,,13.0,1.0,Support team solved my issue quickly,4.8,1,0,1,0.0,0.0,0.0,26.0
3934,2026-03-26,Organic,Desktop,USA,Free,Onboarding,6.0,29.0,1.0,1.0,Could be better but not terrible,3.2,0,1,1,0.0,0.0,0.0,13.0
3935,2025-05-27,Organic,Mobile,USA,Free,First Feature Use,5.0,68.0,4.0,0.0,Decent but not great,2.8,0,1,1,0.0,0.0,0.0,
3936,2025-01-17,Paid,Desktop,Germany,Free,Sign-up,4.0,11.0,0.0,0.0,Not sure if I'll continue,4.0,0,1,0,0.0,1.0,0.0,9.0
3937,2025-02-09,Paid,Desktop,India,Free,Landing,1.0,8.0,0.0,0.0,Billing system is confusing,2.4,0,1,0,0.0,0.0,0.0,1.0
3938,2025-01-20,Organic,Mobile,USA,Free,Sign-up,2.0,18.0,0.0,0.0,Missing key features compared to competitors,2.0,0,1,0,0.0,0.0,0.0,9.0
3939,2025-05-18,Organic,Desktop,UK,Free,First Feature Use,6.0,69.0,6.0,0.0,It's fine for now,3.8,0,1,1,0.0,1.0,0.0,19.0
3940,2026-02-21,Paid,Mobile,USA,Basic,Upgrade,12.0,104.0,19.0,2.0,The dashboard analytics are extremely useful,4.7,1,0,1,0.0,0.0,0.0,25.0
3941,2025-04-09,Paid,Mobile,India,Free,Sign-up,4.0,15.0,0.0,0.0,Still evaluating whether premium is worth it,3.7,0,1,0,0.0,0.0,0.0,9.0
3942,2025-06-17,Referral,Mobile,India,Free,First Feature Use,6.0,49.0,6.0,1.0,Will decide after trial ends,3.2,0,1,1,0.0,0.0,0.0,8.0
3943,2025-04-02,Referral,Desktop,USA,Free,Onboarding,6.0,39.0,3.0,0.0,Ok for basic use,2.8,0,1,1,1.0,0.0,0.0,5.0
3944,2025-12-11,Referral,Mobile,India,Free,Onboarding,3.0,24.0,3.0,0.0,"Works as expected, nothing special",3.9,0,1,1,0.0,0.0,0.0,5.0
3945,2026-01-26,Paid,Mobile,USA,Premium,Upgrade,19.0,149.0,11.0,0.0,The mobile app is surprisingly good,4.5,1,0,1,0.0,0.0,,14.0
3946,2026-02-05,Paid,Mobile,India,Free,Landing,2.0,6.0,0.0,1.0,No dark mode,1.8,0,1,0,0.0,0.0,0.0,6.0
3947,2026-01-10,Organic,Mobile,USA,Free,First Feature Use,7.0,52.0,,0.0,Need more time before upgrading,3.0,0,1,1,0.0,0.0,0.0,17.0
3948,2025-01-02,Paid,Mobile,USA,Free,First Feature Use,10.0,35.0,7.0,1.0,Very intuitive UI,4.0,0,1,1,2.0,0.0,0.0,17.0
3949,2025-11-09,Organic,Mobile,Germany,Free,Landing,1.0,13.0,0.0,0.0,Feature X is broken for weeks,2.0,0,1,0,1.0,0.0,0.0,1.0
3950,2025-02-25,Referral,Mobile,USA,Free,Onboarding,,37.0,1.0,0.0,It's fine for now,3.4,0,1,1,1.0,0.0,0.0,1.0
3951,2025-10-06,Paid,Mobile,Canada,Free,Onboarding,,20.0,2.0,1.0,Nothing exceptional,3.3,0,1,1,0.0,0.0,0.0,3.0
3952,2025-02-19,Paid,Mobile,USA,Free,First Feature Use,11.0,54.0,7.0,0.0,Highly recommend to other teams,4.2,0,1,1,1.0,0.0,0.0,11.0
3953,2025-10-16,Organic,Desktop,USA,Premium,Upgrade,17.0,145.0,9.0,0.0,Easy onboarding experience,5.0,1,0,1,1.0,0.0,0.0,20.0
3954,2025-05-21,Paid,Desktop,India,Free,Landing,1.0,13.0,0.0,0.0,Missing basic integrations,2.0,0,1,0,0.0,0.0,0.0,3.0
3955,2026-04-07,Organic,Mobile,USA,Basic,Onboarding,6.0,23.0,1.0,1.0,Good enough for my use case,2.8,0,0,1,1.0,1.0,11.0,2.0
3956,2025-12-09,,Tablet,USA,Basic,Onboarding,7.0,28.0,1.0,0.0,Ok for basic use,2.5,0,0,1,0.0,0.0,11.0,10.0
3957,2025-08-27,Organic,Mobile,USA,Premium,Upgrade,21.0,119.0,12.0,0.0,The API documentation is clear,4.0,1,0,1,4.0,0.0,0.0,8.0
3958,2025-04-04,Organic,Mobile,Canada,Free,Landing,2.0,11.0,0.0,0.0,Frequent downtime,1.1,0,1,0,0.0,0.0,0.0,3.0
3959,2025-10-25,Paid,Desktop,India,Free,Sign-up,4.0,14.0,1.0,1.0,Haven't used all features yet,3.3,0,1,0,0.0,0.0,0.0,1.0
3960,2025-06-14,Paid,Desktop,USA,Free,Onboarding,4.0,42.0,2.0,0.0,"Works as expected, nothing special",3.4,0,1,1,1.0,0.0,0.0,1.0
3961,2025-11-12,Referral,Tablet,USA,Free,Onboarding,6.0,28.0,3.0,0.0,It's fine for now,4.0,0,1,1,1.0,0.0,0.0,1.0
3962,2025-02-12,Organic,Tablet,USA,Free,Onboarding,4.0,,3.0,0.0,Meets minimum requirements,3.4,0,1,1,0.0,0.0,0.0,8.0
3963,2025-08-10,Organic,Mobile,UK,Free,Onboarding,6.0,30.0,,1.0,Needs a few more integrations,,0,1,1,0.0,,0.0,4.0
3964,2025-12-09,Referral,Tablet,Canada,Free,Onboarding,5.0,40.0,1.0,0.0,Meets minimum requirements,3.6,0,1,1,0.0,1.0,0.0,12.0
3965,2025-10-24,Paid,Tablet,India,Free,First Feature Use,9.0,30.0,7.0,0.0,Support team solved my issue quickly,4.8,0,1,1,1.0,0.0,,15.0
3966,2025-08-01,Paid,Mobile,USA,Free,Landing,1.0,14.0,0.0,0.0,UI feels outdated,1.4,0,1,0,0.0,0.0,0.0,2.0
3967,2026-03-26,Paid,Tablet,UK,Free,First Feature Use,11.0,42.0,6.0,0.0,Very intuitive UI,4.8,0,1,1,,0.0,0.0,17.0
3968,2025-04-12,Referral,Mobile,Canada,Free,Onboarding,4.0,20.0,3.0,1.0,Basic features work fine so far,3.2,0,1,1,1.0,0.0,,6.0
3969,2025-04-05,Organic,Desktop,UK,Free,Landing,2.0,14.0,0.0,0.0,Export functionality is limited,1.8,0,1,0,0.0,0.0,0.0,6.0
3970,2026-04-27,Organic,Mobile,Canada,Premium,Upgrade,12.0,106.0,13.0,1.0,Worth every penny,,1,0,1,0.0,0.0,0.0,23.0
3971,2026-03-14,Paid,Mobile,USA,Premium,Upgrade,24.0,131.0,15.0,0.0,Worth every penny,4.4,1,0,1,1.0,0.0,0.0,11.0
3972,2025-01-10,Organic,Desktop,India,Free,First Feature Use,8.0,,6.0,1.0,No strong opinion yet,2.6,0,1,1,0.0,2.0,0.0,11.0
3973,2026-04-11,Referral,Mobile,UK,Free,Onboarding,5.0,27.0,,0.0,Similar to other tools,2.7,0,1,1,1.0,0.0,0.0,8.0
3974,2025-11-21,Organic,Desktop,India,Free,Onboarding,5.0,32.0,3.0,1.0,Nothing exceptional,3.8,0,1,1,2.0,0.0,0.0,12.0
3975,2025-12-19,Paid,Mobile,UK,Free,Sign-up,3.0,24.0,0.0,0.0,Nothing exceptional,2.5,0,1,0,0.0,0.0,0.0,7.0
3976,2025-07-27,Paid,Mobile,USA,Free,First Feature Use,5.0,67.0,7.0,0.0,No strong opinion yet,4.0,0,1,1,0.0,1.0,0.0,12.0
3977,2026-01-06,Organic,Mobile,USA,Free,Landing,2.0,12.0,0.0,0.0,Support response time is slow,1.8,0,1,0,0.0,0.0,0.0,
3978,2025-12-09,Referral,Desktop,Germany,Free,Sign-up,2.0,21.0,1.0,0.0,Too many bugs on mobile,2.2,0,1,0,0.0,0.0,0.0,3.0
3979,2025-04-30,Referral,Desktop,USA,Premium,Upgrade,20.0,79.0,15.0,0.0,Customer support was excellent,4.6,1,0,1,0.0,1.0,0.0,10.0
3980,2025-11-15,Paid,Desktop,Canada,Premium,Upgrade,12.0,96.0,14.0,0.0,The dashboard analytics are extremely useful,4.6,1,0,1,0.0,0.0,0.0,12.0
3981,2025-08-26,Referral,Desktop,India,Free,Sign-up,,21.0,0.0,0.0,Not sure if I'll continue,3.0,0,1,0,0.0,0.0,0.0,5.0
3982,2025-12-26,Organic,Mobile,USA,Free,Sign-up,2.0,24.0,1.0,0.0,Support response time is slow,,0,1,0,0.0,0.0,0.0,3.0
3983,2025-08-20,Referral,Mobile,Germany,Free,Sign-up,3.0,18.0,0.0,0.0,Still evaluating whether premium is worth it,3.2,0,1,0,0.0,0.0,0.0,5.0
3984,2026-04-13,Organic,Mobile,India,Free,First Feature Use,9.0,69.0,4.0,1.0,Helped our team productivity,4.5,0,1,1,1.0,0.0,0.0,3.0
3985,2025-07-02,Organic,Tablet,USA,Free,Landing,2.0,10.0,0.0,0.0,Pricing feels too expensive,1.7,0,1,0,0.0,0.0,0.0,6.0
3986,2025-06-23,Organic,Desktop,USA,Basic,Upgrade,21.0,100.0,18.0,1.0,Worth every penny,4.6,1,0,1,2.0,0.0,0.0,18.0
3987,2025-11-27,,Mobile,Germany,Free,Sign-up,2.0,19.0,0.0,0.0,Frequent downtime,1.0,0,1,0,0.0,0.0,0.0,8.0
3988,2026-02-22,Organic,Mobile,India,Premium,Upgrade,,133.0,8.0,0.0,Great value for money,4.8,1,0,1,0.0,0.0,0.0,26.0
3989,2026-04-26,Referral,Mobile,India,Free,First Feature Use,6.0,49.0,7.0,0.0,Need more time before upgrading,3.6,0,1,1,1.0,0.0,0.0,9.0
3990,2025-08-30,Referral,Desktop,India,Free,Onboarding,7.0,25.0,3.0,0.0,Good enough for my use case,3.4,0,1,1,0.0,0.0,0.0,9.0
3991,2025-03-20,Organic,Mobile,USA,Free,Landing,2.0,11.0,0.0,0.0,Email notifications are spammy,1.8,0,1,0,0.0,0.0,0.0,4.0
3992,2025-09-26,Organic,Desktop,Germany,Free,Landing,2.0,10.0,0.0,0.0,Trial period too short,1.5,0,1,0,0.0,0.0,0.0,4.0
3993,2025-08-19,Referral,Mobile,USA,Free,Landing,2.0,12.0,0.0,0.0,Data sync is unreliable,1.9,0,1,0,0.0,0.0,0.0,1.0
3994,2025-02-13,Organic,Mobile,USA,Premium,Upgrade,23.0,140.0,10.0,1.0,Mobile experience is smooth,4.9,1,0,1,1.0,0.0,0.0,
3995,2025-07-13,Organic,Desktop,USA,Free,Sign-up,3.0,19.0,0.0,0.0,Still exploring features,,0,1,0,1.0,0.0,0.0,4.0
3996,2025-06-06,Paid,Mobile,USA,Free,Landing,2.0,9.0,0.0,0.0,Trial period too short,1.6,0,1,0,0.0,0.0,0.0,2.0
3997,2025-03-07,Organic,Tablet,UK,Free,Onboarding,5.0,21.0,2.0,0.0,Meets minimum requirements,2.8,0,1,1,0.0,0.0,0.0,11.0
3998,2025-10-19,Organic,Mobile,USA,Basic,Onboarding,6.0,32.0,2.0,1.0,Will evaluate again next month,2.5,0,0,1,1.0,1.0,13.0,7.0
3999,2026-03-01,Paid,Mobile,USA,Free,First Feature Use,8.0,62.0,3.0,0.0,Will evaluate again next month,2.5,0,1,1,0.0,1.0,0.0,10.0
4000,2026-02-13,Paid,Mobile,USA,Free,Sign-up,3.0,15.0,1.0,0.0,Meets minimum requirements,3.0,0,1,0,1.0,0.0,0.0,5.0
4001,2026-01-03,Organic,Desktop,India,Free,Sign-up,2.0,20.0,0.0,0.0,App crashes during report export,2.0,0,1,0,0.0,0.0,0.0,7.0
4002,2026-01-28,Referral,Desktop,USA,Free,First Feature Use,6.0,54.0,3.0,0.0,Standard SaaS experience,2.7,0,1,1,2.0,0.0,0.0,2.0
4003,2025-06-04,Paid,Mobile,USA,Free,First Feature Use,7.0,,4.0,1.0,It's fine for now,3.5,0,1,1,0.0,0.0,0.0,9.0
4004,2026-01-28,Organic,Mobile,India,Free,Sign-up,3.0,20.0,1.0,0.0,Room for improvement in UI,3.4,0,1,0,2.0,0.0,0.0,2.0
4005,2025-04-16,Organic,Desktop,USA,Premium,Upgrade,13.0,81.0,17.0,1.0,Analytics dashboard is insightful,4.0,1,0,1,0.0,0.0,0.0,4.0
4006,2025-08-16,Organic,Mobile,USA,Free,Sign-up,3.0,20.0,0.0,0.0,Not sure if I'll continue,3.4,0,1,0,0.0,0.0,0.0,3.0
4007,2025-12-04,Organic,Mobile,Canada,Free,Landing,1.0,13.0,0.0,1.0,Missing key features compared to competitors,1.5,0,1,0,0.0,0.0,0.0,3.0
4008,2025-02-13,Organic,Mobile,USA,Premium,Upgrade,19.0,75.0,19.0,1.0,Helped our team productivity,4.1,1,0,1,0.0,0.0,0.0,3.0
4009,2025-02-24,Organic,Desktop,USA,Free,Onboarding,5.0,33.0,3.0,1.0,Decent but not great,2.6,0,1,1,0.0,0.0,0.0,2.0
4010,2025-04-13,Organic,Mobile,UK,Free,Landing,1.0,12.0,0.0,0.0,Cannot customize reports enough,1.1,0,1,0,0.0,0.0,0.0,1.0
4011,2025-03-13,Paid,Mobile,India,Free,Landing,1.0,9.0,0.0,0.0,Mobile UI is cluttered,2.1,0,1,0,0.0,0.0,0.0,3.0
4012,2026-01-23,Paid,Mobile,India,Basic,Onboarding,3.0,34.0,2.0,0.0,Standard SaaS experience,3.6,0,0,1,0.0,1.0,6.0,8.0
4013,2025-04-23,Paid,Mobile,USA,Free,Landing,2.0,7.0,0.0,0.0,Too many bugs on mobile,2.3,0,1,0,0.0,0.0,0.0,1.0
4014,2025-10-02,Paid,Mobile,India,Free,First Feature Use,10.0,69.0,5.0,1.0,Integration with Slack was seamless,4.9,0,1,1,0.0,1.0,0.0,1.0
4015,2025-06-05,Referral,Desktop,India,Free,Landing,1.0,12.0,0.0,0.0,UI feels outdated,2.3,0,1,0,0.0,0.0,0.0,6.0
4016,2026-04-14,Paid,Mobile,USA,Free,First Feature Use,10.0,69.0,4.0,0.0,Great value for money,,0,1,1,,2.0,0.0,5.0
4017,2026-04-04,Organic,Mobile,USA,Free,First Feature Use,11.0,53.0,6.0,0.0,Support team solved my issue quickly,4.4,0,1,1,0.0,0.0,0.0,5.0
4018,2026-02-21,Organic,Mobile,India,Free,Sign-up,2.0,16.0,0.0,0.0,Trial period too short,2.1,0,1,0,0.0,0.0,0.0,9.0
4019,2025-03-04,Referral,Desktop,USA,Basic,Onboarding,4.0,41.0,1.0,1.0,Ok for basic use,3.9,0,0,1,1.0,0.0,13.0,8.0
4020,2025-03-25,Organic,Mobile,USA,Free,Sign-up,3.0,18.0,0.0,0.0,Meets minimum requirements,3.7,0,1,0,0.0,0.0,0.0,2.0
4021,2026-01-30,Organic,Tablet,USA,Basic,First Feature Use,6.0,48.0,4.0,0.0,Will decide after trial ends,3.7,0,1,1,1.0,0.0,0.0,18.0
4022,2025-12-08,Paid,Mobile,USA,Premium,Upgrade,19.0,64.0,,1.0,Customer support was excellent,4.5,1,0,1,1.0,0.0,0.0,7.0
4023,2025-09-30,Paid,Mobile,USA,Free,Onboarding,4.0,27.0,3.0,0.0,Will decide after trial ends,3.0,0,1,1,0.0,2.0,,9.0
4024,2025-11-13,Paid,Mobile,USA,Free,First Feature Use,7.0,30.0,4.0,0.0,Nothing exceptional,2.7,0,1,1,1.0,0.0,0.0,18.0
4025,2025-12-22,Organic,Desktop,USA,Free,Landing,1.0,13.0,0.0,0.0,Mobile app crashes while exporting reports,2.2,0,1,0,0.0,0.0,0.0,1.0
4026,2025-03-10,Organic,Desktop,Germany,Free,Onboarding,5.0,39.0,,2.0,Not blown away but not disappointed,2.6,0,1,1,0.0,0.0,0.0,10.0
4027,2026-04-13,Referral,Mobile,USA,Free,Sign-up,4.0,18.0,0.0,1.0,Decent but not great,2.7,0,1,0,0.0,0.0,0.0,7.0
4028,2025-12-29,Organic,Mobile,USA,Free,First Feature Use,8.0,30.0,6.0,0.0,Ok for basic use,3.3,0,1,1,0.0,1.0,0.0,6.0
4029,2025-08-10,Organic,Mobile,Canada,Free,Onboarding,4.0,25.0,1.0,0.0,Learning curve is medium,4.0,0,1,1,0.0,0.0,0.0,5.0
4030,2026-01-06,Paid,Mobile,Germany,Free,First Feature Use,6.0,30.0,6.0,0.0,Works most of the time,2.7,0,1,1,2.0,1.0,0.0,8.0
4031,2025-07-07,Referral,Mobile,USA,Premium,Upgrade,14.0,83.0,8.0,0.0,Love how everything is customisable,,1,0,1,0.0,0.0,0.0,22.0
4032,2025-10-29,Paid,Mobile,USA,Free,First Feature Use,10.0,36.0,6.0,1.0,Very intuitive UI,4.3,0,1,1,0.0,0.0,0.0,18.0
4033,2025-10-02,Referral,Desktop,UK,Free,First Feature Use,7.0,31.0,6.0,0.0,Room for improvement in UI,3.8,0,1,1,1.0,0.0,0.0,11.0
4034,2025-08-22,Organic,Mobile,Germany,Free,Sign-up,,23.0,1.0,0.0,Too many bugs on mobile,2.2,0,1,0,1.0,0.0,0.0,3.0
4035,2025-03-16,Organic,Mobile,USA,Free,Landing,1.0,8.0,0.0,0.0,Support response time is slow,2.4,0,1,0,0.0,0.0,0.0,5.0
4036,2025-08-08,Organic,Mobile,USA,Basic,Onboarding,4.0,20.0,3.0,0.0,No strong opinion yet,3.1,0,0,1,2.0,0.0,7.0,13.0
4037,2025-04-10,Referral,Mobile,India,Basic,Upgrade,18.0,134.0,19.0,0.0,Easy onboarding experience,4.3,1,0,1,1.0,0.0,0.0,13.0
4038,2026-03-23,Paid,Mobile,USA,Free,Onboarding,4.0,20.0,1.0,0.0,Haven't used all features yet,3.9,0,1,1,0.0,0.0,0.0,11.0
4039,2025-12-13,Organic,Mobile,India,Free,Onboarding,7.0,21.0,1.0,2.0,Ok for basic use,3.3,0,1,1,1.0,0.0,0.0,10.0
4040,2025-08-30,Paid,Mobile,India,Free,Sign-up,2.0,19.0,0.0,0.0,Support response time is slow,1.1,0,1,0,0.0,0.0,0.0,2.0
4041,2025-02-15,Organic,Tablet,USA,Basic,First Feature Use,,31.0,4.0,1.0,It's fine for now,2.8,0,0,1,0.0,0.0,3.0,17.0
4042,2025-10-11,Paid,Mobile,USA,Free,First Feature Use,10.0,41.0,6.0,2.0,The dashboard analytics are extremely useful,4.5,0,1,1,0.0,0.0,0.0,5.0
4043,2025-09-30,Referral,Mobile,UK,Basic,First Feature Use,,53.0,5.0,1.0,Analytics dashboard is insightful,4.3,0,1,1,1.0,0.0,0.0,19.0
4044,2025-03-24,Organic,Desktop,India,Free,Landing,1.0,5.0,0.0,0.0,Dashboard loads slowly,1.7,0,1,0,0.0,0.0,0.0,
4045,2026-02-28,Organic,Mobile,India,Free,Sign-up,2.0,10.0,1.0,0.0,App crashes during report export,1.1,0,1,0,0.0,0.0,0.0,4.0
4046,2025-03-20,Organic,Desktop,India,Free,Landing,1.0,12.0,0.0,0.0,The onboarding tutorial was confusing,1.8,0,1,0,0.0,0.0,0.0,3.0
4047,2025-09-03,Organic,Mobile,USA,Free,Landing,2.0,,0.0,0.0,Feature X is broken for weeks,1.6,0,1,0,0.0,0.0,0.0,2.0
4048,2025-11-25,Organic,Desktop,India,Free,First Feature Use,5.0,59.0,7.0,0.0,It's fine for now,3.5,0,1,1,0.0,0.0,0.0,13.0
4049,2025-06-26,Paid,Desktop,USA,Free,Sign-up,4.0,22.0,0.0,0.0,Similar to other tools,3.2,0,1,0,0.0,0.0,0.0,1.0
4050,2025-01-08,Organic,Tablet,UK,Free,Landing,1.0,12.0,0.0,0.0,No dark mode,2.4,0,1,0,0.0,0.0,0.0,6.0
4051,2025-11-13,Referral,Desktop,USA,Free,Landing,1.0,5.0,0.0,0.0,UI feels outdated,1.4,0,1,0,0.0,0.0,,1.0
4052,2026-01-04,Organic,Mobile,India,Free,Landing,2.0,6.0,0.0,0.0,Customer support unhelpful,2.4,0,1,0,0.0,0.0,0.0,4.0
4053,2025-04-29,Organic,Desktop,India,Basic,Upgrade,24.0,120.0,7.0,0.0,Great value for money,4.7,1,0,1,0.0,0.0,0.0,17.0
4054,2025-08-04,Organic,Mobile,UK,Premium,Upgrade,13.0,129.0,15.0,0.0,Great value for money,4.0,1,0,1,1.0,0.0,0.0,21.0
4055,2025-12-10,Paid,Desktop,Germany,Premium,Upgrade,22.0,68.0,,0.0,Highly recommend to other teams,4.9,1,0,1,1.0,0.0,0.0,19.0
4056,2025-01-01,Organic,Mobile,USA,Free,First Feature Use,10.0,62.0,7.0,0.0,Data export works perfectly,4.4,0,1,1,0.0,0.0,0.0,19.0
4057,2025-10-02,Referral,Desktop,USA,Free,Onboarding,5.0,24.0,1.0,0.0,Meets minimum requirements,2.9,0,1,1,0.0,1.0,0.0,6.0
4058,2026-04-10,Paid,Desktop,USA,Premium,Upgrade,15.0,96.0,19.0,1.0,Easy onboarding experience,4.2,1,0,1,1.0,0.0,0.0,15.0
4059,2026-03-20,Referral,Desktop,Canada,Premium,Upgrade,15.0,115.0,11.0,0.0,Helped our team productivity,4.5,1,0,1,0.0,0.0,0.0,27.0
4060,2025-06-03,Paid,Mobile,USA,Basic,First Feature Use,5.0,31.0,7.0,0.0,It's fine for now,3.3,0,0,1,2.0,1.0,2.0,19.0
4061,2026-01-06,Organic,Desktop,USA,Free,Sign-up,4.0,10.0,1.0,1.0,Works most of the time,2.8,0,1,0,1.0,0.0,0.0,
4062,2025-05-16,Referral,Mobile,Germany,Premium,Upgrade,16.0,96.0,11.0,0.0,Easy onboarding experience,4.6,1,0,1,0.0,1.0,,7.0
4063,2025-05-04,Referral,Mobile,Germany,Basic,Upgrade,18.0,107.0,17.0,0.0,Automated reports are a lifesaver,4.7,1,0,1,0.0,0.0,0.0,9.0
4064,2025-09-08,Referral,Mobile,Germany,Free,Sign-up,2.0,13.0,0.0,0.0,Too many bugs on mobile,1.1,0,1,0,0.0,0.0,0.0,1.0
4065,2026-02-05,Organic,Desktop,USA,Free,Sign-up,4.0,24.0,0.0,0.0,Haven't used all features yet,2.9,0,1,0,0.0,0.0,0.0,2.0
4066,2025-05-09,Paid,Desktop,India,Free,Landing,2.0,13.0,0.0,0.0,Billing system is confusing,1.6,0,1,0,0.0,0.0,0.0,5.0
4067,2025-09-20,Organic,Desktop,UK,Free,Landing,1.0,12.0,0.0,0.0,Mobile UI is cluttered,1.2,0,1,0,0.0,0.0,0.0,3.0
4068,2026-04-12,Organic,Mobile,UK,Free,Sign-up,2.0,24.0,1.0,1.0,Billing system is confusing,2.0,0,1,0,0.0,0.0,0.0,5.0
4069,2025-02-03,Paid,Desktop,USA,Premium,Upgrade,24.0,,11.0,0.0,Reporting module saves a lot of time,4.5,1,0,1,0.0,0.0,0.0,4.0
4070,2025-04-14,Referral,Mobile,India,Premium,Upgrade,21.0,100.0,7.0,1.0,Data export works perfectly,4.2,1,0,1,0.0,0.0,0.0,29.0
4071,2025-02-13,Paid,Mobile,USA,Free,Landing,2.0,6.0,0.0,0.0,Cannot customize reports enough,1.4,0,1,0,0.0,0.0,0.0,6.0
4072,2025-08-20,Referral,Mobile,USA,Free,Onboarding,5.0,42.0,3.0,0.0,Basic features work fine so far,2.9,0,1,1,0.0,0.0,0.0,12.0
4073,2026-01-17,Organic,Desktop,UK,Basic,Onboarding,5.0,21.0,1.0,0.0,Need more time before upgrading,2.5,0,0,1,0.0,0.0,6.0,4.0
4074,2026-02-10,Organic,Mobile,USA,Free,Sign-up,2.0,22.0,1.0,0.0,Missing basic integrations,2.4,0,1,0,1.0,0.0,0.0,4.0
4075,2025-03-05,Paid,Mobile,USA,Free,Sign-up,4.0,22.0,0.0,1.0,Need more time before upgrading,3.8,0,1,0,0.0,0.0,0.0,6.0
4076,2026-04-16,Organic,Desktop,USA,Free,Landing,1.0,10.0,0.0,0.0,Pricing feels too expensive,1.4,0,1,0,0.0,0.0,0.0,3.0
4077,2025-10-29,Referral,Mobile,India,Free,First Feature Use,9.0,,4.0,0.0,Easy onboarding experience,4.1,0,1,1,2.0,1.0,0.0,3.0
4078,2025-11-14,Organic,Desktop,USA,Basic,Upgrade,20.0,95.0,14.0,0.0,Support team solved my issue quickly,4.5,1,0,1,0.0,0.0,0.0,27.0
4079,2025-11-26,Organic,Mobile,India,Premium,Upgrade,21.0,89.0,13.0,1.0,Mobile experience is smooth,4.8,1,0,1,0.0,0.0,0.0,14.0
4080,2025-06-18,Paid,Mobile,India,Free,Onboarding,5.0,39.0,2.0,0.0,Basic features work fine so far,3.4,0,1,1,0.0,0.0,0.0,6.0
4081,2025-04-18,Organic,Tablet,India,Free,Landing,2.0,12.0,0.0,0.0,Dashboard loads slowly,2.0,0,1,0,0.0,0.0,0.0,4.0
4082,2025-05-07,Referral,Mobile,USA,Free,First Feature Use,10.0,47.0,5.0,0.0,Automated reports are a lifesaver,4.2,0,1,1,1.0,0.0,0.0,18.0
4083,2025-12-14,Paid,Desktop,India,Free,Sign-up,2.0,15.0,1.0,1.0,Steep learning curve,1.5,0,1,0,1.0,,0.0,9.0
4084,2025-02-03,Organic,Mobile,USA,Free,Landing,2.0,9.0,0.0,0.0,Mobile UI is cluttered,2.2,0,1,0,0.0,0.0,0.0,3.0
4085,2025-10-11,Referral,Mobile,USA,Free,First Feature Use,8.0,53.0,4.0,0.0,Not blown away but not disappointed,3.3,0,1,1,1.0,1.0,0.0,13.0
4086,2025-10-08,Organic,Desktop,India,Free,Onboarding,3.0,35.0,3.0,0.0,"Works as expected, nothing special",2.8,0,1,1,0.0,0.0,0.0,12.0
4087,2025-09-04,Referral,Mobile,Canada,Free,Onboarding,4.0,23.0,3.0,0.0,It's fine for now,3.1,0,1,1,0.0,0.0,0.0,5.0
4088,2026-03-04,Organic,Desktop,USA,Free,Onboarding,7.0,34.0,3.0,0.0,Decent but not great,3.2,0,1,1,0.0,1.0,0.0,3.0
4089,2025-09-08,Organic,Mobile,UK,Premium,Upgrade,23.0,,8.0,1.0,Integration with Slack was seamless,4.5,1,0,1,1.0,0.0,0.0,1.0
4090,2025-04-26,Referral,Mobile,Germany,Free,Onboarding,6.0,20.0,3.0,0.0,Meets minimum requirements,2.9,0,1,1,3.0,0.0,0.0,4.0
4091,2026-04-02,Referral,Desktop,Germany,Free,Onboarding,6.0,24.0,3.0,1.0,Still evaluating whether premium is worth it,2.8,0,1,1,1.0,0.0,0.0,9.0
4092,2025-09-30,Organic,Mobile,USA,Free,Landing,2.0,11.0,0.0,1.0,Email notifications are spammy,2.3,0,1,0,0.0,,0.0,1.0
4093,2025-08-15,Paid,Mobile,UK,Free,Sign-up,2.0,10.0,0.0,2.0,No dark mode,1.1,0,1,0,0.0,0.0,0.0,9.0
4094,2025-10-10,Referral,Desktop,USA,Basic,Upgrade,12.0,143.0,11.0,0.0,Customer support was excellent,5.0,1,0,1,0.0,3.0,0.0,3.0
4095,2025-08-21,Organic,Desktop,India,Basic,First Feature Use,9.0,61.0,7.0,1.0,Customer support was excellent,4.7,0,1,1,,0.0,0.0,2.0
4096,2026-04-13,Organic,Mobile,USA,Free,Landing,2.0,10.0,0.0,0.0,Frequent downtime,1.1,0,1,0,0.0,0.0,0.0,2.0
4097,2025-05-10,Paid,Desktop,India,Free,Onboarding,4.0,32.0,3.0,0.0,Still exploring features,2.9,0,1,1,0.0,1.0,0.0,2.0
4098,2025-02-04,Organic,Tablet,Germany,Basic,Onboarding,4.0,21.0,3.0,1.0,Good enough for my use case,2.7,0,0,1,0.0,0.0,12.0,7.0
4099,2025-02-10,Organic,Mobile,Canada,Premium,Upgrade,13.0,138.0,13.0,0.0,Simple and effective design,4.0,1,0,1,0.0,0.0,0.0,5.0
4100,2025-09-08,Referral,Mobile,Germany,Free,Landing,1.0,,0.0,0.0,Export functionality is limited,2.2,0,1,0,1.0,0.0,0.0,1.0
4101,2026-01-07,Organic,Mobile,USA,Free,Sign-up,2.0,15.0,0.0,0.0,Support response time is slow,1.9,0,1,0,,0.0,0.0,1.0
4102,2026-04-10,Referral,Desktop,USA,Basic,Onboarding,7.0,36.0,2.0,0.0,Basic features work fine so far,2.7,0,0,1,1.0,1.0,12.0,8.0
4103,2025-10-09,Paid,Desktop,UK,Free,Sign-up,4.0,23.0,1.0,1.0,Still evaluating whether premium is worth it,3.1,0,1,0,0.0,0.0,0.0,1.0
4104,2025-04-05,Paid,Desktop,UK,Free,First Feature Use,8.0,61.0,7.0,1.0,Nothing exceptional,2.8,0,1,1,3.0,1.0,0.0,7.0
4105,2025-02-25,Paid,Tablet,USA,Free,Sign-up,,21.0,1.0,0.0,Billing system is confusing,,0,1,0,0.0,0.0,0.0,4.0
4106,2025-05-12,Organic,Mobile,USA,Free,Landing,1.0,5.0,0.0,0.0,Missing key features compared to competitors,1.6,0,1,0,0.0,0.0,0.0,6.0
4107,2025-03-29,Organic,Mobile,Germany,Free,Sign-up,,21.0,0.0,0.0,Standard SaaS experience,3.6,0,1,0,0.0,0.0,0.0,6.0
4108,2026-01-03,Organic,Mobile,Germany,Free,Landing,1.0,12.0,0.0,0.0,Too many steps during setup process,1.1,0,1,0,0.0,0.0,0.0,5.0
4109,2025-04-23,Paid,Mobile,USA,Free,First Feature Use,10.0,57.0,4.0,3.0,Helped our team productivity,4.0,0,1,1,2.0,0.0,0.0,4.0
4110,2025-11-26,Organic,Desktop,USA,Free,Sign-up,4.0,22.0,0.0,0.0,Not blown away but not disappointed,2.9,0,1,0,0.0,1.0,0.0,1.0
4111,2025-06-16,Organic,Desktop,UK,Free,Sign-up,2.0,21.0,0.0,,Billing system is confusing,1.7,0,1,0,1.0,0.0,0.0,9.0
4112,2025-11-12,Referral,Mobile,Germany,Free,Landing,1.0,9.0,0.0,0.0,Cannot customize reports enough,1.4,0,1,0,1.0,0.0,0.0,4.0
4113,2025-04-09,Referral,Mobile,UK,Free,First Feature Use,6.0,64.0,7.0,0.0,Works most of the time,3.4,0,1,1,0.0,0.0,0.0,18.0
4114,2026-03-30,,Desktop,Canada,Free,Sign-up,3.0,15.0,0.0,0.0,Haven't used all features yet,3.9,0,1,0,1.0,0.0,0.0,5.0
4115,2025-07-08,Organic,Mobile,India,Free,Sign-up,3.0,21.0,0.0,1.0,Ok for basic use,4.0,0,1,0,1.0,0.0,0.0,4.0
4116,2025-12-15,Paid,Mobile,Canada,Basic,First Feature Use,11.0,61.0,,2.0,Onboarding tutorial was straightforward,4.8,0,0,1,0.0,2.0,7.0,1.0
4117,2025-09-11,Referral,Desktop,India,Basic,Onboarding,4.0,35.0,3.0,0.0,No strong opinion yet,2.6,0,0,1,0.0,0.0,10.0,9.0
4118,2025-05-17,Organic,Mobile,Germany,Free,Landing,2.0,11.0,0.0,0.0,App crashes during report export,2.3,0,1,0,0.0,0.0,0.0,4.0
4119,2025-02-17,Organic,Tablet,India,Basic,Onboarding,6.0,36.0,2.0,0.0,"Works as expected, nothing special",3.6,0,0,1,0.0,0.0,11.0,10.0
4120,2026-04-30,Referral,Mobile,USA,Free,First Feature Use,,52.0,5.0,1.0,Not sure if I'll continue,3.4,0,1,1,1.0,1.0,0.0,11.0
4121,2025-11-25,Referral,Desktop,USA,Free,First Feature Use,8.0,53.0,4.0,2.0,Works most of the time,2.8,0,1,1,1.0,0.0,0.0,
4122,2025-12-07,Paid,Desktop,Germany,Free,Onboarding,4.0,,3.0,0.0,Nothing exceptional,2.9,0,1,1,0.0,3.0,0.0,10.0
4123,2025-01-22,Organic,Mobile,USA,Free,Sign-up,3.0,10.0,0.0,0.0,Not blown away but not disappointed,3.5,0,1,0,0.0,1.0,0.0,3.0
4124,2025-06-03,Organic,Mobile,USA,Free,First Feature Use,9.0,67.0,5.0,,Customer support was excellent,4.5,0,1,1,0.0,1.0,0.0,17.0
4125,2025-10-08,Paid,Mobile,India,Free,Onboarding,4.0,21.0,1.0,0.0,Need more time before upgrading,3.0,0,1,1,1.0,1.0,0.0,2.0
4126,2025-05-06,Organic,Mobile,India,Free,First Feature Use,11.0,32.0,4.0,0.0,Onboarding tutorial was straightforward,4.0,0,1,1,1.0,0.0,0.0,10.0
4127,2025-06-11,Organic,Mobile,USA,Free,Landing,2.0,9.0,0.0,1.0,Customer support unhelpful,1.7,0,1,0,,0.0,0.0,2.0
4128,2026-04-04,Organic,Desktop,USA,Free,Sign-up,3.0,12.0,0.0,0.0,Ok for basic use,3.2,0,1,0,2.0,0.0,0.0,1.0
4129,2025-08-21,Paid,Desktop,USA,Basic,Upgrade,18.0,,8.0,0.0,The mobile app is surprisingly good,4.5,1,0,1,1.0,1.0,0.0,4.0
4130,2026-04-01,Paid,Desktop,USA,Free,Sign-up,3.0,17.0,0.0,0.0,Will decide after trial ends,3.4,0,1,0,0.0,0.0,0.0,9.0
4131,2025-11-30,Referral,Mobile,Germany,Free,First Feature Use,7.0,38.0,7.0,1.0,Could be better but not terrible,2.6,0,1,1,0.0,0.0,0.0,11.0
4132,2026-01-20,Paid,Desktop,India,Free,First Feature Use,10.0,32.0,6.0,0.0,Customer support was excellent,4.7,0,1,1,0.0,1.0,0.0,14.0
4133,2025-06-26,Referral,Mobile,Canada,Premium,Upgrade,19.0,117.0,10.0,0.0,Love the reporting features,4.2,1,0,1,1.0,2.0,0.0,18.0
4134,2025-01-22,Referral,Tablet,USA,Free,Onboarding,7.0,32.0,3.0,2.0,Needs a few more integrations,4.0,0,1,1,1.0,0.0,0.0,1.0
4135,2025-05-08,Organic,Tablet,USA,Free,Sign-up,2.0,19.0,0.0,0.0,Data sync is unreliable,2.3,0,1,0,1.0,0.0,0.0,8.0
4136,2026-01-20,Organic,Desktop,India,Free,Sign-up,2.0,20.0,0.0,2.0,Email notifications are spammy,1.4,0,1,0,0.0,0.0,0.0,5.0
4137,2025-06-07,Paid,Desktop,USA,Free,Landing,2.0,12.0,0.0,0.0,No dark mode,1.3,0,1,0,1.0,0.0,0.0,1.0
4138,2025-07-11,Organic,Mobile,USA,Free,Landing,1.0,10.0,0.0,0.0,Missing key features compared to competitors,1.6,0,1,0,0.0,0.0,0.0,6.0
4139,2026-03-19,Referral,Mobile,Canada,Premium,Upgrade,11.0,71.0,7.0,0.0,The API documentation is clear,4.6,1,0,1,0.0,2.0,0.0,4.0
4140,2025-08-29,Organic,Desktop,Germany,Free,Landing,2.0,7.0,0.0,0.0,Export functionality is limited,,0,1,0,0.0,0.0,0.0,4.0
4141,2025-06-02,Organic,Mobile,UK,Free,First Feature Use,7.0,34.0,3.0,0.0,Ok for basic use,3.2,0,1,1,2.0,1.0,0.0,16.0
4142,2025-11-01,Paid,Mobile,UK,Free,First Feature Use,8.0,51.0,4.0,2.0,Needs a few more integrations,3.8,0,1,1,3.0,0.0,0.0,19.0
4143,2026-02-22,Paid,Desktop,USA,Basic,Onboarding,3.0,26.0,1.0,1.0,Nothing exceptional,3.1,0,0,1,0.0,0.0,14.0,1.0
4144,2025-07-25,Paid,Desktop,Canada,Free,Sign-up,3.0,21.0,0.0,0.0,Not sure if I'll continue,3.4,0,1,0,0.0,0.0,0.0,2.0
4145,2026-01-09,Paid,Mobile,India,Free,Landing,1.0,12.0,0.0,0.0,The onboarding tutorial was confusing,2.0,0,1,0,1.0,0.0,0.0,3.0
4146,2026-04-19,Organic,Mobile,USA,Free,Landing,1.0,11.0,0.0,0.0,Support response time is slow,1.9,0,1,0,0.0,0.0,0.0,2.0
4147,2025-10-10,Organic,Mobile,USA,Free,Sign-up,4.0,20.0,1.0,0.0,Ok for basic use,4.0,0,1,0,1.0,0.0,0.0,9.0
4148,2025-10-16,Referral,Desktop,India,Basic,Onboarding,6.0,20.0,2.0,0.0,It's fine for now,2.6,0,0,1,1.0,1.0,5.0,12.0
4149,2026-01-28,Organic,Mobile,USA,Basic,First Feature Use,7.0,55.0,7.0,3.0,Needs a few more integrations,3.6,0,1,1,1.0,1.0,3.0,11.0
4150,2026-02-28,Organic,Tablet,Germany,Free,Landing,1.0,14.0,0.0,0.0,UI feels outdated,2.2,0,1,0,0.0,0.0,,1.0
4151,2026-02-17,Organic,Desktop,Canada,Basic,Upgrade,21.0,112.0,19.0,0.0,Integration with Slack was seamless,4.2,1,0,1,0.0,0.0,0.0,28.0
4152,2025-01-01,Organic,Mobile,Germany,Free,Landing,1.0,11.0,0.0,0.0,Export functionality is limited,2.3,0,1,0,,0.0,0.0,1.0
4153,2026-04-27,Paid,Mobile,India,Free,Onboarding,4.0,41.0,2.0,0.0,Needs a few more integrations,3.2,0,1,1,0.0,0.0,0.0,5.0
4154,2025-06-23,Paid,Mobile,USA,Free,Onboarding,6.0,44.0,3.0,2.0,Still evaluating whether premium is worth it,3.8,0,1,1,0.0,0.0,0.0,5.0
4155,2025-12-01,Paid,Tablet,USA,Free,Onboarding,6.0,24.0,2.0,3.0,Still evaluating whether premium is worth it,3.4,0,1,1,0.0,0.0,0.0,9.0
4156,2026-03-19,Paid,Mobile,India,Free,Onboarding,4.0,42.0,3.0,1.0,Could be better but not terrible,2.6,0,1,1,0.0,0.0,0.0,10.0
4157,2025-09-29,Organic,Desktop,USA,Free,Onboarding,7.0,42.0,2.0,0.0,Works most of the time,3.3,0,1,1,1.0,1.0,0.0,3.0
4158,2026-04-16,Paid,Mobile,UK,Basic,Onboarding,,32.0,1.0,0.0,Will decide after trial ends,3.0,0,0,1,1.0,1.0,11.0,9.0
4159,2025-06-26,Organic,Mobile,USA,Free,Landing,1.0,12.0,0.0,0.0,Too many bugs on mobile,1.9,0,1,0,0.0,0.0,0.0,1.0
4160,2025-01-01,Organic,Tablet,USA,Free,Landing,2.0,7.0,0.0,0.0,Trial period too short,1.5,0,1,0,0.0,0.0,0.0,4.0
4161,2025-05-01,Organic,Mobile,USA,Premium,Upgrade,11.0,84.0,9.0,0.0,Love the reporting features,4.3,1,0,1,0.0,0.0,0.0,6.0
4162,2025-10-08,Organic,Desktop,India,Free,Landing,2.0,6.0,0.0,0.0,Steep learning curve,,0,1,0,0.0,0.0,0.0,5.0
4163,2025-11-28,Paid,Mobile,USA,Free,Landing,1.0,6.0,0.0,0.0,Trial period too short,2.1,0,1,0,1.0,0.0,0.0,5.0
4164,2025-10-22,Paid,Desktop,USA,Free,First Feature Use,6.0,69.0,4.0,,Similar to other tools,,0,1,1,0.0,0.0,0.0,18.0
4165,2026-01-31,Referral,Desktop,USA,Premium,Upgrade,14.0,131.0,16.0,0.0,Helped our team productivity,4.9,1,0,1,1.0,0.0,0.0,1.0
4166,2025-12-21,Paid,Desktop,USA,Free,First Feature Use,6.0,30.0,6.0,0.0,Still exploring features,3.2,0,1,1,0.0,1.0,0.0,7.0
4167,2025-10-29,Organic,Mobile,Germany,Free,Onboarding,3.0,32.0,3.0,0.0,Decent but not great,2.9,0,1,1,0.0,1.0,0.0,10.0
4168,2025-09-05,Organic,Mobile,UK,Free,Sign-up,4.0,10.0,0.0,0.0,Not blown away but not disappointed,3.3,0,1,0,0.0,0.0,0.0,9.0
4169,2025-06-06,Organic,Mobile,USA,Free,Landing,2.0,7.0,0.0,0.0,Mobile UI is cluttered,1.2,0,1,0,0.0,0.0,0.0,1.0
4170,2025-01-29,Organic,Mobile,USA,Free,Landing,1.0,9.0,0.0,0.0,UI feels outdated,1.5,0,1,0,0.0,0.0,0.0,5.0
4171,2025-05-05,Organic,Desktop,Canada,Free,Onboarding,4.0,41.0,3.0,1.0,Not sure if I'll continue,3.3,0,1,1,0.0,1.0,0.0,12.0
4172,2026-03-08,Organic,Mobile,UK,Free,Landing,1.0,12.0,0.0,0.0,No dark mode,1.5,0,1,0,1.0,0.0,0.0,
4173,2025-11-24,Paid,Mobile,USA,Basic,First Feature Use,7.0,37.0,6.0,0.0,Need more time before upgrading,3.1,0,0,1,0.0,0.0,7.0,3.0
4174,2025-02-07,Paid,Desktop,USA,Free,Onboarding,7.0,33.0,1.0,0.0,Learning curve is medium,2.8,0,1,1,1.0,0.0,0.0,13.0
4175,2026-01-15,Paid,Desktop,USA,Free,Landing,2.0,10.0,0.0,0.0,The onboarding tutorial was confusing,2.2,0,1,0,0.0,0.0,0.0,2.0
4176,2025-06-11,Paid,Tablet,USA,Free,Sign-up,4.0,17.0,0.0,0.0,Will decide after trial ends,3.3,0,1,0,0.0,0.0,0.0,6.0
4177,2025-10-23,Paid,Mobile,India,Free,Sign-up,3.0,19.0,1.0,0.0,Ok for basic use,3.4,0,1,0,0.0,0.0,0.0,4.0
4178,2025-05-16,Paid,Mobile,USA,Free,Landing,2.0,10.0,0.0,0.0,Missing key features compared to competitors,1.4,0,1,0,0.0,0.0,0.0,1.0
4179,2026-03-21,Paid,Mobile,India,Free,Sign-up,2.0,16.0,0.0,0.0,Feature X is broken for weeks,1.1,0,1,0,0.0,0.0,0.0,1.0
4180,2026-03-11,Organic,Mobile,USA,Free,Sign-up,4.0,12.0,1.0,,Meets minimum requirements,3.9,0,1,0,1.0,,0.0,9.0
4181,2025-06-24,Paid,Mobile,USA,Free,Landing,1.0,5.0,0.0,0.0,Frequent downtime,2.0,0,1,0,0.0,0.0,0.0,5.0
4182,2026-03-12,Paid,Tablet,India,Basic,Onboarding,6.0,22.0,3.0,0.0,Needs a few more integrations,3.0,0,0,1,1.0,0.0,11.0,6.0
4183,2025-12-15,Organic,Mobile,USA,Premium,Upgrade,15.0,127.0,18.0,0.0,Helped our team productivity,4.8,1,0,1,0.0,1.0,0.0,19.0
4184,2025-01-23,Organic,Mobile,India,Free,Landing,1.0,9.0,0.0,1.0,App crashes during report export,2.1,0,1,0,0.0,0.0,0.0,2.0
4185,2025-06-24,Organic,Mobile,India,Free,Landing,2.0,5.0,0.0,0.0,Missing basic integrations,1.3,0,1,0,0.0,0.0,0.0,2.0
4186,2025-01-28,Paid,Mobile,Canada,Premium,Upgrade,14.0,133.0,12.0,2.0,Real-time sync is fast,4.6,1,0,1,0.0,0.0,0.0,25.0
4187,2026-04-16,Paid,Mobile,USA,Free,First Feature Use,7.0,49.0,5.0,0.0,Standard SaaS experience,3.7,0,1,1,0.0,0.0,0.0,11.0
4188,2025-10-15,Organic,Mobile,USA,Free,Landing,2.0,11.0,0.0,0.0,Mobile app crashes while exporting reports,1.0,0,1,0,0.0,0.0,0.0,4.0
4189,2025-04-10,Organic,Mobile,UK,Free,First Feature Use,7.0,43.0,4.0,1.0,No strong opinion yet,3.9,0,1,1,0.0,1.0,0.0,8.0
4190,2025-07-20,Referral,Mobile,USA,Free,Sign-up,,11.0,0.0,0.0,Needs a few more integrations,3.2,0,1,0,0.0,0.0,0.0,6.0
4191,2026-04-11,Organic,Mobile,USA,Free,Sign-up,2.0,20.0,1.0,0.0,Export functionality is limited,2.3,0,1,0,0.0,0.0,0.0,4.0
4192,2026-02-05,Organic,Desktop,USA,Free,Landing,1.0,7.0,0.0,0.0,Feature X is broken for weeks,2.3,0,1,0,0.0,0.0,0.0,1.0
4193,2025-06-26,Organic,Mobile,UK,Free,Landing,1.0,12.0,0.0,0.0,Feature X is broken for weeks,2.4,0,1,0,0.0,,0.0,6.0
4194,2026-04-14,Paid,Mobile,USA,Basic,First Feature Use,9.0,59.0,7.0,1.0,Analytics dashboard is insightful,4.5,0,0,1,1.0,0.0,6.0,9.0
4195,2026-04-14,Paid,Tablet,India,Free,Landing,1.0,7.0,0.0,0.0,Mobile UI is cluttered,2.4,0,1,0,0.0,0.0,0.0,5.0
4196,2026-01-20,Organic,Mobile,India,Free,Sign-up,4.0,10.0,1.0,0.0,Ok for basic use,3.7,0,1,0,0.0,0.0,0.0,6.0
4197,2025-01-28,Referral,Desktop,USA,Free,First Feature Use,6.0,50.0,4.0,,Decent but not great,3.2,0,1,1,0.0,1.0,0.0,9.0
4198,2026-01-13,Paid,Desktop,India,Basic,Upgrade,19.0,73.0,12.0,1.0,The dashboard analytics are extremely useful,4.3,1,0,1,1.0,0.0,0.0,1.0
4199,2025-12-09,Organic,Mobile,USA,Free,Sign-up,2.0,17.0,1.0,0.0,Missing basic integrations,1.0,0,1,0,0.0,0.0,0.0,6.0
4200,2025-07-10,Paid,Desktop,USA,Basic,Onboarding,5.0,38.0,3.0,1.0,Learning curve is medium,3.4,0,0,1,0.0,0.0,5.0,10.0
4201,2025-02-18,Organic,Tablet,USA,Free,Onboarding,4.0,28.0,3.0,3.0,Ok for basic use,4.0,0,1,1,1.0,0.0,0.0,7.0
4202,2026-04-21,Paid,Mobile,India,Free,Sign-up,4.0,21.0,0.0,0.0,Learning curve is medium,2.8,0,1,0,0.0,0.0,0.0,5.0
4203,2025-04-28,Organic,Desktop,USA,Free,Landing,1.0,13.0,0.0,0.0,UI feels outdated,1.8,0,1,0,0.0,0.0,0.0,2.0
4204,2026-05-09,Paid,Mobile,USA,Free,Landing,1.0,13.0,0.0,0.0,Pricing feels too expensive,1.4,0,1,0,0.0,0.0,0.0,6.0
4205,2025-09-02,Organic,Mobile,Canada,Basic,First Feature Use,8.0,58.0,5.0,,Similar to other tools,2.7,0,1,1,1.0,0.0,0.0,3.0
4206,2025-01-02,Referral,Desktop,USA,Free,Onboarding,4.0,33.0,3.0,1.0,Could be better but not terrible,3.9,0,1,1,1.0,0.0,0.0,9.0
4207,2025-12-12,Organic,Tablet,Germany,Free,Landing,2.0,5.0,0.0,0.0,Mobile app crashes while exporting reports,2.2,0,1,0,1.0,0.0,0.0,6.0
4208,2025-09-18,Paid,Desktop,USA,Free,Landing,2.0,11.0,0.0,0.0,UI feels outdated,1.8,0,1,0,0.0,0.0,0.0,3.0
4209,2026-04-22,Organic,Mobile,India,Basic,First Feature Use,8.0,55.0,3.0,0.0,Nothing exceptional,3.0,0,1,1,0.0,0.0,0.0,5.0
4210,2025-09-02,Referral,Mobile,India,Free,Sign-up,3.0,22.0,1.0,0.0,Similar to other tools,3.2,0,1,0,1.0,0.0,0.0,8.0
4211,2025-02-27,Paid,Desktop,Germany,Free,Landing,1.0,12.0,0.0,1.0,Mobile UI is cluttered,1.7,0,1,0,0.0,0.0,0.0,2.0
4212,2025-12-02,Organic,Mobile,Canada,Free,Landing,1.0,12.0,0.0,,No dark mode,1.3,0,1,0,0.0,0.0,0.0,1.0
4213,2025-01-30,Referral,Tablet,Germany,Basic,Onboarding,3.0,29.0,1.0,0.0,Room for improvement in UI,3.1,0,0,1,0.0,0.0,10.0,7.0
4214,2025-12-09,Organic,Mobile,USA,Free,Landing,2.0,12.0,0.0,0.0,No dark mode,2.5,0,1,0,0.0,0.0,0.0,2.0
4215,2025-01-28,Paid,Mobile,India,Free,First Feature Use,7.0,68.0,6.0,0.0,Will decide after trial ends,3.8,0,1,1,2.0,0.0,0.0,4.0
4216,2026-01-05,Paid,Mobile,India,Free,First Feature Use,9.0,46.0,6.0,1.0,Integration with Slack was seamless,4.8,0,1,1,0.0,0.0,0.0,5.0
4217,2026-03-12,Organic,Mobile,USA,Basic,Upgrade,22.0,88.0,14.0,0.0,Simple and effective design,4.9,1,0,1,1.0,0.0,0.0,17.0
4218,2025-10-23,Referral,Desktop,Germany,Free,Sign-up,3.0,17.0,1.0,0.0,"Works as expected, nothing special",3.1,0,1,0,0.0,,0.0,7.0
4219,2026-01-11,,Mobile,USA,Free,Landing,1.0,5.0,0.0,0.0,Missing basic integrations,1.3,0,1,0,1.0,0.0,0.0,
4220,2025-10-23,Organic,Desktop,USA,Premium,Upgrade,12.0,143.0,11.0,1.0,Great value for money,4.6,1,0,1,0.0,1.0,0.0,19.0
4221,2025-08-02,Referral,Mobile,USA,Basic,Onboarding,5.0,22.0,1.0,0.0,Need more time before upgrading,3.1,0,0,1,1.0,0.0,9.0,3.0
4222,2026-03-17,Paid,Mobile,UK,Free,Onboarding,7.0,23.0,3.0,1.0,Needs a few more integrations,2.6,0,1,1,1.0,0.0,0.0,8.0
4223,2026-03-26,Organic,Desktop,UK,Free,Onboarding,6.0,42.0,1.0,0.0,Room for improvement in UI,3.2,0,1,1,0.0,0.0,0.0,7.0
4224,2025-02-27,Organic,Mobile,UK,Free,Sign-up,2.0,14.0,0.0,0.0,No dark mode,2.3,0,1,0,1.0,0.0,0.0,1.0
4225,2025-01-29,Paid,Desktop,USA,Basic,Onboarding,3.0,,1.0,1.0,Need more time before upgrading,3.9,0,0,1,1.0,1.0,7.0,13.0
4226,2025-05-03,Organic,Desktop,UK,Free,Landing,1.0,6.0,,0.0,Customer support unhelpful,1.6,0,1,0,0.0,0.0,0.0,1.0
4227,2025-09-30,Referral,Desktop,Germany,Basic,Upgrade,16.0,89.0,15.0,0.0,Very intuitive UI,4.0,1,0,1,0.0,2.0,0.0,28.0
4228,2025-01-03,Paid,Mobile,USA,Free,Landing,2.0,9.0,0.0,0.0,Mobile UI is cluttered,2.1,0,1,0,0.0,0.0,0.0,5.0
4229,2026-03-14,Organic,Desktop,UK,Free,Landing,2.0,7.0,0.0,0.0,Support response time is slow,1.4,0,1,0,0.0,0.0,0.0,1.0
4230,2025-03-14,Organic,Tablet,USA,Free,Landing,1.0,8.0,0.0,0.0,Mobile UI is cluttered,2.2,0,1,0,0.0,0.0,0.0,2.0
4231,2026-03-16,Paid,Mobile,USA,Basic,Onboarding,5.0,23.0,2.0,0.0,Need more time before upgrading,3.1,0,0,1,0.0,0.0,7.0,11.0
4232,2025-04-25,Organic,Desktop,UK,Free,Sign-up,3.0,14.0,1.0,0.0,Works most of the time,3.1,0,1,0,0.0,1.0,,7.0
4233,2025-05-31,Paid,Mobile,USA,Free,Landing,1.0,11.0,0.0,0.0,Cannot customize reports enough,2.1,0,1,0,0.0,0.0,0.0,1.0
4234,2025-08-27,Referral,Mobile,India,Premium,Upgrade,13.0,88.0,,2.0,The mobile app is surprisingly good,4.9,1,0,1,2.0,0.0,0.0,20.0
4235,2025-08-03,Paid,Mobile,India,Free,Onboarding,5.0,25.0,3.0,1.0,Needs a few more integrations,3.0,0,1,1,0.0,0.0,0.0,13.0
4236,2026-04-06,Organic,Tablet,USA,Basic,First Feature Use,5.0,34.0,4.0,1.0,"Works as expected, nothing special",3.0,0,1,1,1.0,0.0,0.0,11.0
4237,2025-05-06,Organic,Desktop,USA,Free,Sign-up,4.0,24.0,0.0,0.0,Still exploring features,3.6,0,1,0,1.0,0.0,0.0,2.0
4238,2025-01-08,Paid,Mobile,Germany,Free,Sign-up,4.0,,1.0,0.0,Works most of the time,2.7,0,1,0,1.0,0.0,0.0,3.0
4239,2026-02-15,Paid,Mobile,USA,Free,Landing,2.0,7.0,0.0,0.0,Billing system is confusing,1.9,0,1,0,0.0,0.0,0.0,4.0
4240,2025-11-21,Paid,Tablet,UK,Free,Onboarding,7.0,41.0,1.0,0.0,Works most of the time,3.4,0,1,1,1.0,1.0,0.0,9.0
4241,2025-02-28,Organic,Mobile,Germany,Free,Sign-up,3.0,14.0,1.0,2.0,Not blown away but not disappointed,3.1,0,1,0,0.0,1.0,0.0,8.0
4242,2026-02-09,Referral,Mobile,Germany,Basic,Upgrade,11.0,149.0,11.0,0.0,Best SaaS tool I've used,4.2,1,0,1,0.0,0.0,0.0,26.0
4243,2025-09-11,Organic,Desktop,UK,Free,Onboarding,3.0,30.0,1.0,1.0,Basic features work fine so far,2.5,0,1,1,0.0,3.0,0.0,2.0
4244,2025-08-21,Paid,Desktop,USA,Free,First Feature Use,8.0,33.0,3.0,1.0,Average experience so far,3.0,0,1,1,0.0,0.0,0.0,13.0
4245,2025-01-21,Paid,Mobile,USA,Free,Landing,1.0,6.0,0.0,0.0,UI feels outdated,1.2,0,1,0,,0.0,0.0,3.0
4246,2025-10-16,Paid,Mobile,USA,Basic,Onboarding,6.0,31.0,3.0,0.0,Needs a few more integrations,3.0,0,0,1,1.0,0.0,5.0,12.0
4247,2025-03-25,Organic,Tablet,India,Free,Sign-up,2.0,19.0,0.0,0.0,Mobile UI is cluttered,1.9,0,1,0,1.0,0.0,0.0,1.0
4248,2026-02-28,Paid,Tablet,USA,Free,Onboarding,3.0,42.0,2.0,0.0,Nothing exceptional,3.5,0,1,1,2.0,0.0,0.0,4.0
4249,2025-09-09,Organic,Mobile,Germany,Free,Landing,2.0,14.0,0.0,0.0,Support response time is slow,2.4,0,1,0,0.0,0.0,0.0,6.0
4250,2026-03-08,Paid,Mobile,UK,Free,Landing,2.0,12.0,0.0,0.0,Trial period too short,2.0,0,1,0,0.0,0.0,0.0,6.0
4251,2025-08-17,Organic,Mobile,USA,Free,Sign-up,2.0,13.0,1.0,0.0,Data sync is unreliable,1.3,0,1,0,0.0,0.0,0.0,7.0
4252,2026-04-04,Organic,Mobile,USA,Free,Onboarding,7.0,21.0,1.0,0.0,Will evaluate again next month,3.8,0,1,1,0.0,,0.0,11.0
4253,2025-08-19,Organic,Desktop,UK,Free,Landing,1.0,9.0,0.0,0.0,Email notifications are spammy,2.3,0,1,0,0.0,0.0,0.0,5.0
4254,2025-02-18,Referral,Mobile,USA,Free,First Feature Use,7.0,37.0,6.0,0.0,Need more time before upgrading,3.8,0,1,1,0.0,0.0,0.0,17.0
4255,2025-10-07,Paid,Desktop,India,Free,Onboarding,7.0,32.0,1.0,0.0,Works most of the time,3.6,0,1,1,1.0,0.0,0.0,3.0
4256,2025-12-08,Paid,Desktop,Germany,Basic,Upgrade,19.0,89.0,,0.0,The dashboard analytics are extremely useful,4.5,1,0,1,0.0,0.0,0.0,19.0
4257,2026-03-10,Paid,Desktop,Canada,Premium,Upgrade,16.0,98.0,19.0,2.0,Best SaaS tool I've used,4.5,1,0,1,0.0,1.0,0.0,24.0
4258,2025-01-22,Referral,Tablet,India,Free,Onboarding,3.0,38.0,3.0,0.0,Room for improvement in UI,3.4,0,1,1,0.0,0.0,0.0,
4259,2025-06-19,Organic,Mobile,Germany,Free,Onboarding,4.0,34.0,3.0,0.0,Nothing exceptional,3.7,0,1,1,0.0,0.0,0.0,3.0
4260,2025-12-31,Paid,Mobile,UK,Free,Onboarding,4.0,20.0,3.0,2.0,Haven't used all features yet,3.4,0,1,1,0.0,0.0,0.0,8.0
4261,2026-01-13,Paid,Desktop,USA,Free,First Feature Use,5.0,44.0,4.0,0.0,Decent but not great,2.8,0,1,1,2.0,0.0,0.0,5.0
4262,2025-06-16,Organic,Desktop,India,Free,Landing,1.0,7.0,0.0,0.0,Mobile UI is cluttered,2.5,0,1,0,,0.0,0.0,3.0
4263,2026-03-20,Organic,Mobile,USA,Free,Landing,1.0,12.0,0.0,0.0,Pricing feels too expensive,1.9,0,1,0,0.0,0.0,0.0,
4264,2025-06-06,Organic,Desktop,USA,Free,First Feature Use,10.0,59.0,7.0,2.0,Simple and effective design,4.2,0,1,1,0.0,0.0,0.0,2.0
4265,2025-05-23,Organic,Mobile,India,Free,Sign-up,3.0,20.0,1.0,0.0,Good enough for my use case,2.7,0,1,0,1.0,0.0,0.0,8.0
4266,2025-03-15,Organic,Mobile,Canada,Premium,Upgrade,13.0,70.0,15.0,0.0,Worth every penny,4.5,1,0,1,0.0,1.0,0.0,15.0
4267,2026-04-20,Organic,Mobile,UK,Free,Onboarding,6.0,30.0,3.0,0.0,Standard SaaS experience,3.1,0,1,1,0.0,1.0,0.0,11.0
4268,2025-07-25,Paid,Tablet,USA,Free,Onboarding,7.0,30.0,2.0,0.0,Learning curve is medium,3.6,0,1,1,2.0,0.0,0.0,13.0
4269,2025-12-27,Organic,Mobile,UK,Free,Sign-up,4.0,22.0,1.0,0.0,"Works as expected, nothing special",3.1,0,1,0,1.0,0.0,0.0,1.0
4270,2026-04-16,Organic,Mobile,USA,Free,First Feature Use,8.0,30.0,4.0,0.0,Nothing exceptional,3.6,0,1,1,1.0,0.0,0.0,16.0
4271,2025-04-03,Referral,Tablet,USA,Free,First Feature Use,11.0,61.0,5.0,3.0,Mobile experience is smooth,4.7,0,1,1,0.0,0.0,0.0,16.0
4272,2025-06-10,Paid,Desktop,Germany,Free,Sign-up,3.0,23.0,0.0,0.0,Will decide after trial ends,2.7,0,1,0,0.0,0.0,0.0,6.0
4273,2025-02-10,Organic,Desktop,USA,Free,Sign-up,2.0,18.0,0.0,0.0,Feature X is broken for weeks,1.7,0,1,0,1.0,0.0,0.0,4.0
4274,2025-08-29,Paid,Mobile,USA,Free,First Feature Use,10.0,68.0,3.0,0.0,Love how everything is customisable,4.4,0,1,1,1.0,1.0,0.0,4.0
4275,2025-11-07,Organic,Mobile,India,Free,First Feature Use,10.0,68.0,5.0,0.0,Integration with Slack was seamless,,0,1,1,1.0,0.0,0.0,9.0
4276,2025-09-03,Organic,Mobile,USA,Free,Sign-up,4.0,12.0,0.0,0.0,Works most of the time,3.7,0,1,0,0.0,0.0,0.0,6.0
4277,2025-01-16,Organic,Desktop,India,Premium,Upgrade,22.0,133.0,7.0,0.0,Love how everything is customisable,4.8,1,0,1,1.0,0.0,0.0,17.0
4278,2025-01-31,Referral,Desktop,UK,Free,First Feature Use,10.0,32.0,4.0,0.0,Analytics dashboard is insightful,4.2,0,1,1,0.0,1.0,0.0,11.0
4279,2026-02-09,Paid,Desktop,India,Free,Landing,2.0,5.0,0.0,0.0,Pricing too high for small businesses,2.4,0,1,0,0.0,0.0,0.0,5.0
4280,2025-11-07,Paid,Desktop,USA,Free,Onboarding,3.0,21.0,3.0,0.0,Ok for basic use,3.8,0,1,1,0.0,0.0,0.0,
4281,2025-07-01,Referral,Mobile,USA,Basic,Onboarding,3.0,29.0,2.0,0.0,Could be better but not terrible,3.5,0,0,1,1.0,2.0,12.0,7.0
4282,2025-07-02,Referral,Desktop,USA,Free,First Feature Use,9.0,60.0,3.0,0.0,Great value for money,4.5,0,1,1,1.0,0.0,0.0,9.0
4283,2025-07-17,Paid,Mobile,India,Free,Landing,2.0,5.0,0.0,0.0,Email notifications are spammy,1.8,0,1,0,0.0,0.0,0.0,3.0
4284,2025-05-29,Paid,Mobile,USA,Free,Sign-up,3.0,23.0,1.0,0.0,Haven't used all features yet,3.7,0,1,0,0.0,0.0,0.0,5.0
4285,2026-04-02,Organic,Mobile,USA,Free,Landing,2.0,11.0,0.0,0.0,Dashboard loads slowly,1.6,0,1,0,0.0,,0.0,3.0
4286,2025-12-31,Organic,Desktop,Canada,Free,Onboarding,4.0,30.0,1.0,1.0,Learning curve is medium,2.8,0,1,1,0.0,0.0,0.0,7.0
4287,2025-08-17,Paid,Desktop,USA,Premium,Upgrade,12.0,117.0,10.0,0.0,Love how everything is customisable,4.8,1,0,1,1.0,0.0,0.0,16.0
4288,2026-04-07,Paid,Mobile,India,Basic,Upgrade,,93.0,16.0,0.0,Worth every penny,4.9,1,0,1,1.0,1.0,0.0,25.0
4289,2025-06-10,Referral,Mobile,India,Free,First Feature Use,8.0,57.0,6.0,0.0,No strong opinion yet,,0,1,1,0.0,0.0,0.0,6.0
4290,2026-03-18,Organic,Mobile,Germany,Free,Landing,1.0,11.0,0.0,0.0,Support response time is slow,1.5,0,1,0,0.0,0.0,0.0,2.0
4291,2025-10-20,Paid,Tablet,Germany,Free,Onboarding,7.0,30.0,1.0,0.0,Could be better but not terrible,2.9,0,1,1,0.0,0.0,0.0,6.0
4292,2025-01-25,Paid,Desktop,UK,Free,First Feature Use,11.0,55.0,7.0,0.0,Great value for money,4.4,0,1,1,0.0,2.0,0.0,6.0
4293,2025-09-09,Organic,Tablet,India,Basic,Upgrade,15.0,81.0,7.0,0.0,Mobile experience is smooth,4.5,1,0,1,0.0,0.0,,6.0
4294,2025-05-15,Paid,Desktop,UK,Free,Sign-up,2.0,18.0,0.0,0.0,Missing key features compared to competitors,2.4,0,1,0,0.0,0.0,0.0,9.0
4295,2025-05-22,Paid,Mobile,USA,Free,Landing,2.0,5.0,,0.0,Trial period too short,1.4,0,1,0,1.0,0.0,0.0,6.0
4296,2026-04-06,Paid,Mobile,USA,Basic,Onboarding,7.0,37.0,1.0,1.0,Still evaluating whether premium is worth it,3.2,0,0,1,1.0,0.0,13.0,4.0
4297,2025-05-06,Paid,Mobile,USA,Premium,Upgrade,21.0,114.0,10.0,1.0,Very intuitive UI,4.0,1,0,1,0.0,0.0,0.0,23.0
4298,2025-04-02,Organic,Mobile,USA,Free,Sign-up,2.0,22.0,0.0,0.0,Steep learning curve,1.1,0,1,0,0.0,0.0,0.0,4.0
4299,2026-03-27,,Mobile,India,Free,Onboarding,5.0,40.0,1.0,0.0,Average experience so far,3.6,0,1,1,0.0,0.0,0.0,6.0
4300,2025-04-29,Paid,Mobile,Canada,Free,Sign-up,2.0,10.0,0.0,0.0,Steep learning curve,2.3,0,1,0,1.0,1.0,0.0,2.0
4301,2025-05-28,Paid,Desktop,Germany,Free,Landing,2.0,14.0,0.0,0.0,Missing basic integrations,2.1,0,1,0,1.0,0.0,0.0,1.0
4302,2025-07-02,Paid,Mobile,USA,Free,Sign-up,4.0,20.0,0.0,1.0,Could be better but not terrible,3.3,0,1,0,0.0,0.0,0.0,8.0
4303,2025-04-24,Organic,Mobile,USA,Free,First Feature Use,9.0,45.0,7.0,0.0,Saves me hours every week,4.8,0,1,1,0.0,0.0,0.0,9.0
4304,2025-08-06,Organic,Desktop,India,Free,Sign-up,2.0,17.0,1.0,0.0,Missing basic integrations,1.5,0,1,0,0.0,0.0,0.0,5.0
4305,2026-01-24,Organic,Mobile,USA,Free,First Feature Use,7.0,49.0,3.0,0.0,Ok for basic use,3.9,0,1,1,,1.0,0.0,12.0
4306,2025-12-05,Organic,Desktop,India,Free,Landing,1.0,8.0,0.0,0.0,Too many steps during setup process,1.6,0,1,0,0.0,0.0,0.0,1.0
4307,2025-07-03,Paid,Desktop,India,Basic,Upgrade,12.0,129.0,,0.0,The API documentation is clear,4.7,1,0,1,0.0,1.0,0.0,28.0
4308,2026-04-18,Referral,Mobile,UK,Premium,Upgrade,13.0,110.0,16.0,0.0,Mobile experience is smooth,4.2,1,0,1,3.0,1.0,0.0,9.0
4309,2025-11-17,Organic,Desktop,USA,Free,First Feature Use,10.0,43.0,5.0,0.0,Saves me hours every week,4.6,0,1,1,0.0,0.0,0.0,19.0
4310,2025-07-02,Organic,Mobile,USA,Free,Landing,2.0,11.0,0.0,0.0,Customer support unhelpful,1.6,0,1,0,0.0,0.0,0.0,6.0
4311,2026-04-24,Organic,Mobile,USA,Free,Landing,2.0,8.0,0.0,0.0,No dark mode,2.0,0,1,0,0.0,0.0,0.0,1.0
4312,2026-03-11,Organic,Mobile,UK,Free,Landing,1.0,8.0,,0.0,Pricing feels too expensive,,0,1,0,0.0,0.0,0.0,1.0
4313,2025-06-11,Paid,Tablet,Canada,Free,Onboarding,6.0,43.0,2.0,1.0,Will evaluate again next month,2.7,0,1,1,0.0,,0.0,10.0
4314,2025-02-25,Referral,Mobile,USA,Free,First Feature Use,6.0,63.0,4.0,0.0,Decent but not great,3.6,0,1,1,0.0,0.0,0.0,8.0
4315,2025-04-28,Referral,Mobile,USA,Basic,Upgrade,14.0,138.0,13.0,0.0,Saves me hours every week,4.8,1,0,1,0.0,0.0,0.0,27.0
4316,2026-03-12,Organic,Desktop,UK,Free,Onboarding,3.0,35.0,3.0,0.0,No strong opinion yet,3.9,0,1,1,0.0,0.0,0.0,8.0
4317,2025-07-19,Referral,Mobile,USA,Free,Sign-up,4.0,19.0,1.0,,Good enough for my use case,3.7,0,1,0,0.0,0.0,0.0,4.0
4318,2025-06-23,Organic,Mobile,Germany,Free,Onboarding,3.0,35.0,2.0,0.0,Not blown away but not disappointed,3.4,0,1,1,1.0,0.0,,11.0
4319,2025-01-14,Paid,Desktop,USA,Basic,First Feature Use,7.0,34.0,3.0,1.0,Ok for basic use,2.5,0,0,1,1.0,1.0,6.0,6.0
4320,2025-05-23,Paid,Mobile,Canada,Free,Onboarding,4.0,29.0,1.0,,Average experience so far,3.4,0,1,1,0.0,0.0,0.0,10.0
4321,2025-10-13,Paid,Desktop,Germany,Free,Landing,,6.0,0.0,0.0,Support response time is slow,1.8,0,1,0,0.0,,0.0,5.0
4322,2025-10-28,Organic,Desktop,Germany,Free,Sign-up,4.0,22.0,0.0,0.0,Average experience so far,3.7,0,1,0,2.0,0.0,0.0,6.0
4323,2025-09-24,Organic,Desktop,USA,Premium,Upgrade,18.0,69.0,8.0,0.0,Data export works perfectly,4.5,1,0,1,0.0,0.0,0.0,18.0
4324,2025-02-04,Paid,Tablet,USA,Free,Onboarding,4.0,36.0,3.0,0.0,Room for improvement in UI,3.4,0,1,1,2.0,0.0,0.0,7.0
4325,2025-02-10,Organic,Desktop,India,Free,Landing,1.0,13.0,0.0,0.0,No offline access,2.2,0,1,0,0.0,0.0,0.0,3.0
4326,2026-02-28,Organic,Desktop,India,Free,First Feature Use,7.0,53.0,6.0,1.0,Works most of the time,2.7,0,1,1,0.0,1.0,,7.0
4327,2025-04-20,Paid,Desktop,India,Premium,Upgrade,19.0,93.0,7.0,1.0,Feature updates are frequent and useful,4.3,1,0,1,1.0,0.0,0.0,10.0
4328,2025-11-17,Paid,Tablet,USA,Basic,First Feature Use,11.0,37.0,6.0,0.0,Customer support was excellent,4.1,0,0,1,0.0,1.0,1.0,4.0
4329,2025-04-11,Paid,Tablet,USA,Free,Landing,1.0,7.0,0.0,0.0,Missing key features compared to competitors,1.8,0,1,0,0.0,0.0,0.0,1.0
4330,2025-06-09,Organic,Desktop,Canada,Free,Landing,1.0,11.0,0.0,0.0,Mobile app crashes while exporting reports,1.9,0,1,0,0.0,0.0,0.0,4.0
4331,2026-01-08,Referral,Mobile,USA,Free,Sign-up,3.0,23.0,0.0,0.0,Not sure if I'll continue,3.9,0,1,0,0.0,0.0,0.0,4.0
4332,2025-06-09,,Desktop,USA,Free,First Feature Use,5.0,46.0,3.0,0.0,Nothing exceptional,3.4,0,1,1,,1.0,0.0,10.0
4333,2025-08-07,Referral,Mobile,USA,Free,Onboarding,4.0,40.0,3.0,1.0,Standard SaaS experience,3.3,0,1,1,1.0,0.0,0.0,2.0
4334,2025-01-21,Organic,Mobile,India,Free,Onboarding,6.0,31.0,3.0,0.0,Still exploring features,3.0,0,1,1,0.0,0.0,0.0,1.0
4335,2025-02-19,Paid,Mobile,USA,Free,First Feature Use,9.0,66.0,6.0,2.0,Analytics dashboard is insightful,4.8,0,1,1,2.0,0.0,0.0,19.0
4336,2025-12-21,Referral,Tablet,UK,Free,Landing,2.0,10.0,,0.0,Too many bugs on mobile,2.3,0,1,0,1.0,0.0,0.0,1.0
4337,2025-12-04,Organic,Mobile,USA,Free,Sign-up,4.0,23.0,1.0,0.0,No strong opinion yet,2.7,0,1,0,0.0,0.0,0.0,5.0
4338,2025-12-01,Organic,Desktop,USA,Free,First Feature Use,8.0,38.0,7.0,0.0,No strong opinion yet,3.6,0,1,1,0.0,0.0,0.0,12.0
4339,2025-08-07,Organic,Desktop,India,Free,Sign-up,4.0,16.0,1.0,1.0,Still exploring features,3.9,0,1,0,1.0,1.0,0.0,1.0
4340,2026-04-15,Organic,Mobile,USA,Basic,Onboarding,6.0,37.0,3.0,1.0,"Works as expected, nothing special",3.0,0,0,1,0.0,0.0,14.0,3.0
4341,2025-12-19,Paid,Desktop,USA,Free,Sign-up,4.0,14.0,0.0,0.0,Still exploring features,2.5,0,1,0,0.0,0.0,0.0,5.0
4342,2025-03-26,Organic,Desktop,UK,Free,Sign-up,3.0,20.0,0.0,0.0,Standard SaaS experience,3.6,0,1,0,0.0,0.0,0.0,9.0
4343,2026-01-22,Referral,Desktop,USA,Free,Onboarding,3.0,20.0,2.0,0.0,Works most of the time,2.9,0,1,1,0.0,0.0,0.0,11.0
4344,2025-03-11,Paid,Mobile,USA,Free,First Feature Use,7.0,68.0,3.0,1.0,Need more time before upgrading,2.9,0,1,1,0.0,0.0,0.0,11.0
4345,2025-10-14,Organic,Mobile,Germany,Free,Landing,2.0,6.0,0.0,0.0,Support response time is slow,2.0,0,1,0,0.0,0.0,0.0,6.0
4346,2025-09-22,Referral,Desktop,Germany,Free,First Feature Use,10.0,41.0,6.0,0.0,Great value for money,4.3,0,1,1,2.0,0.0,0.0,8.0
4347,2025-10-15,Organic,Mobile,USA,Free,Landing,1.0,5.0,0.0,0.0,Export functionality is limited,1.8,0,1,0,0.0,0.0,0.0,5.0
4348,2025-01-24,Organic,Mobile,USA,Free,Onboarding,7.0,37.0,3.0,2.0,Average experience so far,3.3,0,1,1,0.0,0.0,0.0,2.0
4349,2025-01-08,Organic,Mobile,USA,Free,Landing,1.0,8.0,0.0,1.0,Mobile UI is cluttered,1.3,0,1,0,0.0,0.0,0.0,1.0
4350,2025-09-23,Paid,Desktop,Germany,Free,First Feature Use,9.0,60.0,3.0,0.0,Very intuitive UI,4.8,0,1,1,0.0,0.0,0.0,10.0
4351,2025-09-24,Organic,Mobile,UK,Free,First Feature Use,9.0,50.0,6.0,3.0,Love how everything is customisable,4.1,0,1,1,2.0,0.0,0.0,5.0
4352,2025-11-06,Paid,Desktop,USA,Premium,Upgrade,11.0,93.0,18.0,1.0,Analytics dashboard is insightful,5.0,1,0,1,0.0,,0.0,5.0
4353,2025-11-01,Organic,Tablet,Germany,Free,Onboarding,5.0,40.0,2.0,2.0,Still exploring features,2.9,0,1,1,1.0,0.0,0.0,6.0
4354,2026-04-09,Referral,Desktop,UK,Free,Sign-up,2.0,24.0,1.0,,Pricing feels too expensive,2.5,0,1,0,1.0,0.0,0.0,2.0
4355,2026-04-10,Paid,Mobile,USA,Free,Sign-up,4.0,20.0,1.0,0.0,"Works as expected, nothing special",2.9,0,1,0,1.0,0.0,0.0,4.0
4356,2025-02-20,Organic,Mobile,USA,Free,Sign-up,4.0,11.0,1.0,0.0,Needs a few more integrations,2.9,0,1,0,2.0,0.0,0.0,4.0
4357,2025-12-31,Paid,Mobile,USA,Free,First Feature Use,8.0,41.0,,0.0,Nothing exceptional,3.5,0,1,1,1.0,0.0,0.0,3.0
4358,2025-08-05,,Mobile,Canada,Free,First Feature Use,8.0,30.0,7.0,2.0,Basic features work fine so far,3.7,0,1,1,0.0,0.0,0.0,11.0
4359,2025-05-20,Organic,Mobile,India,Free,First Feature Use,10.0,41.0,6.0,0.0,Reporting module saves a lot of time,4.1,0,1,1,1.0,0.0,0.0,19.0
4360,2025-11-25,Organic,Mobile,USA,Free,First Feature Use,,48.0,4.0,0.0,Love the reporting features,4.3,0,1,1,0.0,0.0,0.0,16.0
4361,2025-11-27,Organic,Desktop,UK,Free,Landing,2.0,8.0,0.0,0.0,Dashboard loads slowly,2.1,0,1,0,1.0,0.0,0.0,5.0
4362,2025-04-21,Referral,Tablet,UK,Basic,First Feature Use,7.0,39.0,6.0,0.0,Not sure if I'll continue,2.8,0,0,1,0.0,1.0,1.0,14.0
4363,2026-02-16,Paid,Tablet,USA,Basic,Upgrade,10.0,91.0,9.0,0.0,The API documentation is clear,4.0,1,0,1,1.0,0.0,0.0,8.0
4364,2025-12-02,Organic,Mobile,USA,Free,Sign-up,4.0,18.0,1.0,0.0,Standard SaaS experience,3.3,0,1,0,0.0,0.0,0.0,5.0
4365,2026-03-15,Organic,Desktop,UK,Free,First Feature Use,7.0,59.0,6.0,1.0,Learning curve is medium,2.7,0,1,1,0.0,0.0,0.0,12.0
4366,2025-03-30,Paid,Mobile,USA,Premium,Upgrade,19.0,143.0,9.0,0.0,Real-time sync is fast,4.6,1,0,1,0.0,0.0,0.0,29.0
4367,2025-09-11,Paid,Desktop,USA,Free,First Feature Use,8.0,65.0,5.0,1.0,Decent but not great,2.5,0,1,1,1.0,1.0,0.0,8.0
4368,2025-02-12,Paid,Mobile,USA,Basic,Onboarding,6.0,40.0,2.0,0.0,Will evaluate again next month,2.6,0,0,1,0.0,0.0,12.0,12.0
4369,2025-01-29,Referral,Tablet,USA,Free,Onboarding,3.0,20.0,1.0,0.0,Basic features work fine so far,3.4,0,1,1,0.0,0.0,0.0,6.0
4370,2026-03-08,Organic,Desktop,UK,Free,First Feature Use,5.0,46.0,4.0,0.0,Meets minimum requirements,3.7,0,1,1,0.0,0.0,0.0,13.0
4371,2025-09-23,Organic,Mobile,USA,Free,Sign-up,2.0,11.0,1.0,,Support response time is slow,2.2,0,1,0,0.0,0.0,0.0,9.0
4372,2025-05-16,Organic,Desktop,UK,Basic,Onboarding,4.0,40.0,3.0,0.0,Room for improvement in UI,2.5,0,0,1,1.0,0.0,10.0,12.0
4373,2026-04-16,Referral,Desktop,USA,Free,Landing,2.0,11.0,0.0,0.0,The onboarding tutorial was confusing,1.2,0,1,0,0.0,0.0,0.0,4.0
4374,2026-03-28,Organic,Mobile,India,Free,Landing,1.0,8.0,0.0,0.0,Pricing too high for small businesses,1.5,0,1,0,0.0,0.0,,4.0
4375,2026-02-03,Organic,Desktop,USA,Free,Sign-up,,17.0,0.0,0.0,UI feels outdated,2.4,0,1,0,0.0,1.0,0.0,1.0
4376,2025-09-05,Paid,Desktop,UK,Free,Sign-up,2.0,10.0,0.0,0.0,Mobile UI is cluttered,1.2,0,1,0,0.0,0.0,0.0,5.0
4377,2025-06-27,Organic,Desktop,UK,Free,Onboarding,5.0,41.0,1.0,0.0,Works most of the time,3.8,0,1,1,1.0,0.0,0.0,4.0
4378,2026-03-26,Organic,Desktop,India,Free,Landing,2.0,9.0,0.0,0.0,Pricing too high for small businesses,1.6,0,1,0,0.0,0.0,0.0,4.0
4379,2025-09-15,Paid,Desktop,India,Free,Onboarding,7.0,31.0,3.0,0.0,"Works as expected, nothing special",3.6,0,1,1,0.0,1.0,0.0,1.0
4380,2025-05-19,Organic,Desktop,USA,Free,Landing,1.0,8.0,0.0,0.0,Pricing feels too expensive,1.1,0,1,0,1.0,0.0,0.0,5.0
4381,2025-05-11,Organic,Tablet,Canada,Free,Landing,2.0,11.0,0.0,0.0,The onboarding tutorial was confusing,2.3,0,1,0,0.0,0.0,0.0,6.0
4382,2025-07-03,Paid,Mobile,India,Free,First Feature Use,6.0,56.0,3.0,0.0,"Works as expected, nothing special",3.7,0,1,1,1.0,0.0,0.0,2.0
4383,2025-08-14,Organic,Mobile,UK,Free,Landing,1.0,13.0,,0.0,Pricing too high for small businesses,2.2,0,1,0,0.0,0.0,0.0,3.0
4384,2025-05-26,Organic,Desktop,Germany,Free,Sign-up,2.0,21.0,0.0,0.0,No dark mode,1.1,0,1,0,0.0,0.0,0.0,8.0
4385,2025-10-02,Referral,Tablet,USA,Free,Onboarding,6.0,30.0,2.0,0.0,"Works as expected, nothing special",3.7,0,1,1,0.0,0.0,0.0,2.0
4386,2025-09-16,Organic,Mobile,USA,Premium,Upgrade,23.0,121.0,9.0,0.0,Helped our team productivity,4.8,1,0,1,0.0,0.0,0.0,16.0
4387,2025-02-10,Paid,Mobile,India,Free,Onboarding,5.0,23.0,3.0,0.0,It's fine for now,3.0,0,1,1,1.0,0.0,0.0,10.0
4388,2025-01-08,Organic,Mobile,Germany,Free,Sign-up,2.0,10.0,0.0,0.0,Support response time is slow,2.1,0,1,0,1.0,0.0,0.0,2.0
4389,2025-05-07,Paid,Desktop,USA,Premium,Upgrade,19.0,84.0,18.0,0.0,The dashboard analytics are extremely useful,4.2,1,0,1,0.0,0.0,0.0,25.0
4390,2025-11-07,Organic,Tablet,UK,Free,Sign-up,3.0,24.0,0.0,0.0,Room for improvement in UI,3.7,0,1,0,0.0,0.0,0.0,5.0
4391,2025-10-29,Organic,Mobile,India,Basic,Onboarding,5.0,22.0,3.0,0.0,Still exploring features,3.1,0,0,1,0.0,0.0,10.0,13.0
4392,2025-05-16,Organic,Mobile,Germany,Free,First Feature Use,5.0,43.0,5.0,0.0,Room for improvement in UI,3.9,0,1,1,1.0,1.0,0.0,2.0
4393,2026-04-13,Paid,Tablet,USA,Free,Sign-up,3.0,24.0,0.0,0.0,It's fine for now,3.1,0,1,0,1.0,0.0,0.0,3.0
4394,2026-02-05,Paid,Mobile,USA,Free,Onboarding,3.0,37.0,3.0,2.0,No strong opinion yet,2.6,0,1,1,0.0,0.0,0.0,
4395,2025-07-15,Organic,Desktop,USA,Free,First Feature Use,,44.0,4.0,0.0,Very intuitive UI,4.4,0,1,1,0.0,0.0,0.0,19.0
4396,2026-04-01,Referral,Mobile,UK,Free,Landing,2.0,10.0,0.0,0.0,Billing system is confusing,2.2,0,1,0,,0.0,0.0,
4397,2025-02-18,Organic,Desktop,Germany,Free,Sign-up,2.0,14.0,0.0,0.0,Customer support unhelpful,1.7,0,1,0,1.0,0.0,0.0,3.0
4398,2025-10-20,Paid,Mobile,UK,Free,Sign-up,3.0,19.0,0.0,1.0,Will evaluate again next month,2.9,0,1,0,0.0,0.0,0.0,4.0
4399,2025-11-25,Organic,Desktop,Germany,Free,Landing,2.0,6.0,0.0,0.0,Cannot customize reports enough,1.3,0,1,0,2.0,0.0,0.0,2.0
4400,2025-03-25,Paid,Tablet,India,Free,Landing,1.0,5.0,0.0,0.0,Frequent downtime,2.4,0,1,0,0.0,0.0,0.0,3.0
4401,2026-02-18,Paid,Tablet,UK,Premium,Upgrade,17.0,92.0,18.0,0.0,Feature updates are frequent and useful,4.7,1,0,1,0.0,1.0,0.0,21.0
4402,2025-10-29,Paid,Desktop,USA,Basic,Upgrade,22.0,77.0,8.0,0.0,Support team solved my issue quickly,4.6,1,0,1,2.0,1.0,0.0,9.0
4403,2025-07-09,Organic,Mobile,USA,Free,Landing,1.0,5.0,0.0,0.0,UI feels outdated,1.5,0,1,0,0.0,0.0,0.0,5.0
4404,2025-06-21,Organic,Mobile,USA,Free,Landing,2.0,9.0,,0.0,Too many bugs on mobile,1.1,0,1,0,0.0,0.0,0.0,4.0
4405,2025-07-21,Paid,Mobile,USA,Free,Sign-up,2.0,23.0,1.0,0.0,Steep learning curve,2.0,0,1,0,0.0,0.0,0.0,5.0
4406,2026-04-22,Organic,Tablet,USA,Free,Landing,2.0,9.0,0.0,0.0,Missing basic integrations,1.8,0,1,0,0.0,0.0,0.0,3.0
4407,2026-02-03,Organic,Mobile,USA,Basic,Upgrade,19.0,141.0,7.0,0.0,Customer support was excellent,4.0,1,0,1,0.0,0.0,0.0,23.0
4408,2025-04-22,Organic,Tablet,USA,Free,Landing,2.0,9.0,0.0,0.0,Cannot customize reports enough,1.4,0,1,0,1.0,0.0,0.0,2.0
4409,2026-02-10,Organic,Tablet,UK,Free,Landing,1.0,9.0,0.0,0.0,Too many bugs on mobile,1.5,0,1,0,0.0,0.0,0.0,4.0
4410,2025-06-10,Organic,Desktop,USA,Free,Landing,2.0,13.0,0.0,0.0,No dark mode,1.7,0,1,0,0.0,0.0,0.0,1.0
4411,2025-01-07,Referral,Desktop,India,Free,First Feature Use,8.0,36.0,4.0,0.0,Still evaluating whether premium is worth it,2.6,0,1,1,1.0,0.0,0.0,8.0
4412,2025-06-18,Paid,Tablet,UK,Free,Onboarding,7.0,25.0,2.0,0.0,Average experience so far,3.6,0,1,1,1.0,1.0,0.0,3.0
4413,2025-08-10,Paid,Desktop,India,Free,Landing,1.0,13.0,0.0,0.0,Data sync is unreliable,2.1,0,1,0,0.0,0.0,0.0,6.0
4414,2025-02-20,Organic,Desktop,India,Free,Sign-up,4.0,14.0,1.0,1.0,Basic features work fine so far,3.2,0,1,0,0.0,0.0,0.0,
4415,2025-09-12,Paid,Desktop,India,Premium,Upgrade,11.0,100.0,9.0,0.0,Customer support was excellent,4.5,1,0,1,0.0,0.0,0.0,26.0
4416,2025-02-03,Paid,Mobile,Germany,Free,Landing,2.0,11.0,0.0,0.0,Billing system is confusing,1.9,0,1,0,0.0,0.0,0.0,5.0
4417,2025-07-11,Paid,Desktop,USA,Free,Sign-up,3.0,11.0,,0.0,Average experience so far,3.4,0,1,0,0.0,0.0,0.0,7.0
4418,2025-05-05,Organic,Mobile,USA,Basic,Onboarding,7.0,22.0,2.0,0.0,Need more time before upgrading,,0,0,1,1.0,0.0,7.0,8.0
4419,2025-11-28,Referral,Mobile,USA,Free,Sign-up,2.0,18.0,1.0,0.0,Data sync is unreliable,1.5,0,1,0,0.0,0.0,0.0,5.0
4420,2025-02-11,Paid,Desktop,UK,Free,Onboarding,4.0,42.0,1.0,1.0,Not sure if I'll continue,3.5,0,1,1,0.0,0.0,0.0,1.0
4421,2025-10-13,Referral,Desktop,USA,Free,Onboarding,7.0,,2.0,0.0,Decent but not great,2.9,0,1,1,0.0,0.0,0.0,13.0
4422,2026-03-05,Organic,Mobile,USA,Free,Onboarding,6.0,44.0,2.0,2.0,It's fine for now,3.4,0,1,1,2.0,0.0,0.0,2.0
4423,2025-08-04,Organic,Mobile,USA,Free,Landing,2.0,10.0,0.0,0.0,Mobile app crashes while exporting reports,2.1,0,1,0,,0.0,0.0,6.0
4424,2026-01-26,Organic,Tablet,UK,Free,Onboarding,5.0,28.0,1.0,0.0,Basic features work fine so far,3.6,0,1,1,0.0,0.0,0.0,13.0
4425,2025-08-15,Paid,Desktop,UK,Free,Onboarding,6.0,31.0,3.0,1.0,Not blown away but not disappointed,3.4,0,1,1,0.0,0.0,0.0,8.0
4426,2025-12-13,Organic,Mobile,USA,Free,Onboarding,3.0,44.0,3.0,1.0,Decent but not great,3.9,0,1,1,0.0,0.0,0.0,
4427,2026-04-28,Referral,Tablet,USA,Free,Onboarding,7.0,38.0,2.0,1.0,Good enough for my use case,3.7,0,1,1,1.0,0.0,0.0,9.0
4428,2025-12-20,Referral,Mobile,Germany,Premium,Upgrade,20.0,84.0,10.0,,Data export works perfectly,4.2,1,0,1,0.0,0.0,0.0,22.0
4429,2025-10-17,Paid,Desktop,India,Free,Onboarding,5.0,34.0,1.0,0.0,Not sure if I'll continue,2.5,0,1,1,1.0,,0.0,13.0
4430,2025-07-21,Paid,Desktop,USA,Free,Sign-up,2.0,20.0,1.0,0.0,Frequent downtime,1.6,0,1,0,0.0,0.0,0.0,2.0
4431,2025-11-09,Paid,Tablet,Germany,Basic,Onboarding,4.0,25.0,2.0,0.0,Good enough for my use case,3.3,0,0,1,2.0,1.0,5.0,4.0
4432,2025-12-26,Paid,Desktop,USA,Free,Onboarding,5.0,24.0,1.0,0.0,Will evaluate again next month,3.6,0,1,1,1.0,0.0,0.0,12.0
4433,2025-08-23,Organic,Mobile,USA,Free,Sign-up,3.0,16.0,0.0,0.0,Not blown away but not disappointed,2.8,0,1,0,0.0,0.0,0.0,7.0
4434,2025-01-21,Paid,Desktop,USA,Basic,First Feature Use,10.0,64.0,3.0,0.0,Automated reports are a lifesaver,4.1,0,0,1,0.0,0.0,,15.0
4435,2025-04-26,Referral,Mobile,Germany,Basic,Onboarding,4.0,22.0,2.0,0.0,Still evaluating whether premium is worth it,3.9,0,0,1,0.0,0.0,5.0,2.0
4436,2025-12-12,Organic,Mobile,USA,Free,Sign-up,3.0,17.0,0.0,0.0,"Works as expected, nothing special",2.8,0,1,0,0.0,0.0,0.0,3.0
4437,2025-04-08,Referral,Desktop,USA,Free,Onboarding,7.0,43.0,3.0,0.0,Haven't used all features yet,2.5,0,1,1,0.0,0.0,0.0,
4438,2025-04-12,Organic,Mobile,Germany,Free,Sign-up,3.0,12.0,0.0,0.0,Meets minimum requirements,3.5,0,1,0,2.0,0.0,0.0,5.0
4439,2025-08-07,Organic,Mobile,UK,Free,Sign-up,3.0,23.0,1.0,0.0,Good enough for my use case,2.8,0,1,0,1.0,0.0,0.0,9.0
4440,2026-03-09,Organic,Mobile,India,Free,Landing,1.0,14.0,0.0,0.0,Billing system is confusing,1.0,0,1,0,0.0,0.0,,6.0
4441,2025-06-19,Organic,Desktop,USA,Free,Onboarding,7.0,,3.0,0.0,Haven't used all features yet,2.6,0,1,1,1.0,1.0,0.0,3.0
4442,2025-03-01,Referral,Desktop,USA,Free,Sign-up,,16.0,0.0,0.0,Will decide after trial ends,2.8,0,1,0,0.0,0.0,0.0,8.0
4443,2025-10-28,Referral,Mobile,Canada,Premium,Upgrade,23.0,103.0,16.0,0.0,Love the reporting features,4.4,1,0,1,0.0,0.0,0.0,20.0
4444,2026-02-06,,Tablet,UK,Free,First Feature Use,9.0,55.0,4.0,0.0,The dashboard analytics are extremely useful,4.4,0,1,1,2.0,0.0,0.0,16.0
4445,2025-03-12,Referral,Mobile,India,Free,Landing,2.0,5.0,0.0,0.0,Support response time is slow,2.4,0,1,0,0.0,0.0,0.0,3.0
4446,2026-02-05,Organic,Desktop,Canada,Free,First Feature Use,6.0,57.0,5.0,0.0,Standard SaaS experience,,0,1,1,0.0,,0.0,8.0
4447,2025-11-13,Organic,Desktop,India,Free,Sign-up,3.0,24.0,1.0,0.0,Works most of the time,3.5,0,1,0,1.0,0.0,0.0,4.0
4448,2025-11-21,Paid,Mobile,USA,Free,First Feature Use,,48.0,5.0,0.0,Very intuitive UI,4.3,0,1,1,0.0,1.0,0.0,5.0
4449,2025-09-25,Referral,Mobile,USA,Basic,Upgrade,17.0,103.0,18.0,1.0,Highly recommend to other teams,5.0,1,0,1,1.0,1.0,0.0,17.0
4450,2025-06-06,Organic,Tablet,USA,Premium,Upgrade,16.0,129.0,16.0,0.0,Very intuitive UI,4.8,1,0,1,,0.0,0.0,8.0
4451,2025-08-13,Referral,Mobile,USA,Basic,Upgrade,21.0,121.0,11.0,0.0,Feature updates are frequent and useful,4.1,1,0,1,1.0,0.0,0.0,3.0
4452,2025-06-17,Paid,Mobile,Germany,Premium,Upgrade,15.0,140.0,11.0,1.0,Real-time sync is fast,4.8,1,0,1,0.0,0.0,0.0,16.0
4453,2026-04-29,Referral,Mobile,USA,Premium,Upgrade,14.0,62.0,9.0,0.0,Mobile experience is smooth,4.2,1,0,1,1.0,1.0,0.0,11.0
4454,2025-09-21,Organic,Desktop,Germany,Basic,First Feature Use,7.0,67.0,7.0,0.0,Meets minimum requirements,3.4,0,0,1,0.0,1.0,7.0,6.0
4455,2025-01-08,Paid,Mobile,India,Free,First Feature Use,11.0,62.0,5.0,0.0,Love the reporting features,4.2,0,1,1,0.0,0.0,0.0,4.0
4456,2025-02-28,Paid,Desktop,Canada,Free,First Feature Use,9.0,67.0,,1.0,Customer support was excellent,4.6,0,1,1,0.0,0.0,0.0,18.0
4457,2026-03-29,Paid,Mobile,Germany,Free,Landing,1.0,13.0,0.0,0.0,Too many steps during setup process,2.0,0,1,0,0.0,0.0,0.0,2.0
4458,2026-01-19,Organic,Mobile,India,Premium,Upgrade,18.0,137.0,15.0,1.0,Data export works perfectly,4.9,1,0,1,0.0,0.0,0.0,26.0
4459,2025-01-23,Referral,Mobile,Germany,Free,First Feature Use,10.0,52.0,3.0,1.0,Mobile experience is smooth,4.5,0,1,1,2.0,0.0,0.0,3.0
4460,2025-04-15,Referral,Desktop,India,Free,Landing,2.0,11.0,0.0,1.0,Mobile UI is cluttered,2.4,0,1,0,0.0,0.0,0.0,4.0
4461,2025-06-25,Organic,Desktop,India,Free,First Feature Use,6.0,51.0,4.0,1.0,Not sure if I'll continue,2.8,0,1,1,1.0,0.0,0.0,9.0
4462,2025-12-09,Organic,Mobile,India,Free,Sign-up,4.0,10.0,0.0,0.0,Average experience so far,4.0,0,1,0,0.0,0.0,0.0,6.0
4463,2025-04-25,Paid,Mobile,India,Free,First Feature Use,8.0,34.0,5.0,1.0,Basic features work fine so far,3.2,0,1,1,0.0,0.0,0.0,6.0
4464,2025-04-04,Paid,Mobile,USA,Basic,Onboarding,5.0,20.0,1.0,1.0,Not sure if I'll continue,3.6,0,0,1,2.0,0.0,11.0,13.0
4465,2025-12-03,Paid,Mobile,USA,Free,Sign-up,2.0,18.0,0.0,1.0,Missing basic integrations,2.5,0,1,0,0.0,0.0,0.0,4.0
4466,2025-03-27,Organic,Mobile,USA,Free,Sign-up,4.0,19.0,0.0,0.0,Standard SaaS experience,3.2,0,1,0,0.0,0.0,0.0,2.0
4467,2025-07-11,Paid,Desktop,USA,Free,First Feature Use,8.0,,6.0,1.0,No strong opinion yet,3.2,0,1,1,1.0,0.0,0.0,6.0
4468,2025-06-21,Paid,Desktop,USA,Free,Onboarding,5.0,33.0,3.0,2.0,Still evaluating whether premium is worth it,3.8,0,1,1,0.0,0.0,0.0,1.0
4469,2025-02-01,Organic,Mobile,Germany,Free,Landing,1.0,6.0,0.0,0.0,Email notifications are spammy,,0,1,0,0.0,0.0,0.0,4.0
4470,2025-01-12,Paid,Tablet,India,Basic,First Feature Use,10.0,41.0,7.0,0.0,The API documentation is clear,4.2,0,1,1,1.0,0.0,0.0,17.0
4471,2025-09-09,Organic,Tablet,USA,Free,Sign-up,2.0,19.0,1.0,0.0,Trial period too short,1.5,0,1,0,0.0,0.0,0.0,6.0
4472,2025-05-21,Organic,Mobile,India,Free,Landing,1.0,10.0,0.0,0.0,Steep learning curve,1.3,0,1,0,0.0,0.0,0.0,6.0
4473,2026-02-13,Paid,Mobile,Germany,Free,First Feature Use,11.0,51.0,7.0,0.0,Reporting module saves a lot of time,4.7,0,1,1,0.0,0.0,0.0,19.0
4474,2026-04-01,Referral,Tablet,India,Basic,Onboarding,4.0,23.0,1.0,0.0,It's fine for now,3.1,0,0,1,0.0,0.0,7.0,1.0
4475,2025-02-22,Organic,Desktop,India,Free,Sign-up,4.0,23.0,1.0,1.0,Not blown away but not disappointed,,0,1,0,,0.0,0.0,8.0
4476,2025-08-11,Organic,Mobile,USA,Free,Sign-up,2.0,10.0,0.0,1.0,Customer support unhelpful,1.9,0,1,0,1.0,0.0,0.0,
4477,2026-04-21,Organic,Desktop,USA,Free,Landing,2.0,11.0,0.0,0.0,Email notifications are spammy,1.5,0,1,0,0.0,,0.0,3.0
4478,2025-03-31,Organic,Mobile,UK,Free,Onboarding,5.0,32.0,3.0,0.0,Not sure if I'll continue,3.1,0,1,1,1.0,0.0,0.0,5.0
4479,2026-02-18,Organic,Desktop,USA,Free,Landing,2.0,13.0,0.0,,Customer support unhelpful,2.1,0,1,0,1.0,0.0,0.0,
4480,2025-07-06,Paid,Mobile,USA,Free,Sign-up,3.0,15.0,0.0,0.0,Room for improvement in UI,2.9,0,1,0,0.0,0.0,0.0,1.0
4481,2025-09-24,Organic,Desktop,Germany,Free,Sign-up,3.0,11.0,1.0,0.0,No strong opinion yet,3.4,0,1,0,1.0,0.0,0.0,9.0
4482,2025-02-13,Referral,Mobile,India,Free,First Feature Use,9.0,41.0,7.0,1.0,Data export works perfectly,5.0,0,1,1,0.0,0.0,0.0,5.0
4483,2025-02-15,Organic,Mobile,USA,Free,Sign-up,3.0,23.0,,0.0,Needs a few more integrations,2.6,0,1,0,0.0,0.0,0.0,1.0
4484,2026-02-11,Referral,Mobile,USA,Free,Onboarding,4.0,37.0,3.0,0.0,Meets minimum requirements,3.1,0,1,1,1.0,0.0,0.0,8.0
4485,2025-09-29,Referral,Mobile,USA,Premium,Upgrade,17.0,78.0,13.0,0.0,Simple and effective design,4.1,1,0,1,2.0,0.0,0.0,7.0
4486,2025-12-24,Paid,Desktop,USA,Free,Landing,1.0,8.0,0.0,0.0,Pricing too high for small businesses,1.5,0,1,0,0.0,0.0,0.0,2.0
4487,2026-01-30,Organic,Mobile,India,Free,Landing,2.0,10.0,0.0,0.0,Steep learning curve,1.8,0,1,0,0.0,0.0,0.0,2.0
4488,2026-04-04,Paid,Mobile,USA,Premium,Upgrade,12.0,135.0,10.0,0.0,Simple and effective design,4.6,1,0,1,0.0,1.0,0.0,9.0
4489,2025-04-29,Paid,Desktop,India,Basic,First Feature Use,6.0,56.0,5.0,0.0,Needs a few more integrations,3.1,0,1,1,1.0,0.0,0.0,18.0
4490,2025-03-18,Referral,Desktop,India,Basic,First Feature Use,11.0,32.0,3.0,1.0,Great value for money,4.7,0,0,1,1.0,0.0,5.0,18.0
4491,2026-02-26,Paid,Mobile,UK,Free,First Feature Use,10.0,67.0,7.0,1.0,Feature updates are frequent and useful,4.8,0,1,1,0.0,0.0,0.0,3.0
4492,2025-10-28,Organic,Mobile,India,Free,Sign-up,2.0,19.0,0.0,0.0,App crashes during report export,1.0,0,1,0,0.0,0.0,0.0,7.0
4493,2025-06-27,Referral,Tablet,USA,Free,Onboarding,3.0,36.0,3.0,2.0,Learning curve is medium,2.6,0,1,1,1.0,0.0,0.0,7.0
4494,2026-02-02,Referral,Mobile,UK,Premium,Upgrade,11.0,130.0,9.0,0.0,Reporting module saves a lot of time,4.7,1,0,1,0.0,0.0,0.0,10.0
4495,2025-09-05,Paid,Desktop,India,Free,First Feature Use,10.0,46.0,3.0,1.0,Data export works perfectly,4.5,0,1,1,1.0,0.0,0.0,8.0
4496,2026-04-19,Referral,Mobile,India,Free,Sign-up,3.0,24.0,0.0,0.0,Similar to other tools,3.1,0,1,0,0.0,,0.0,5.0
4497,2026-04-07,Paid,Desktop,USA,Free,Landing,2.0,7.0,0.0,0.0,Too many steps during setup process,1.4,0,1,0,0.0,0.0,0.0,3.0
4498,2025-02-05,Paid,Mobile,USA,Basic,First Feature Use,8.0,67.0,3.0,0.0,Standard SaaS experience,3.5,0,0,1,0.0,0.0,6.0,9.0
4499,2026-01-14,Paid,Desktop,USA,Premium,Upgrade,16.0,117.0,16.0,0.0,Reporting module saves a lot of time,4.4,1,0,1,0.0,0.0,0.0,16.0
4500,2025-06-16,Paid,Mobile,UK,Free,Onboarding,4.0,36.0,1.0,1.0,Nothing exceptional,2.8,0,1,1,0.0,1.0,0.0,4.0
4501,2026-02-11,Organic,Mobile,India,Free,Landing,1.0,10.0,0.0,0.0,Cannot customize reports enough,1.8,0,1,0,0.0,0.0,0.0,5.0
4502,2026-05-03,Paid,Mobile,UK,Free,Onboarding,6.0,24.0,2.0,1.0,Will decide after trial ends,3.3,0,1,1,0.0,0.0,0.0,11.0
4503,2025-04-30,Paid,Desktop,India,Free,Landing,2.0,8.0,,0.0,App crashes during report export,2.3,0,1,0,0.0,0.0,0.0,4.0
4504,2025-06-04,Organic,Desktop,USA,Free,First Feature Use,11.0,48.0,5.0,0.0,Great value for money,4.4,0,1,1,0.0,0.0,0.0,9.0
4505,2025-04-19,Organic,Mobile,Germany,Basic,Onboarding,3.0,22.0,2.0,1.0,Still evaluating whether premium is worth it,3.6,0,0,1,1.0,0.0,5.0,13.0
4506,2025-09-23,Paid,Mobile,UK,Basic,Upgrade,15.0,136.0,10.0,0.0,The dashboard analytics are extremely useful,4.2,1,0,1,0.0,0.0,,14.0
4507,2025-12-14,Paid,Desktop,USA,Free,First Feature Use,7.0,54.0,6.0,0.0,Ok for basic use,3.0,0,1,1,0.0,1.0,0.0,16.0
4508,2025-02-18,Organic,Desktop,UK,Free,Sign-up,3.0,24.0,0.0,0.0,Still exploring features,3.4,0,1,0,0.0,0.0,0.0,8.0
4509,2025-12-06,Referral,Desktop,UK,Free,First Feature Use,7.0,49.0,7.0,1.0,Still evaluating whether premium is worth it,2.8,0,1,1,3.0,1.0,0.0,1.0
4510,2025-11-25,Referral,Tablet,USA,Basic,Upgrade,13.0,124.0,9.0,0.0,Simple and effective design,4.9,1,0,1,0.0,0.0,0.0,8.0
4511,2025-04-28,Paid,Mobile,India,Free,First Feature Use,7.0,60.0,6.0,1.0,Meets minimum requirements,3.1,0,1,1,0.0,1.0,,13.0
4512,2025-05-28,Organic,Mobile,Germany,Free,First Feature Use,8.0,40.0,5.0,1.0,Not sure if I'll continue,3.3,0,1,1,0.0,1.0,0.0,9.0
4513,2025-05-21,Referral,Mobile,USA,Free,First Feature Use,8.0,43.0,3.0,0.0,"Works as expected, nothing special",3.5,0,1,1,1.0,0.0,0.0,8.0
4514,2025-08-26,Referral,Desktop,USA,Free,Sign-up,2.0,12.0,0.0,0.0,The onboarding tutorial was confusing,1.2,0,1,0,0.0,0.0,0.0,7.0
4515,2026-01-19,Organic,Mobile,USA,Basic,Upgrade,10.0,64.0,18.0,1.0,Best SaaS tool I've used,4.5,1,0,1,0.0,0.0,0.0,1.0
4516,2025-10-14,Organic,Mobile,Germany,Free,Sign-up,3.0,23.0,1.0,0.0,Still evaluating whether premium is worth it,2.7,0,1,0,0.0,0.0,0.0,3.0
4517,2025-04-21,Organic,Mobile,USA,Premium,Upgrade,24.0,149.0,12.0,0.0,Worth every penny,4.9,1,0,1,1.0,0.0,0.0,16.0
4518,2025-06-08,Paid,Mobile,USA,Free,Onboarding,3.0,40.0,1.0,0.0,Not sure if I'll continue,3.7,0,1,1,0.0,0.0,0.0,12.0
4519,2025-12-08,Organic,Mobile,USA,Free,First Feature Use,7.0,46.0,6.0,1.0,Will evaluate again next month,2.5,0,1,1,2.0,1.0,0.0,11.0
4520,2025-06-17,Paid,Mobile,USA,Basic,First Feature Use,5.0,34.0,4.0,0.0,Could be better but not terrible,2.6,0,0,1,3.0,2.0,7.0,8.0
4521,2025-08-25,Organic,Tablet,USA,Free,Sign-up,2.0,10.0,1.0,0.0,Support response time is slow,1.8,0,1,0,0.0,0.0,0.0,5.0
4522,2025-01-31,Referral,Mobile,USA,Free,First Feature Use,7.0,33.0,7.0,1.0,Needs a few more integrations,2.8,0,1,1,0.0,0.0,0.0,11.0
4523,2026-04-12,Organic,Mobile,USA,Free,Sign-up,2.0,21.0,0.0,0.0,Trial period too short,1.6,0,1,0,0.0,0.0,0.0,1.0
4524,2025-07-31,Paid,Desktop,USA,Free,Landing,1.0,,0.0,0.0,Cannot customize reports enough,2.0,0,1,0,1.0,0.0,0.0,4.0
4525,2026-02-03,Referral,Desktop,Germany,Basic,Upgrade,24.0,102.0,11.0,0.0,The mobile app is surprisingly good,4.9,1,0,1,0.0,0.0,0.0,12.0
4526,2025-11-06,Organic,Desktop,Germany,Basic,First Feature Use,8.0,35.0,3.0,0.0,Room for improvement in UI,3.4,0,0,1,2.0,,,11.0
4527,2025-02-28,Organic,Mobile,USA,Free,Landing,1.0,12.0,0.0,0.0,The onboarding tutorial was confusing,1.1,0,1,0,0.0,0.0,0.0,3.0
4528,2025-03-31,Paid,Desktop,UK,Free,Onboarding,7.0,42.0,2.0,0.0,Nothing exceptional,3.1,0,1,1,0.0,0.0,0.0,9.0
4529,2025-08-06,Organic,Mobile,India,Basic,Upgrade,23.0,127.0,9.0,0.0,Very intuitive UI,4.3,1,0,1,1.0,0.0,0.0,27.0
4530,2025-09-21,Referral,Mobile,USA,Free,First Feature Use,8.0,55.0,3.0,2.0,"Works as expected, nothing special",,0,1,1,0.0,0.0,0.0,6.0
4531,2025-06-19,Organic,Desktop,USA,Free,Sign-up,4.0,17.0,1.0,3.0,Will decide after trial ends,3.0,0,1,0,0.0,0.0,0.0,9.0
4532,2025-05-13,Organic,Desktop,India,Basic,Upgrade,16.0,82.0,18.0,2.0,Reporting module saves a lot of time,4.7,1,0,1,0.0,0.0,0.0,10.0
4533,2025-07-13,Referral,Desktop,USA,Premium,Upgrade,15.0,142.0,18.0,0.0,Very intuitive UI,4.9,1,0,1,0.0,1.0,0.0,28.0
4534,2026-01-27,Paid,Tablet,UK,Free,Landing,1.0,14.0,0.0,0.0,Feature X is broken for weeks,2.1,0,1,0,0.0,0.0,0.0,2.0
4535,2025-05-09,Paid,Desktop,UK,Free,Sign-up,2.0,13.0,0.0,0.0,Missing key features compared to competitors,2.2,0,1,0,0.0,0.0,0.0,8.0
4536,2025-05-14,Organic,Desktop,UK,Free,Onboarding,5.0,32.0,2.0,1.0,Still exploring features,3.0,0,1,1,2.0,,0.0,8.0
4537,2025-03-14,Organic,Desktop,India,Free,Sign-up,2.0,22.0,0.0,0.0,UI feels outdated,1.2,0,1,0,,0.0,0.0,4.0
4538,2025-11-18,Referral,Mobile,India,Free,Sign-up,2.0,18.0,1.0,0.0,Trial period too short,1.4,0,1,0,0.0,1.0,0.0,3.0
4539,2025-07-15,Organic,Mobile,Canada,Premium,Upgrade,10.0,124.0,11.0,0.0,Best SaaS tool I've used,4.9,1,0,1,0.0,1.0,0.0,10.0
4540,2025-07-24,Paid,Mobile,India,Free,Landing,1.0,11.0,0.0,0.0,The onboarding tutorial was confusing,1.2,0,1,0,0.0,0.0,0.0,6.0
4541,2025-08-11,Organic,Mobile,USA,Free,Onboarding,,29.0,1.0,0.0,Will decide after trial ends,3.5,0,1,1,0.0,0.0,0.0,1.0
4542,2026-04-26,Organic,Desktop,India,Free,First Feature Use,6.0,61.0,5.0,0.0,"Works as expected, nothing special",3.5,0,1,1,1.0,1.0,0.0,7.0
4543,2025-12-02,Paid,Desktop,India,Free,First Feature Use,6.0,37.0,5.0,0.0,Good enough for my use case,3.1,0,1,1,1.0,1.0,0.0,8.0
4544,2025-12-18,Referral,Mobile,UK,Free,First Feature Use,11.0,64.0,5.0,0.0,Onboarding tutorial was straightforward,4.6,0,1,1,1.0,0.0,0.0,18.0
4545,2026-02-27,Paid,Mobile,USA,Free,Onboarding,5.0,25.0,1.0,0.0,Average experience so far,3.0,0,1,1,0.0,0.0,0.0,11.0
4546,2025-11-04,Paid,Mobile,USA,Free,Onboarding,6.0,32.0,1.0,1.0,Meets minimum requirements,3.5,0,1,1,0.0,1.0,0.0,1.0
4547,2025-12-30,Paid,Desktop,Canada,Free,Onboarding,5.0,26.0,2.0,1.0,Not blown away but not disappointed,3.7,0,1,1,0.0,1.0,0.0,3.0
4548,2025-01-15,Paid,Mobile,Germany,Free,Sign-up,,10.0,0.0,1.0,Missing basic integrations,2.3,0,1,0,0.0,0.0,0.0,2.0
4549,2025-05-11,Paid,Desktop,USA,Free,First Feature Use,10.0,63.0,3.0,0.0,The dashboard analytics are extremely useful,4.5,0,1,1,0.0,0.0,0.0,3.0
4550,2025-08-03,Organic,Desktop,USA,Free,Onboarding,6.0,,3.0,0.0,Not sure if I'll continue,3.5,0,1,1,1.0,0.0,0.0,11.0
4551,2026-02-05,Organic,Mobile,India,Free,First Feature Use,8.0,47.0,3.0,0.0,Still evaluating whether premium is worth it,3.1,0,1,1,2.0,0.0,0.0,16.0
4552,2025-12-11,Referral,Mobile,USA,Free,Sign-up,2.0,19.0,1.0,0.0,Support response time is slow,1.8,0,1,0,0.0,0.0,0.0,5.0
4553,2025-02-28,Organic,Mobile,USA,Free,Sign-up,4.0,17.0,1.0,0.0,Average experience so far,,0,1,0,0.0,0.0,0.0,1.0
4554,2025-08-06,Organic,Desktop,India,Free,Landing,1.0,11.0,0.0,0.0,Cannot customize reports enough,2.5,0,1,0,0.0,0.0,0.0,4.0
4555,2025-08-28,Paid,Desktop,India,Free,Onboarding,7.0,38.0,1.0,2.0,Average experience so far,3.9,0,1,1,0.0,0.0,0.0,10.0
4556,2025-06-03,Paid,Desktop,USA,Basic,First Feature Use,9.0,67.0,5.0,0.0,The dashboard analytics are extremely useful,4.4,0,1,1,0.0,1.0,0.0,2.0
4557,2025-08-25,Paid,Desktop,India,Free,First Feature Use,9.0,61.0,7.0,0.0,Onboarding tutorial was straightforward,4.3,0,1,1,1.0,0.0,0.0,
4558,2025-02-15,Organic,Mobile,India,Basic,First Feature Use,8.0,64.0,6.0,0.0,It's fine for now,2.8,0,0,1,3.0,0.0,4.0,9.0
4559,2025-05-02,Referral,Mobile,UK,Premium,Upgrade,24.0,70.0,18.0,0.0,Very intuitive UI,4.5,1,0,1,0.0,0.0,0.0,15.0
4560,2025-06-29,Paid,Desktop,USA,Free,First Feature Use,7.0,47.0,4.0,1.0,Standard SaaS experience,3.5,0,1,1,0.0,0.0,0.0,1.0
4561,2025-08-14,Referral,Desktop,USA,Basic,First Feature Use,8.0,65.0,5.0,0.0,Decent but not great,3.0,0,0,1,1.0,1.0,1.0,4.0
4562,2025-09-10,Organic,Desktop,USA,Free,Onboarding,5.0,21.0,3.0,0.0,Meets minimum requirements,3.2,0,1,1,0.0,0.0,0.0,2.0
4563,2025-10-22,Organic,Desktop,USA,Free,Landing,2.0,10.0,0.0,0.0,Missing key features compared to competitors,1.7,0,1,0,0.0,0.0,0.0,1.0
4564,2025-05-17,Organic,Mobile,USA,Free,Sign-up,4.0,22.0,0.0,0.0,Not sure if I'll continue,3.6,0,1,0,1.0,0.0,0.0,9.0
4565,2026-02-20,Organic,Mobile,USA,Premium,Upgrade,17.0,66.0,11.0,2.0,Mobile experience is smooth,4.4,1,0,1,0.0,0.0,0.0,12.0
4566,2025-01-12,Organic,Desktop,USA,Basic,Onboarding,6.0,35.0,3.0,0.0,Similar to other tools,3.4,0,0,1,0.0,0.0,12.0,7.0
4567,2025-12-09,Organic,Tablet,USA,Free,Landing,1.0,6.0,0.0,0.0,UI feels outdated,2.4,0,1,0,1.0,,0.0,3.0
4568,2025-02-19,Paid,Mobile,USA,Free,First Feature Use,6.0,35.0,5.0,1.0,Will evaluate again next month,3.0,0,1,1,0.0,2.0,0.0,2.0
4569,2025-06-10,Paid,Mobile,USA,Free,Onboarding,7.0,22.0,1.0,1.0,Meets minimum requirements,3.5,0,1,1,2.0,0.0,0.0,11.0
4570,2026-01-25,Paid,Mobile,India,Basic,Onboarding,4.0,37.0,3.0,1.0,It's fine for now,2.9,0,0,1,0.0,0.0,12.0,11.0
4571,2025-10-26,Organic,Mobile,USA,Free,Sign-up,3.0,20.0,1.0,1.0,Nothing exceptional,2.6,0,1,0,0.0,0.0,0.0,1.0
4572,2025-09-21,Organic,Mobile,USA,Free,First Feature Use,10.0,62.0,7.0,0.0,Highly recommend to other teams,4.3,0,1,1,0.0,2.0,0.0,2.0
4573,2025-04-24,Organic,Tablet,USA,Basic,First Feature Use,9.0,66.0,7.0,0.0,Real-time sync is fast,4.3,0,1,1,0.0,0.0,0.0,11.0
4574,2025-11-07,Organic,Desktop,India,Premium,Upgrade,22.0,76.0,8.0,0.0,Love how everything is customisable,4.2,1,0,1,0.0,0.0,0.0,16.0
4575,2025-05-19,Organic,Desktop,USA,Free,Sign-up,3.0,16.0,0.0,1.0,Will decide after trial ends,2.7,0,1,0,1.0,0.0,0.0,9.0
4576,2025-10-08,Paid,Desktop,Germany,Free,First Feature Use,8.0,52.0,7.0,0.0,Still exploring features,3.1,0,1,1,1.0,0.0,0.0,9.0
4577,2025-10-22,Referral,Mobile,India,Premium,Upgrade,24.0,140.0,14.0,1.0,Automated reports are a lifesaver,4.4,1,0,1,0.0,0.0,0.0,24.0
4578,2025-02-07,Referral,Tablet,USA,Premium,Upgrade,20.0,143.0,14.0,1.0,Customer support was excellent,4.6,1,0,1,1.0,0.0,0.0,19.0
4579,2026-02-05,Paid,Mobile,UK,Free,Landing,1.0,9.0,0.0,0.0,Support response time is slow,2.3,0,1,0,1.0,0.0,0.0,2.0
4580,2025-02-23,Referral,Tablet,India,Basic,First Feature Use,6.0,52.0,6.0,0.0,Need more time before upgrading,2.5,0,0,1,2.0,0.0,7.0,11.0
4581,2025-10-07,Paid,Desktop,USA,Basic,First Feature Use,6.0,38.0,7.0,1.0,Works most of the time,3.7,0,0,1,0.0,0.0,3.0,2.0
4582,2025-11-11,Referral,Mobile,USA,Free,Landing,1.0,14.0,0.0,1.0,The onboarding tutorial was confusing,2.1,0,1,0,0.0,0.0,0.0,6.0
4583,2026-02-23,Paid,Mobile,UK,Free,Sign-up,3.0,14.0,1.0,0.0,Not blown away but not disappointed,3.0,0,1,0,0.0,0.0,0.0,3.0
4584,2025-02-26,Paid,Mobile,Germany,Free,Sign-up,4.0,11.0,1.0,0.0,Standard SaaS experience,3.3,0,1,0,0.0,0.0,0.0,7.0
4585,2026-03-10,Paid,Mobile,USA,Free,First Feature Use,10.0,40.0,5.0,1.0,Saves me hours every week,4.1,0,1,1,0.0,1.0,0.0,1.0
4586,2025-11-19,Organic,Mobile,USA,Free,Onboarding,3.0,25.0,1.0,0.0,Similar to other tools,2.9,0,1,1,1.0,1.0,0.0,12.0
4587,2025-03-04,Paid,Desktop,USA,Free,First Feature Use,8.0,45.0,7.0,1.0,Decent but not great,2.6,0,1,1,1.0,1.0,0.0,3.0
4588,2025-09-09,Referral,Desktop,UK,Free,First Feature Use,11.0,31.0,3.0,1.0,The dashboard analytics are extremely useful,,0,1,1,0.0,0.0,0.0,16.0
4589,2025-02-18,Paid,Mobile,India,Free,First Feature Use,5.0,66.0,7.0,1.0,No strong opinion yet,3.7,0,1,1,1.0,0.0,0.0,14.0
4590,2025-07-18,Organic,Mobile,USA,Free,First Feature Use,11.0,61.0,,0.0,Data export works perfectly,4.0,0,1,1,1.0,1.0,0.0,19.0
4591,2025-06-02,Organic,Desktop,India,Free,Landing,2.0,11.0,0.0,0.0,Frequent downtime,2.1,0,1,0,0.0,0.0,0.0,3.0
4592,2026-02-16,Referral,Mobile,USA,Free,First Feature Use,5.0,66.0,6.0,1.0,Could be better but not terrible,2.8,0,1,1,1.0,0.0,0.0,1.0
4593,2026-04-21,Referral,Mobile,India,Free,Onboarding,3.0,39.0,3.0,0.0,Needs a few more integrations,3.4,0,1,1,0.0,0.0,0.0,12.0
4594,2025-01-09,Organic,Desktop,USA,Free,Sign-up,3.0,16.0,1.0,0.0,Will decide after trial ends,3.8,0,1,0,0.0,0.0,0.0,4.0
4595,2026-02-06,Referral,Mobile,India,Free,First Feature Use,,42.0,5.0,0.0,Haven't used all features yet,2.5,0,1,1,0.0,0.0,0.0,8.0
4596,2025-06-09,Referral,Mobile,India,Premium,Upgrade,12.0,102.0,14.0,0.0,Onboarding tutorial was straightforward,,1,0,1,1.0,0.0,0.0,27.0
4597,2025-10-28,Organic,Mobile,India,Free,Sign-up,2.0,15.0,0.0,0.0,Mobile app crashes while exporting reports,2.4,0,1,0,0.0,0.0,0.0,3.0
4598,2025-06-09,Referral,Mobile,USA,Premium,Upgrade,10.0,123.0,17.0,0.0,Automated reports are a lifesaver,,1,0,1,0.0,0.0,0.0,24.0
4599,2025-10-03,Organic,Mobile,India,Free,First Feature Use,10.0,34.0,5.0,1.0,Reporting module saves a lot of time,4.1,0,1,1,1.0,0.0,0.0,7.0
4600,2025-02-19,Paid,Mobile,UK,Basic,Onboarding,7.0,30.0,2.0,1.0,Room for improvement in UI,3.7,0,0,1,2.0,0.0,9.0,1.0
4601,2025-06-27,Paid,Mobile,Canada,Free,First Feature Use,6.0,56.0,3.0,1.0,It's fine for now,3.1,0,1,1,1.0,0.0,0.0,8.0
4602,2025-05-09,Paid,Desktop,USA,Free,First Feature Use,,62.0,3.0,1.0,Saves me hours every week,4.8,0,1,1,1.0,0.0,0.0,8.0
4603,2025-12-11,Paid,Desktop,India,Free,Onboarding,5.0,26.0,2.0,0.0,Haven't used all features yet,3.3,0,1,1,1.0,0.0,0.0,10.0
4604,2025-12-08,Organic,Desktop,USA,Free,Sign-up,3.0,14.0,0.0,1.0,Average experience so far,3.9,0,1,0,0.0,1.0,0.0,1.0
4605,2026-02-26,Referral,Mobile,USA,Free,First Feature Use,7.0,37.0,5.0,0.0,Similar to other tools,3.8,0,1,1,2.0,0.0,0.0,17.0
4606,2026-04-08,Referral,Mobile,USA,Free,Sign-up,4.0,23.0,1.0,0.0,No strong opinion yet,3.5,0,1,0,2.0,,0.0,2.0
4607,2025-09-01,Paid,Mobile,USA,Free,Sign-up,3.0,16.0,1.0,1.0,Not sure if I'll continue,3.6,0,1,0,1.0,1.0,0.0,5.0
4608,2026-01-22,Paid,Desktop,USA,Free,First Feature Use,8.0,57.0,3.0,0.0,Nothing exceptional,2.9,0,1,1,1.0,0.0,0.0,3.0
4609,2025-10-13,Organic,Mobile,USA,Basic,First Feature Use,5.0,38.0,7.0,2.0,Ok for basic use,2.6,0,0,1,0.0,0.0,6.0,14.0
4610,2025-06-13,Paid,Desktop,USA,Premium,Upgrade,14.0,131.0,9.0,0.0,Feature updates are frequent and useful,4.9,1,0,1,1.0,0.0,0.0,22.0
4611,2025-12-03,Referral,Mobile,India,Premium,Upgrade,11.0,129.0,10.0,0.0,Analytics dashboard is insightful,4.6,1,0,1,0.0,1.0,0.0,18.0
4612,2025-07-25,Organic,Tablet,USA,Free,Onboarding,7.0,39.0,1.0,0.0,Need more time before upgrading,3.3,0,1,1,0.0,0.0,0.0,6.0
4613,2026-03-05,Referral,Tablet,India,Free,Sign-up,2.0,22.0,1.0,0.0,Cannot customize reports enough,2.0,0,1,0,0.0,0.0,0.0,1.0
4614,2025-12-03,Referral,Mobile,UK,Free,First Feature Use,6.0,30.0,4.0,1.0,No strong opinion yet,3.2,0,1,1,2.0,0.0,0.0,2.0
4615,2026-04-15,Paid,Desktop,India,Basic,First Feature Use,7.0,51.0,3.0,2.0,Decent but not great,3.8,0,0,1,0.0,1.0,5.0,7.0
4616,2025-09-09,Paid,Mobile,UK,Free,Sign-up,4.0,15.0,0.0,0.0,Nothing exceptional,3.0,0,1,0,0.0,0.0,0.0,3.0
4617,2025-08-15,Paid,Desktop,USA,Free,Onboarding,5.0,43.0,1.0,1.0,Needs a few more integrations,2.8,0,1,1,1.0,0.0,0.0,7.0
4618,2026-02-22,Paid,Mobile,UK,Free,Onboarding,4.0,30.0,1.0,0.0,Not blown away but not disappointed,2.9,0,1,1,1.0,0.0,0.0,5.0
4619,2025-02-20,Organic,Mobile,India,Free,Landing,1.0,10.0,0.0,0.0,App crashes during report export,1.1,0,1,0,0.0,0.0,0.0,2.0
4620,2026-01-06,Referral,Mobile,UK,Free,First Feature Use,8.0,59.0,7.0,1.0,Will decide after trial ends,3.9,0,1,1,,2.0,0.0,8.0
4621,2025-03-13,Paid,Tablet,India,Free,Onboarding,4.0,21.0,1.0,1.0,Could be better but not terrible,3.1,0,1,1,0.0,0.0,0.0,5.0
4622,2025-10-30,Paid,Desktop,India,Free,Sign-up,4.0,22.0,1.0,0.0,Meets minimum requirements,2.7,0,1,0,0.0,0.0,0.0,3.0
4623,2025-08-28,Paid,Mobile,USA,Free,Landing,1.0,14.0,0.0,0.0,Email notifications are spammy,2.0,0,1,0,0.0,0.0,0.0,3.0
4624,2026-01-06,Organic,Desktop,India,Premium,Upgrade,20.0,82.0,9.0,0.0,Love how everything is customisable,4.1,1,0,1,0.0,1.0,0.0,2.0
4625,2025-03-25,Organic,Mobile,India,Free,Sign-up,4.0,15.0,1.0,0.0,Works most of the time,2.7,0,1,0,,0.0,0.0,4.0
4626,2025-02-27,Referral,Mobile,USA,Basic,First Feature Use,5.0,34.0,4.0,0.0,No strong opinion yet,2.6,0,0,1,0.0,0.0,3.0,14.0
4627,2025-04-14,Organic,Desktop,UK,Free,Onboarding,3.0,25.0,1.0,1.0,No strong opinion yet,3.8,0,1,1,1.0,0.0,0.0,6.0
4628,2025-10-13,Paid,Mobile,India,Free,Onboarding,6.0,41.0,3.0,1.0,Decent but not great,3.2,0,1,1,0.0,0.0,0.0,5.0
4629,2026-02-13,Organic,Desktop,UK,Free,Onboarding,5.0,25.0,1.0,1.0,Need more time before upgrading,2.9,0,1,1,1.0,1.0,0.0,7.0
4630,2025-01-10,Organic,Mobile,Germany,Free,First Feature Use,7.0,50.0,,2.0,Still evaluating whether premium is worth it,3.7,0,1,1,1.0,1.0,0.0,9.0
4631,2025-11-05,Organic,Mobile,USA,Free,Onboarding,7.0,33.0,2.0,,Works most of the time,3.7,0,1,1,1.0,1.0,0.0,9.0
4632,2025-03-21,Referral,Mobile,India,Free,Landing,1.0,6.0,0.0,0.0,Trial period too short,1.3,0,1,0,0.0,0.0,0.0,6.0
4633,2025-03-13,Paid,Tablet,India,Free,Onboarding,6.0,26.0,3.0,0.0,Ok for basic use,3.6,0,1,1,0.0,1.0,0.0,5.0
4634,2025-03-14,Paid,Desktop,India,Free,First Feature Use,7.0,64.0,5.0,1.0,Haven't used all features yet,3.5,0,1,1,0.0,0.0,0.0,13.0
4635,2025-01-31,Referral,Mobile,USA,Basic,Onboarding,7.0,26.0,1.0,1.0,"Works as expected, nothing special",3.8,0,0,1,1.0,0.0,8.0,1.0
4636,2025-03-29,Organic,Desktop,USA,Free,First Feature Use,11.0,64.0,5.0,0.0,Customer support was excellent,4.4,0,1,1,1.0,0.0,0.0,16.0
4637,2025-11-12,Organic,Tablet,UK,Basic,Onboarding,7.0,20.0,1.0,0.0,Average experience so far,3.9,0,0,1,0.0,0.0,6.0,8.0
4638,2026-01-22,Paid,Mobile,USA,Premium,Upgrade,19.0,78.0,15.0,0.0,Best SaaS tool I've used,4.8,1,0,1,1.0,1.0,,3.0
4639,2025-02-07,Paid,Mobile,Germany,Basic,Upgrade,16.0,82.0,10.0,0.0,Analytics dashboard is insightful,,1,0,1,0.0,0.0,0.0,1.0
4640,2025-04-23,Organic,Mobile,USA,Free,Onboarding,3.0,26.0,2.0,0.0,Standard SaaS experience,2.6,0,1,1,0.0,0.0,0.0,4.0
4641,2025-11-06,Referral,Mobile,UK,Free,First Feature Use,6.0,66.0,5.0,2.0,Basic features work fine so far,3.1,0,1,1,1.0,0.0,0.0,6.0
4642,2025-04-11,Referral,Desktop,USA,Free,Sign-up,3.0,21.0,1.0,0.0,Still exploring features,3.1,0,1,0,1.0,0.0,0.0,5.0
4643,2025-06-06,Organic,Mobile,UK,Free,Landing,1.0,11.0,0.0,0.0,Cannot customize reports enough,2.4,0,1,0,0.0,0.0,0.0,2.0
4644,2025-04-07,Organic,Mobile,India,Premium,Upgrade,20.0,98.0,16.0,0.0,Automated reports are a lifesaver,4.9,1,0,1,0.0,0.0,0.0,16.0
4645,2026-04-02,Referral,Mobile,USA,Free,Onboarding,7.0,36.0,1.0,0.0,Decent but not great,3.3,0,1,1,0.0,0.0,0.0,10.0
4646,2025-06-16,Organic,Mobile,India,Free,Sign-up,2.0,18.0,1.0,,Pricing too high for small businesses,,0,1,0,0.0,0.0,0.0,8.0
4647,2026-01-05,Organic,Desktop,USA,Free,Landing,1.0,12.0,0.0,0.0,Too many bugs on mobile,1.3,0,1,0,0.0,0.0,0.0,5.0
4648,2025-12-27,Paid,Desktop,UK,Free,Landing,2.0,14.0,0.0,0.0,App crashes during report export,1.2,0,1,0,0.0,0.0,0.0,5.0
4649,2026-04-13,Paid,Mobile,UK,Free,Landing,2.0,11.0,0.0,1.0,Dashboard loads slowly,1.8,0,1,0,0.0,0.0,0.0,2.0
4650,2025-04-16,Paid,Mobile,USA,Free,Onboarding,4.0,38.0,2.0,0.0,Not blown away but not disappointed,3.3,0,1,1,0.0,1.0,0.0,5.0
4651,2025-09-02,Organic,Mobile,USA,Free,Landing,2.0,7.0,0.0,0.0,Pricing feels too expensive,2.1,0,1,0,0.0,0.0,0.0,2.0
4652,2025-03-01,Paid,Tablet,India,Basic,Upgrade,23.0,129.0,17.0,2.0,Worth every penny,4.3,1,0,1,0.0,0.0,0.0,12.0
4653,2025-05-14,Paid,Mobile,USA,Free,Sign-up,4.0,16.0,0.0,1.0,Will evaluate again next month,3.1,0,1,0,0.0,0.0,0.0,8.0
4654,2025-11-06,Organic,Mobile,USA,Premium,Upgrade,14.0,,8.0,0.0,The mobile app is surprisingly good,4.1,1,0,1,1.0,1.0,0.0,21.0
4655,2025-12-29,Organic,Mobile,India,Premium,Upgrade,23.0,125.0,19.0,0.0,Simple and effective design,4.1,1,0,1,0.0,0.0,0.0,9.0
4656,2025-05-30,Paid,Mobile,USA,Basic,First Feature Use,9.0,67.0,7.0,1.0,The mobile app is surprisingly good,4.9,0,0,1,1.0,0.0,6.0,13.0
4657,2025-05-27,Referral,Mobile,India,Free,Onboarding,6.0,23.0,3.0,0.0,Works most of the time,,0,1,1,1.0,0.0,0.0,4.0
4658,2025-01-14,Referral,Desktop,UK,Free,Onboarding,7.0,31.0,2.0,,Need more time before upgrading,,0,1,1,1.0,0.0,0.0,2.0
4659,2025-10-27,Organic,Desktop,USA,Free,First Feature Use,7.0,58.0,7.0,1.0,Room for improvement in UI,3.7,0,1,1,,0.0,,7.0
4660,2025-01-22,Paid,Mobile,USA,Free,Sign-up,2.0,20.0,0.0,0.0,Mobile UI is cluttered,2.0,0,1,0,0.0,0.0,0.0,7.0
4661,2026-04-29,Paid,Desktop,UK,Free,Onboarding,3.0,29.0,1.0,0.0,Average experience so far,3.6,0,1,1,0.0,0.0,0.0,12.0
4662,2026-04-26,Referral,Desktop,USA,Free,Landing,1.0,12.0,0.0,0.0,Too many steps during setup process,2.4,0,1,0,0.0,0.0,0.0,6.0
4663,2025-08-23,Paid,Mobile,USA,Free,Onboarding,7.0,41.0,1.0,1.0,Learning curve is medium,4.0,0,1,1,0.0,0.0,0.0,10.0
4664,2025-10-26,Organic,Mobile,India,Free,Sign-up,3.0,20.0,0.0,0.0,Need more time before upgrading,3.9,0,1,0,0.0,0.0,0.0,3.0
4665,2025-02-15,Paid,Mobile,UK,Premium,Upgrade,21.0,73.0,,2.0,Onboarding tutorial was straightforward,4.6,1,0,1,1.0,2.0,0.0,16.0
4666,2026-01-26,Organic,Desktop,USA,Free,Onboarding,3.0,43.0,2.0,0.0,Meets minimum requirements,3.1,0,1,1,1.0,0.0,0.0,12.0
4667,2025-07-07,Organic,Desktop,UK,Free,Landing,2.0,13.0,0.0,0.0,The onboarding tutorial was confusing,1.7,0,1,0,0.0,0.0,0.0,1.0
4668,2025-06-20,Paid,Mobile,UK,Free,Sign-up,3.0,10.0,1.0,0.0,Need more time before upgrading,3.8,0,1,0,0.0,0.0,0.0,4.0
4669,2025-11-27,Referral,Mobile,UK,Free,First Feature Use,9.0,47.0,3.0,0.0,Highly recommend to other teams,4.9,0,1,1,0.0,0.0,0.0,7.0
4670,2026-03-08,Organic,Desktop,UK,Free,First Feature Use,8.0,45.0,3.0,0.0,Average experience so far,2.9,0,1,1,1.0,0.0,0.0,14.0
4671,2025-05-05,Paid,Mobile,Germany,Free,Onboarding,6.0,27.0,3.0,1.0,Will evaluate again next month,3.8,0,1,1,2.0,0.0,0.0,4.0
4672,2025-11-24,Organic,Desktop,USA,Free,Landing,2.0,8.0,0.0,0.0,Pricing feels too expensive,1.7,0,1,0,0.0,0.0,0.0,6.0
4673,2025-04-10,Referral,Mobile,USA,Basic,First Feature Use,11.0,57.0,7.0,1.0,Best SaaS tool I've used,4.2,0,0,1,0.0,0.0,1.0,7.0
4674,2026-01-07,Paid,Tablet,USA,Free,First Feature Use,11.0,50.0,5.0,0.0,Worth every penny,4.3,0,1,1,0.0,1.0,0.0,15.0
4675,2025-05-02,Organic,Desktop,USA,Free,First Feature Use,10.0,39.0,6.0,1.0,Automated reports are a lifesaver,4.1,0,1,1,0.0,0.0,0.0,6.0
4676,2025-03-19,Organic,Mobile,USA,Free,Sign-up,4.0,14.0,0.0,1.0,No strong opinion yet,3.1,0,1,0,0.0,0.0,0.0,2.0
4677,2025-02-10,Organic,Desktop,USA,Free,Onboarding,6.0,25.0,3.0,0.0,Similar to other tools,2.8,0,1,1,0.0,0.0,0.0,6.0
4678,2025-10-22,Organic,Mobile,UK,Free,Sign-up,3.0,14.0,1.0,0.0,Ok for basic use,3.1,0,1,0,1.0,0.0,0.0,4.0
4679,2026-03-26,Organic,Mobile,USA,Free,Landing,1.0,8.0,0.0,0.0,Email notifications are spammy,1.8,0,1,0,1.0,0.0,0.0,3.0
4680,2025-11-14,Paid,Desktop,India,Free,Sign-up,3.0,17.0,0.0,0.0,Standard SaaS experience,3.5,0,1,0,0.0,1.0,0.0,8.0
4681,2026-03-26,Organic,Mobile,USA,Free,Landing,2.0,14.0,0.0,0.0,Feature X is broken for weeks,1.8,0,1,0,0.0,0.0,0.0,3.0
4682,2025-02-25,Paid,Desktop,Canada,Basic,Onboarding,3.0,20.0,2.0,0.0,Nothing exceptional,3.4,0,0,1,0.0,0.0,11.0,3.0
4683,2025-10-15,Organic,Mobile,UK,Basic,Onboarding,3.0,26.0,1.0,0.0,Still evaluating whether premium is worth it,2.7,0,0,1,0.0,0.0,10.0,6.0
4684,2025-08-21,Paid,Desktop,India,Free,Sign-up,3.0,24.0,0.0,0.0,Not sure if I'll continue,3.3,0,1,0,0.0,0.0,0.0,8.0
4685,2025-06-24,Organic,Mobile,Germany,Premium,Upgrade,17.0,113.0,19.0,0.0,Reporting module saves a lot of time,4.7,1,0,1,0.0,0.0,0.0,1.0
4686,2025-07-02,Organic,Desktop,Germany,Free,First Feature Use,7.0,44.0,5.0,0.0,Good enough for my use case,3.5,0,1,1,2.0,0.0,0.0,8.0
4687,2025-11-14,Paid,Mobile,UK,Free,Onboarding,7.0,38.0,1.0,2.0,"Works as expected, nothing special",3.8,0,1,1,0.0,0.0,0.0,7.0
4688,2025-05-23,Organic,Mobile,USA,Free,Onboarding,6.0,35.0,2.0,0.0,Basic features work fine so far,3.6,0,1,1,2.0,0.0,0.0,3.0
4689,2026-01-29,Referral,Mobile,UK,Free,First Feature Use,7.0,38.0,5.0,2.0,It's fine for now,3.3,0,1,1,0.0,0.0,0.0,8.0
4690,2025-05-12,Paid,Mobile,USA,Basic,Upgrade,13.0,,17.0,0.0,Mobile experience is smooth,4.8,1,0,1,0.0,0.0,0.0,14.0
4691,2025-09-24,Paid,Mobile,USA,Free,Sign-up,2.0,23.0,0.0,1.0,Mobile app crashes while exporting reports,1.2,0,1,0,2.0,1.0,0.0,6.0
4692,2025-12-26,Organic,Mobile,USA,Basic,Onboarding,,37.0,3.0,0.0,"Works as expected, nothing special",3.4,0,0,1,1.0,0.0,10.0,13.0
4693,2025-02-08,Organic,Tablet,USA,Free,Sign-up,2.0,11.0,0.0,0.0,Mobile app crashes while exporting reports,2.2,0,1,0,1.0,0.0,0.0,3.0
4694,2025-05-02,Paid,Mobile,USA,Free,Onboarding,4.0,35.0,3.0,0.0,Standard SaaS experience,3.5,0,1,1,1.0,0.0,0.0,3.0
4695,2025-03-12,Paid,Desktop,USA,Free,Onboarding,4.0,32.0,2.0,0.0,Not sure if I'll continue,3.3,0,1,1,0.0,0.0,0.0,5.0
4696,2025-07-10,Organic,Desktop,USA,Free,Sign-up,2.0,17.0,0.0,0.0,Pricing feels too expensive,2.0,0,1,0,1.0,0.0,0.0,8.0
4697,2025-03-23,Organic,Mobile,USA,Free,First Feature Use,5.0,46.0,5.0,1.0,Learning curve is medium,3.7,0,1,1,2.0,0.0,0.0,3.0
4698,2026-01-08,Organic,Desktop,USA,Free,Landing,2.0,10.0,0.0,0.0,Feature X is broken for weeks,1.8,0,1,0,0.0,0.0,0.0,1.0
4699,2025-01-08,Paid,Desktop,India,Free,Onboarding,3.0,31.0,1.0,0.0,Meets minimum requirements,3.2,0,1,1,0.0,0.0,0.0,10.0
4700,2025-10-27,Organic,Mobile,USA,Free,Sign-up,4.0,16.0,0.0,1.0,Learning curve is medium,3.8,0,1,0,0.0,0.0,0.0,7.0
4701,2025-05-09,Paid,Desktop,Canada,Free,Landing,1.0,7.0,0.0,1.0,The onboarding tutorial was confusing,2.4,0,1,0,0.0,0.0,0.0,3.0
4702,2025-02-26,Organic,Mobile,USA,Free,Landing,2.0,9.0,0.0,0.0,No dark mode,1.5,0,1,0,0.0,0.0,0.0,2.0
4703,2025-09-05,Paid,Desktop,Germany,Free,Sign-up,3.0,,0.0,1.0,Decent but not great,3.1,0,1,0,1.0,1.0,0.0,9.0
4704,2025-08-20,,Mobile,USA,Free,Landing,1.0,,0.0,1.0,Support response time is slow,2.1,0,1,0,0.0,0.0,0.0,2.0
4705,2026-04-02,Paid,Mobile,Germany,Free,Sign-up,3.0,23.0,1.0,0.0,Good enough for my use case,3.8,0,1,0,0.0,0.0,0.0,7.0
4706,2025-12-06,Organic,Desktop,USA,Free,Sign-up,2.0,12.0,1.0,0.0,No offline access,2.0,0,1,0,0.0,0.0,0.0,3.0
4707,2026-03-23,Organic,Mobile,India,Free,Onboarding,6.0,38.0,1.0,0.0,Average experience so far,2.7,0,1,1,0.0,1.0,0.0,1.0
4708,2025-09-29,Organic,Mobile,USA,Free,Sign-up,3.0,11.0,0.0,0.0,Works most of the time,3.4,0,1,0,0.0,0.0,0.0,3.0
4709,2026-03-15,Organic,Mobile,UK,Free,Onboarding,4.0,43.0,2.0,0.0,Average experience so far,2.6,0,1,1,0.0,0.0,0.0,2.0
4710,2025-04-15,Organic,Desktop,USA,Free,Sign-up,3.0,14.0,0.0,1.0,Will decide after trial ends,3.7,0,1,0,0.0,0.0,0.0,6.0
4711,2026-02-18,Referral,Mobile,India,Free,Landing,1.0,13.0,0.0,0.0,Cannot customize reports enough,2.4,0,1,0,1.0,0.0,0.0,2.0
4712,2025-09-07,Referral,Mobile,UK,Premium,Upgrade,10.0,74.0,19.0,2.0,The mobile app is surprisingly good,4.5,1,0,1,0.0,1.0,0.0,23.0
4713,2025-02-15,Organic,Mobile,Germany,Free,First Feature Use,8.0,63.0,6.0,0.0,Good enough for my use case,3.5,0,1,1,1.0,0.0,0.0,15.0
4714,2025-11-08,Referral,Desktop,UK,Free,Onboarding,6.0,41.0,1.0,1.0,Works most of the time,2.8,0,1,1,0.0,0.0,0.0,8.0
4715,2025-09-20,Paid,Desktop,USA,Free,Landing,2.0,13.0,0.0,0.0,Support response time is slow,1.3,0,1,0,2.0,0.0,0.0,1.0
4716,2025-03-23,Organic,Mobile,USA,Free,Sign-up,4.0,14.0,0.0,1.0,Standard SaaS experience,,0,1,0,0.0,0.0,0.0,7.0
4717,2026-03-10,Referral,Mobile,India,Free,First Feature Use,10.0,48.0,6.0,0.0,Reporting module saves a lot of time,4.2,0,1,1,0.0,0.0,0.0,12.0
4718,2026-01-12,Referral,Mobile,USA,Basic,First Feature Use,5.0,65.0,7.0,2.0,Decent but not great,3.8,0,0,1,2.0,0.0,1.0,19.0
4719,2025-07-03,Referral,Desktop,India,Free,Onboarding,7.0,37.0,2.0,1.0,Similar to other tools,2.6,0,1,1,4.0,1.0,0.0,1.0
4720,2026-01-05,Organic,Desktop,USA,Free,Sign-up,4.0,14.0,0.0,0.0,Similar to other tools,3.8,0,1,0,1.0,0.0,0.0,3.0
4721,2026-04-18,Organic,Mobile,UK,Free,Landing,1.0,12.0,0.0,0.0,Missing key features compared to competitors,1.6,0,1,0,0.0,0.0,0.0,2.0
4722,2026-02-21,Paid,Desktop,UK,Free,Sign-up,2.0,11.0,0.0,0.0,Data sync is unreliable,1.3,0,1,0,0.0,0.0,0.0,6.0
4723,2025-03-08,Paid,Mobile,USA,Free,Onboarding,3.0,35.0,2.0,,Works most of the time,3.7,0,1,1,1.0,1.0,0.0,7.0
4724,2025-06-06,Organic,Mobile,India,Free,Sign-up,3.0,18.0,1.0,0.0,Similar to other tools,3.2,0,1,0,1.0,0.0,0.0,4.0
4725,2025-05-02,Referral,Tablet,USA,Free,First Feature Use,5.0,46.0,3.0,0.0,Standard SaaS experience,3.5,0,1,1,1.0,2.0,0.0,10.0
4726,2026-04-23,Paid,Desktop,USA,Free,First Feature Use,11.0,41.0,3.0,0.0,Highly recommend to other teams,4.6,0,1,1,0.0,0.0,0.0,19.0
4727,2025-03-16,Organic,Desktop,Canada,Free,Sign-up,3.0,14.0,0.0,0.0,Could be better but not terrible,2.8,0,1,0,0.0,1.0,0.0,8.0
4728,2025-02-01,Paid,Mobile,USA,Basic,Onboarding,6.0,38.0,1.0,0.0,Not sure if I'll continue,3.1,0,0,1,0.0,0.0,7.0,5.0
4729,2025-06-01,Paid,Mobile,India,Free,First Feature Use,9.0,31.0,7.0,1.0,Highly recommend to other teams,4.7,0,1,1,1.0,0.0,0.0,19.0
4730,2026-02-19,Organic,Desktop,UK,Premium,Upgrade,16.0,107.0,18.0,0.0,Automated reports are a lifesaver,4.6,1,0,1,2.0,0.0,0.0,25.0
4731,2025-12-26,Referral,Desktop,India,Free,Onboarding,5.0,34.0,3.0,2.0,Still evaluating whether premium is worth it,,0,1,1,0.0,0.0,0.0,4.0
4732,2026-03-26,Organic,Mobile,USA,Basic,Upgrade,12.0,144.0,19.0,0.0,Analytics dashboard is insightful,4.7,1,0,1,0.0,1.0,0.0,24.0
4733,2025-12-11,Organic,Mobile,UK,Free,Landing,2.0,10.0,0.0,0.0,Trial period too short,1.8,0,1,0,1.0,0.0,0.0,1.0
4734,2025-12-16,Referral,Desktop,USA,Free,Sign-up,3.0,13.0,1.0,,Need more time before upgrading,3.6,0,1,0,0.0,0.0,0.0,1.0
4735,2025-11-10,Referral,Tablet,USA,Basic,First Feature Use,10.0,59.0,6.0,0.0,Reporting module saves a lot of time,4.7,0,0,1,0.0,0.0,7.0,16.0
4736,2025-02-20,Referral,Desktop,Canada,Basic,First Feature Use,6.0,60.0,4.0,0.0,Standard SaaS experience,3.6,0,0,1,1.0,,1.0,5.0
4737,2025-07-07,Referral,Desktop,USA,Free,First Feature Use,7.0,59.0,4.0,0.0,Good enough for my use case,3.1,0,1,1,0.0,0.0,0.0,7.0
4738,2026-03-03,Paid,Mobile,India,Premium,Upgrade,11.0,89.0,11.0,0.0,Feature updates are frequent and useful,4.7,1,0,1,0.0,0.0,0.0,5.0
4739,2025-11-26,Referral,Desktop,USA,Free,Sign-up,,11.0,1.0,2.0,Room for improvement in UI,3.1,0,1,0,1.0,0.0,0.0,9.0
4740,2026-02-11,Organic,Desktop,USA,Free,Sign-up,3.0,23.0,,0.0,Ok for basic use,2.9,0,1,0,0.0,0.0,0.0,8.0
4741,2025-09-23,Paid,Mobile,USA,Free,Sign-up,4.0,20.0,,0.0,Not blown away but not disappointed,3.8,0,1,0,0.0,0.0,0.0,4.0
4742,2025-11-01,Paid,Desktop,USA,Basic,Upgrade,22.0,62.0,16.0,1.0,Analytics dashboard is insightful,4.1,1,0,1,1.0,1.0,0.0,16.0
4743,2026-04-21,Organic,Tablet,USA,Free,Landing,1.0,,0.0,0.0,App crashes during report export,1.2,0,1,0,0.0,0.0,,4.0
4744,2025-01-16,Paid,Mobile,USA,Free,Onboarding,7.0,34.0,2.0,0.0,Not sure if I'll continue,3.0,0,1,1,0.0,1.0,0.0,10.0
4745,2025-07-19,Paid,Desktop,India,Free,Sign-up,2.0,12.0,0.0,0.0,Too many steps during setup process,2.5,0,1,0,0.0,0.0,0.0,7.0
4746,2026-02-03,Paid,Desktop,USA,Free,Sign-up,3.0,,0.0,0.0,Works most of the time,3.5,0,1,0,1.0,0.0,0.0,1.0
4747,2025-10-20,Organic,Desktop,USA,Basic,Onboarding,3.0,24.0,2.0,1.0,Meets minimum requirements,2.5,0,0,1,1.0,0.0,5.0,9.0
4748,2026-01-29,Referral,Desktop,USA,Basic,First Feature Use,8.0,57.0,4.0,0.0,"Works as expected, nothing special",3.8,0,0,1,1.0,0.0,6.0,13.0
4749,2025-05-04,Organic,Mobile,India,Free,Onboarding,3.0,26.0,3.0,0.0,Still exploring features,3.2,0,1,1,1.0,0.0,0.0,4.0
4750,2026-01-05,Organic,Desktop,USA,Basic,Onboarding,7.0,26.0,3.0,1.0,Not sure if I'll continue,2.7,0,0,1,0.0,0.0,14.0,1.0
4751,2025-03-20,Referral,Mobile,Germany,Premium,Upgrade,24.0,125.0,19.0,0.0,Worth every penny,4.8,1,0,1,0.0,1.0,0.0,12.0
4752,2026-01-11,Paid,Desktop,USA,Basic,Upgrade,22.0,96.0,16.0,0.0,Automated reports are a lifesaver,4.7,1,0,1,0.0,0.0,,22.0
4753,2026-01-14,Organic,Mobile,USA,Free,Onboarding,6.0,31.0,1.0,1.0,Needs a few more integrations,3.4,0,1,1,0.0,,,
4754,2025-05-08,Organic,Mobile,USA,Free,Sign-up,4.0,14.0,1.0,0.0,Average experience so far,2.7,0,1,0,0.0,0.0,0.0,5.0
4755,2025-06-30,Paid,Mobile,USA,Free,First Feature Use,5.0,54.0,4.0,0.0,Meets minimum requirements,3.0,0,1,1,1.0,2.0,0.0,12.0
4756,2025-03-13,Referral,Mobile,India,Free,Landing,1.0,9.0,0.0,0.0,Too many bugs on mobile,2.1,0,1,0,0.0,0.0,0.0,1.0
4757,2026-04-17,Referral,Mobile,USA,Free,First Feature Use,7.0,57.0,5.0,0.0,Could be better but not terrible,3.8,0,1,1,0.0,1.0,0.0,15.0
4758,2025-05-13,Paid,Mobile,USA,Free,Sign-up,4.0,17.0,0.0,0.0,Basic features work fine so far,3.8,0,1,0,1.0,0.0,0.0,5.0
4759,2026-03-08,Organic,Desktop,USA,Free,First Feature Use,11.0,53.0,5.0,1.0,Saves me hours every week,4.4,0,1,1,0.0,0.0,0.0,10.0
4760,2026-03-04,Organic,Desktop,USA,Free,Onboarding,5.0,24.0,3.0,0.0,Will evaluate again next month,3.6,0,1,1,0.0,0.0,0.0,8.0
4761,2025-06-01,Organic,Tablet,Germany,Basic,Onboarding,,22.0,3.0,2.0,Decent but not great,3.8,0,0,1,1.0,1.0,13.0,3.0
4762,2025-08-31,Organic,Desktop,India,Free,Sign-up,4.0,19.0,0.0,0.0,Average experience so far,3.9,0,1,0,0.0,1.0,,4.0
4763,2025-11-07,Organic,Desktop,USA,Basic,Upgrade,23.0,85.0,14.0,0.0,Integration with Slack was seamless,4.0,1,0,1,1.0,0.0,0.0,17.0
4764,2025-06-22,Organic,Mobile,USA,Free,Sign-up,4.0,10.0,0.0,0.0,Learning curve is medium,3.2,0,1,0,0.0,1.0,0.0,1.0
4765,2025-12-28,Paid,Desktop,Germany,Premium,Upgrade,16.0,131.0,11.0,0.0,Best SaaS tool I've used,4.1,1,0,1,0.0,0.0,0.0,13.0
4766,2025-03-20,Organic,Desktop,UK,Premium,Upgrade,21.0,117.0,8.0,0.0,Best SaaS tool I've used,4.0,1,0,1,0.0,1.0,0.0,25.0
4767,2026-02-24,Paid,Mobile,Germany,Free,Landing,2.0,9.0,0.0,0.0,App crashes during report export,1.7,0,1,0,0.0,0.0,0.0,1.0
4768,2026-05-07,Referral,Desktop,USA,Free,Onboarding,3.0,42.0,1.0,0.0,Average experience so far,2.6,0,1,1,0.0,0.0,0.0,9.0
4769,2025-06-25,Paid,Mobile,USA,Free,First Feature Use,9.0,49.0,7.0,1.0,Saves me hours every week,4.6,0,1,1,1.0,0.0,0.0,4.0
4770,2025-01-03,Paid,Tablet,India,Free,Landing,1.0,6.0,0.0,0.0,UI feels outdated,1.0,0,1,0,0.0,0.0,0.0,6.0
4771,2026-03-27,Paid,Desktop,UK,Free,Onboarding,4.0,30.0,1.0,0.0,Standard SaaS experience,3.3,0,1,1,0.0,0.0,0.0,9.0
4772,2025-09-13,Organic,Tablet,India,Free,First Feature Use,10.0,31.0,4.0,1.0,Real-time sync is fast,4.6,0,1,1,0.0,1.0,0.0,2.0
4773,2025-04-20,Organic,Mobile,USA,Free,Onboarding,6.0,26.0,1.0,0.0,Haven't used all features yet,3.3,0,1,1,0.0,0.0,0.0,13.0
4774,2025-07-06,Organic,Mobile,UK,Free,First Feature Use,5.0,33.0,4.0,1.0,Meets minimum requirements,2.9,0,1,1,1.0,2.0,0.0,19.0
4775,2025-11-12,Organic,Tablet,USA,Free,Sign-up,2.0,13.0,1.0,0.0,Mobile UI is cluttered,1.9,0,1,0,0.0,0.0,0.0,8.0
4776,2025-12-23,Paid,Mobile,USA,Free,First Feature Use,10.0,33.0,6.0,1.0,Worth every penny,4.9,0,1,1,1.0,0.0,0.0,19.0
4777,2025-04-18,Referral,Mobile,India,Free,Sign-up,2.0,22.0,1.0,0.0,No offline access,1.4,0,1,0,0.0,0.0,0.0,8.0
4778,2025-03-24,Referral,Desktop,UK,Free,Onboarding,7.0,28.0,3.0,3.0,Works most of the time,3.0,0,1,1,0.0,0.0,0.0,8.0
4779,2025-10-14,Organic,Desktop,UK,Free,Sign-up,3.0,24.0,0.0,0.0,Not sure if I'll continue,3.2,0,1,0,0.0,0.0,0.0,1.0
4780,2025-05-04,Referral,Mobile,Canada,Basic,Onboarding,4.0,24.0,2.0,1.0,"Works as expected, nothing special",3.9,0,0,1,0.0,0.0,7.0,7.0
4781,2026-02-18,Organic,Mobile,India,Free,Sign-up,2.0,13.0,0.0,0.0,Too many steps during setup process,2.1,0,1,0,1.0,0.0,0.0,7.0
4782,2025-07-17,Referral,Mobile,UK,Free,First Feature Use,6.0,57.0,6.0,2.0,Meets minimum requirements,3.5,0,1,1,1.0,0.0,0.0,8.0
4783,2025-10-17,Organic,Mobile,UK,Free,Landing,2.0,14.0,0.0,0.0,The onboarding tutorial was confusing,2.1,0,1,0,0.0,0.0,0.0,6.0
4784,2025-04-26,Organic,Mobile,USA,Free,Sign-up,2.0,23.0,1.0,,Billing system is confusing,2.3,0,1,0,0.0,0.0,0.0,8.0
4785,2026-03-12,Organic,Desktop,India,Free,Sign-up,4.0,15.0,0.0,0.0,Will evaluate again next month,3.6,0,1,0,0.0,0.0,0.0,9.0
4786,2025-03-10,Referral,Desktop,USA,Free,Landing,1.0,5.0,0.0,0.0,Feature X is broken for weeks,2.2,0,1,0,1.0,0.0,0.0,3.0
4787,2025-05-20,Organic,Desktop,India,Free,Sign-up,4.0,21.0,1.0,0.0,It's fine for now,2.9,0,1,0,1.0,2.0,0.0,2.0
4788,2025-04-29,Organic,Mobile,USA,Free,Sign-up,2.0,21.0,0.0,0.0,Data sync is unreliable,1.5,0,1,0,0.0,0.0,0.0,8.0
4789,2025-02-12,Referral,Desktop,USA,Free,First Feature Use,11.0,51.0,7.0,1.0,Support team solved my issue quickly,4.6,0,1,1,1.0,0.0,0.0,19.0
4790,2026-03-11,Referral,Tablet,USA,Free,First Feature Use,7.0,57.0,3.0,0.0,Not sure if I'll continue,3.6,0,1,1,3.0,0.0,0.0,3.0
4791,2025-09-04,Organic,Desktop,UK,Free,Sign-up,3.0,22.0,1.0,0.0,Could be better but not terrible,2.5,0,1,0,0.0,0.0,0.0,5.0
4792,2025-01-17,Paid,Mobile,USA,Free,Landing,2.0,12.0,0.0,0.0,Billing system is confusing,2.2,0,1,0,0.0,0.0,0.0,5.0
4793,2025-12-04,Organic,Tablet,USA,Free,Landing,2.0,5.0,0.0,0.0,Mobile app crashes while exporting reports,1.2,0,1,0,1.0,0.0,0.0,6.0
4794,2025-05-24,Organic,Mobile,UK,Free,Onboarding,3.0,43.0,2.0,1.0,Not blown away but not disappointed,2.9,0,1,1,0.0,0.0,0.0,9.0
4795,2025-03-26,Paid,Desktop,USA,Free,Onboarding,7.0,38.0,1.0,0.0,Basic features work fine so far,3.1,0,1,1,,0.0,0.0,2.0
4796,2025-02-07,Organic,Mobile,USA,Free,Onboarding,3.0,33.0,1.0,0.0,Still evaluating whether premium is worth it,2.8,0,1,1,0.0,0.0,0.0,13.0
4797,2026-02-04,Paid,Desktop,USA,Premium,Upgrade,,88.0,18.0,0.0,Love the reporting features,4.5,1,0,1,0.0,,0.0,22.0
4798,2025-10-23,Paid,Tablet,India,Free,Landing,2.0,14.0,0.0,0.0,Frequent downtime,2.3,0,1,0,,0.0,0.0,2.0
4799,2025-06-15,Paid,Mobile,UK,Free,Onboarding,7.0,35.0,1.0,1.0,It's fine for now,3.4,0,1,1,0.0,0.0,0.0,3.0
4800,2026-03-26,Paid,Mobile,Germany,Free,First Feature Use,10.0,32.0,3.0,1.0,Helped our team productivity,4.8,0,1,1,0.0,0.0,0.0,17.0
4801,2025-12-25,Paid,Mobile,USA,Basic,First Feature Use,7.0,67.0,4.0,1.0,Could be better but not terrible,2.8,0,0,1,0.0,0.0,5.0,18.0
4802,2026-02-06,Organic,Mobile,USA,Free,Landing,,8.0,0.0,0.0,Mobile UI is cluttered,1.4,0,1,0,0.0,0.0,0.0,6.0
4803,2025-07-15,Organic,Mobile,USA,Basic,Onboarding,6.0,43.0,2.0,0.0,Good enough for my use case,2.9,0,0,1,0.0,0.0,13.0,13.0
4804,2025-04-12,Paid,Desktop,Canada,Free,Sign-up,3.0,15.0,1.0,0.0,Need more time before upgrading,3.8,0,1,0,0.0,0.0,0.0,7.0
4805,2026-03-28,Paid,Mobile,UK,Free,First Feature Use,5.0,65.0,5.0,1.0,Not blown away but not disappointed,3.5,0,1,1,1.0,0.0,0.0,13.0
4806,2026-04-19,Paid,Mobile,UK,Basic,Onboarding,7.0,30.0,2.0,1.0,Works most of the time,3.5,0,0,1,1.0,0.0,14.0,7.0
4807,2026-03-04,Paid,Mobile,Germany,Free,First Feature Use,8.0,59.0,6.0,0.0,Need more time before upgrading,3.6,0,1,1,2.0,0.0,0.0,1.0
4808,2026-01-29,Organic,Mobile,USA,Free,Landing,1.0,9.0,0.0,0.0,Missing key features compared to competitors,1.4,0,1,0,0.0,0.0,0.0,5.0
4809,2025-11-12,Paid,Desktop,USA,Premium,Upgrade,17.0,117.0,10.0,0.0,Great value for money,4.3,1,0,1,1.0,0.0,0.0,20.0
4810,2025-12-08,Organic,Desktop,India,Basic,Onboarding,3.0,37.0,2.0,0.0,Will decide after trial ends,3.3,0,0,1,0.0,0.0,7.0,13.0
4811,2026-02-05,Referral,Desktop,India,Free,Sign-up,,21.0,0.0,0.0,Needs a few more integrations,3.5,0,1,0,0.0,0.0,0.0,7.0
4812,2025-07-07,Paid,Mobile,India,Free,Sign-up,3.0,17.0,1.0,0.0,Still exploring features,2.6,0,1,0,1.0,,0.0,
4813,2025-04-19,Organic,Mobile,India,Free,Landing,2.0,13.0,0.0,0.0,Support response time is slow,2.1,0,1,0,0.0,0.0,0.0,4.0
4814,2025-12-09,Paid,Mobile,UK,Free,Landing,1.0,8.0,0.0,1.0,Too many bugs on mobile,1.3,0,1,0,0.0,0.0,0.0,5.0
4815,2026-03-03,Referral,Mobile,Germany,Premium,Upgrade,24.0,77.0,17.0,0.0,Automated reports are a lifesaver,4.5,1,0,1,0.0,2.0,0.0,9.0
4816,2025-08-08,Organic,Desktop,UK,Basic,Onboarding,7.0,39.0,3.0,1.0,No strong opinion yet,4.0,0,0,1,0.0,0.0,9.0,13.0
4817,2026-03-11,Paid,Desktop,USA,Free,Onboarding,5.0,23.0,2.0,1.0,Decent but not great,2.9,0,1,1,1.0,0.0,0.0,6.0
4818,2025-03-19,Paid,Mobile,UK,Free,Landing,2.0,10.0,0.0,1.0,Too many steps during setup process,2.3,0,1,0,0.0,,0.0,1.0
4819,2025-12-23,Paid,Mobile,India,Free,First Feature Use,7.0,37.0,6.0,0.0,No strong opinion yet,3.9,0,1,1,2.0,0.0,0.0,18.0
4820,2025-05-23,Organic,Desktop,India,Free,Landing,1.0,11.0,0.0,,App crashes during report export,2.1,0,1,0,0.0,0.0,0.0,
4821,2025-06-01,Paid,Desktop,USA,Basic,Onboarding,7.0,26.0,1.0,0.0,Room for improvement in UI,2.6,0,0,1,1.0,1.0,6.0,8.0
4822,2025-05-25,Referral,Mobile,USA,Free,First Feature Use,7.0,38.0,3.0,0.0,No strong opinion yet,2.8,0,1,1,0.0,0.0,0.0,7.0
4823,2025-05-04,Referral,Desktop,USA,Basic,Upgrade,19.0,131.0,12.0,0.0,Real-time sync is fast,4.8,1,0,1,0.0,0.0,0.0,17.0
4824,2025-09-07,Paid,Tablet,Canada,Free,Onboarding,3.0,31.0,1.0,0.0,Good enough for my use case,2.6,0,1,1,0.0,0.0,0.0,9.0
4825,2025-05-02,Referral,Mobile,USA,Free,Onboarding,5.0,42.0,3.0,0.0,Average experience so far,3.3,0,1,1,1.0,0.0,0.0,6.0
4826,2025-04-23,Paid,Mobile,USA,Free,Sign-up,3.0,23.0,0.0,0.0,Still evaluating whether premium is worth it,3.1,0,1,0,0.0,0.0,0.0,5.0
4827,2025-06-06,Organic,Mobile,UK,Free,Landing,1.0,9.0,0.0,0.0,No offline access,1.3,0,1,0,0.0,0.0,0.0,4.0
4828,2025-04-18,Paid,Desktop,Germany,Premium,Upgrade,21.0,117.0,10.0,0.0,Real-time sync is fast,4.4,1,0,1,0.0,1.0,0.0,14.0
4829,2025-08-04,Organic,Mobile,India,Free,Sign-up,4.0,,0.0,0.0,Works most of the time,3.5,0,1,0,1.0,0.0,0.0,5.0
4830,2026-03-17,Organic,Tablet,Germany,Free,Landing,2.0,11.0,0.0,0.0,Pricing too high for small businesses,1.4,0,1,0,1.0,0.0,0.0,5.0
4831,2026-03-26,Paid,Desktop,UK,Free,Sign-up,3.0,10.0,0.0,0.0,Could be better but not terrible,3.6,0,1,0,0.0,0.0,0.0,8.0
4832,2025-10-07,Referral,Mobile,Germany,Free,Onboarding,5.0,25.0,3.0,2.0,"Works as expected, nothing special",2.7,0,1,1,0.0,1.0,0.0,3.0
4833,2026-02-05,Paid,Mobile,USA,Free,Sign-up,2.0,20.0,0.0,0.0,App crashes during report export,2.3,0,1,0,0.0,1.0,,1.0
4834,2026-03-05,Paid,Desktop,USA,Free,First Feature Use,5.0,30.0,4.0,0.0,Decent but not great,3.1,0,1,1,0.0,0.0,0.0,9.0
4835,2025-12-30,Organic,Mobile,India,Free,Sign-up,4.0,11.0,0.0,0.0,Nothing exceptional,3.9,0,1,0,0.0,0.0,0.0,2.0
4836,2026-01-08,Organic,Tablet,USA,Free,Onboarding,4.0,36.0,1.0,0.0,"Works as expected, nothing special",3.0,0,1,1,0.0,0.0,0.0,12.0
4837,2025-05-27,Organic,Mobile,Germany,Premium,Upgrade,23.0,69.0,15.0,0.0,Feature updates are frequent and useful,4.2,1,0,1,2.0,0.0,0.0,18.0
4838,2025-05-11,Paid,Mobile,USA,Free,Sign-up,2.0,14.0,0.0,0.0,Export functionality is limited,1.2,0,1,0,0.0,0.0,0.0,4.0
4839,2025-11-08,Organic,Desktop,USA,Free,Landing,1.0,7.0,0.0,0.0,Trial period too short,1.6,0,1,0,0.0,0.0,0.0,5.0
4840,2025-11-11,Organic,Mobile,USA,Free,Sign-up,4.0,10.0,0.0,0.0,Ok for basic use,2.9,0,1,0,0.0,0.0,0.0,6.0
4841,2025-10-20,Organic,Desktop,UK,Free,Landing,1.0,6.0,0.0,0.0,Feature X is broken for weeks,,0,1,0,0.0,0.0,0.0,4.0
4842,2026-03-03,Paid,Mobile,USA,Free,Sign-up,4.0,18.0,1.0,0.0,Basic features work fine so far,3.3,0,1,0,0.0,0.0,0.0,5.0
4843,2026-02-17,Referral,Desktop,USA,Free,Landing,1.0,7.0,0.0,0.0,App crashes during report export,2.5,0,1,0,0.0,0.0,0.0,6.0
4844,2025-03-17,Paid,Mobile,Germany,Free,Sign-up,2.0,12.0,1.0,0.0,Email notifications are spammy,1.1,0,1,0,0.0,1.0,0.0,9.0
4845,2025-04-22,Organic,Mobile,Germany,Free,Landing,1.0,13.0,0.0,0.0,Email notifications are spammy,1.3,0,1,0,0.0,0.0,0.0,5.0
4846,2026-03-17,Organic,Desktop,USA,Free,Sign-up,2.0,16.0,1.0,0.0,Data sync is unreliable,1.2,0,1,0,0.0,0.0,0.0,2.0
4847,2025-11-12,,Mobile,UK,Basic,First Feature Use,7.0,37.0,7.0,0.0,Meets minimum requirements,3.7,0,0,1,0.0,0.0,6.0,13.0
4848,2025-11-06,Organic,Mobile,UK,Free,Sign-up,4.0,11.0,1.0,1.0,Ok for basic use,2.7,0,1,0,1.0,0.0,0.0,5.0
4849,2025-05-01,Organic,Mobile,USA,Free,Landing,2.0,10.0,0.0,0.0,UI feels outdated,2.3,0,1,0,0.0,0.0,0.0,6.0
4850,2025-05-20,Organic,Mobile,UK,Free,Landing,2.0,9.0,,0.0,Missing key features compared to competitors,1.8,0,1,0,1.0,0.0,0.0,3.0
4851,2025-07-02,Organic,Tablet,USA,Free,Sign-up,3.0,15.0,0.0,0.0,Meets minimum requirements,4.0,0,1,0,0.0,2.0,,9.0
4852,2025-01-26,Organic,Mobile,USA,Premium,Upgrade,21.0,101.0,15.0,0.0,Customer support was excellent,4.2,1,0,1,0.0,0.0,0.0,1.0
4853,2025-09-21,Organic,Desktop,India,Free,Landing,1.0,13.0,0.0,0.0,Mobile UI is cluttered,1.8,0,1,0,0.0,0.0,0.0,3.0
4854,2025-08-10,Paid,Mobile,UK,Free,Onboarding,5.0,21.0,1.0,1.0,Could be better but not terrible,3.5,0,1,1,2.0,0.0,0.0,3.0
4855,2026-01-26,Referral,Mobile,USA,Free,Onboarding,7.0,34.0,3.0,0.0,Need more time before upgrading,3.0,0,1,1,0.0,0.0,0.0,2.0
4856,2025-09-03,Referral,Desktop,UK,Basic,First Feature Use,7.0,44.0,6.0,0.0,Needs a few more integrations,2.7,0,0,1,1.0,0.0,1.0,3.0
4857,2025-09-14,Organic,Mobile,UK,Free,Landing,,14.0,0.0,0.0,Support response time is slow,1.3,0,1,0,1.0,0.0,0.0,2.0
4858,2026-04-01,Organic,Desktop,India,Free,Sign-up,3.0,23.0,0.0,0.0,Meets minimum requirements,,0,1,0,0.0,0.0,0.0,4.0
4859,2025-11-12,Referral,Mobile,UK,Free,Sign-up,,10.0,1.0,0.0,Not sure if I'll continue,2.6,0,1,0,0.0,0.0,0.0,3.0
4860,2025-09-16,Organic,Mobile,India,Free,Landing,1.0,8.0,0.0,0.0,Customer support unhelpful,1.9,0,1,0,0.0,0.0,0.0,6.0
4861,2025-03-10,Referral,Desktop,USA,Free,Onboarding,3.0,21.0,1.0,0.0,Ok for basic use,3.5,0,1,1,1.0,0.0,0.0,7.0
4862,2025-03-30,Paid,Mobile,USA,Basic,Onboarding,5.0,40.0,1.0,1.0,Basic features work fine so far,2.9,0,0,1,0.0,0.0,8.0,12.0
4863,2025-09-09,Referral,Desktop,India,Free,First Feature Use,6.0,34.0,6.0,0.0,Learning curve is medium,2.7,0,1,1,0.0,0.0,0.0,12.0
4864,2025-03-17,Referral,Mobile,India,Free,First Feature Use,8.0,62.0,7.0,1.0,Need more time before upgrading,2.7,0,1,1,0.0,0.0,0.0,10.0
4865,2026-02-13,Paid,Desktop,USA,Free,First Feature Use,11.0,69.0,7.0,1.0,Analytics dashboard is insightful,4.9,0,1,1,1.0,0.0,0.0,19.0
4866,2025-10-17,Paid,Mobile,USA,Free,First Feature Use,11.0,56.0,6.0,1.0,Worth every penny,4.9,0,1,1,0.0,1.0,0.0,19.0
4867,2026-02-18,Organic,Desktop,India,Free,Landing,2.0,6.0,0.0,0.0,Feature X is broken for weeks,1.3,0,1,0,0.0,0.0,0.0,3.0
4868,2025-02-12,Organic,Tablet,USA,Free,Sign-up,3.0,24.0,0.0,1.0,Need more time before upgrading,3.8,0,1,0,0.0,0.0,0.0,1.0
4869,2025-02-07,Organic,Mobile,USA,Basic,First Feature Use,10.0,45.0,4.0,2.0,Best SaaS tool I've used,4.8,0,0,1,0.0,0.0,6.0,18.0
4870,2025-04-17,Organic,Mobile,USA,Free,Sign-up,4.0,13.0,1.0,0.0,It's fine for now,3.3,0,1,0,0.0,0.0,0.0,7.0
4871,2025-09-25,Organic,Desktop,USA,Basic,Onboarding,3.0,22.0,2.0,0.0,Meets minimum requirements,3.9,0,0,1,0.0,0.0,5.0,9.0
4872,2025-07-20,Organic,Mobile,USA,Free,Landing,1.0,14.0,0.0,0.0,Dashboard loads slowly,2.5,0,1,0,0.0,0.0,0.0,3.0
4873,2025-10-06,Referral,Desktop,USA,Premium,Upgrade,17.0,63.0,,0.0,Easy onboarding experience,4.2,1,0,1,0.0,0.0,0.0,5.0
4874,2025-03-07,Organic,Tablet,India,Free,Onboarding,5.0,30.0,3.0,0.0,Ok for basic use,3.0,0,1,1,0.0,0.0,0.0,13.0
4875,2025-06-11,Organic,Desktop,USA,Free,Sign-up,2.0,22.0,1.0,0.0,Pricing feels too expensive,2.2,0,1,0,0.0,0.0,0.0,9.0
4876,2025-04-02,Organic,Mobile,UK,Free,Sign-up,3.0,18.0,0.0,0.0,Standard SaaS experience,3.1,0,1,0,0.0,0.0,0.0,5.0
4877,2025-12-02,Paid,Mobile,India,Free,Sign-up,4.0,13.0,0.0,0.0,Good enough for my use case,2.6,0,1,0,0.0,0.0,0.0,9.0
4878,2026-03-30,Organic,Mobile,USA,Premium,Upgrade,19.0,103.0,11.0,0.0,Data export works perfectly,4.1,1,0,1,0.0,0.0,0.0,2.0
4879,2025-05-21,Referral,Mobile,USA,Free,First Feature Use,8.0,33.0,3.0,1.0,Haven't used all features yet,3.0,0,1,1,0.0,0.0,0.0,11.0
4880,2025-05-13,Paid,Mobile,India,Premium,Upgrade,15.0,123.0,19.0,0.0,Integration with Slack was seamless,4.0,1,0,1,0.0,0.0,0.0,2.0
4881,2025-10-06,Paid,Desktop,USA,Premium,Upgrade,14.0,141.0,19.0,0.0,Love how everything is customisable,4.6,1,0,1,0.0,0.0,0.0,12.0
4882,2026-02-28,Organic,Mobile,USA,Premium,Upgrade,19.0,100.0,15.0,0.0,Saves me hours every week,4.7,1,0,1,2.0,0.0,0.0,10.0
4883,2025-06-19,Paid,Tablet,USA,Free,First Feature Use,5.0,63.0,5.0,2.0,Average experience so far,2.5,0,1,1,1.0,0.0,0.0,11.0
4884,2025-11-11,Referral,Desktop,USA,Free,Onboarding,7.0,20.0,3.0,1.0,Not sure if I'll continue,3.9,0,1,1,1.0,0.0,0.0,8.0
4885,2025-04-10,Organic,Tablet,India,Free,Onboarding,5.0,23.0,1.0,0.0,Average experience so far,2.5,0,1,1,2.0,0.0,0.0,5.0
4886,2025-06-16,Organic,Mobile,India,Basic,Onboarding,,32.0,1.0,0.0,Haven't used all features yet,3.2,0,0,1,0.0,,11.0,1.0
4887,2026-03-15,Organic,Desktop,USA,Free,Landing,1.0,5.0,0.0,0.0,Feature X is broken for weeks,,0,1,0,0.0,0.0,0.0,4.0
4888,2026-01-25,Referral,Mobile,Canada,Premium,Upgrade,21.0,77.0,8.0,0.0,Love the reporting features,4.3,1,0,1,1.0,0.0,0.0,7.0
4889,2025-04-10,Organic,Mobile,USA,Free,First Feature Use,9.0,68.0,7.0,0.0,Automated reports are a lifesaver,4.7,0,1,1,0.0,0.0,0.0,8.0
4890,2025-12-31,Referral,Desktop,UK,Basic,Onboarding,7.0,24.0,2.0,1.0,Will decide after trial ends,3.8,0,0,1,0.0,1.0,8.0,6.0
4891,2025-06-30,Organic,Desktop,India,Free,First Feature Use,10.0,33.0,,0.0,Real-time sync is fast,5.0,0,1,1,0.0,0.0,0.0,7.0
4892,2025-07-29,Paid,Mobile,India,Free,Sign-up,3.0,18.0,0.0,0.0,It's fine for now,2.5,0,1,0,0.0,0.0,0.0,5.0
4893,2026-04-07,Paid,Mobile,USA,Premium,Upgrade,10.0,94.0,7.0,0.0,Helped our team productivity,4.9,1,0,1,1.0,0.0,0.0,12.0
4894,2025-09-23,Organic,Mobile,India,Free,Landing,1.0,8.0,0.0,0.0,Dashboard loads slowly,1.2,0,1,0,1.0,0.0,0.0,4.0
4895,2025-10-12,Organic,Desktop,USA,Free,Onboarding,7.0,24.0,3.0,1.0,Good enough for my use case,3.8,0,1,1,0.0,0.0,0.0,13.0
4896,2025-07-16,Organic,Tablet,USA,Free,Onboarding,6.0,36.0,1.0,0.0,Haven't used all features yet,2.9,0,1,1,0.0,0.0,0.0,7.0
4897,2025-01-08,Organic,Mobile,USA,Free,Onboarding,4.0,38.0,2.0,,Decent but not great,2.8,0,1,1,0.0,0.0,0.0,2.0
4898,2025-01-20,Referral,Mobile,India,Free,Onboarding,6.0,38.0,2.0,1.0,Need more time before upgrading,,0,1,1,0.0,0.0,0.0,2.0
4899,2025-05-31,Organic,Tablet,USA,Free,Sign-up,4.0,16.0,1.0,0.0,Average experience so far,3.0,0,1,0,0.0,1.0,0.0,7.0
4900,2025-10-16,Paid,Mobile,USA,Free,Onboarding,4.0,44.0,,0.0,It's fine for now,3.2,0,1,1,0.0,1.0,0.0,13.0
4901,2025-01-07,Organic,Desktop,USA,Free,Sign-up,2.0,20.0,1.0,0.0,Email notifications are spammy,2.1,0,1,0,0.0,0.0,0.0,6.0
4902,2026-01-30,Organic,Mobile,USA,Basic,First Feature Use,10.0,50.0,4.0,1.0,Worth every penny,4.9,0,0,1,0.0,0.0,5.0,6.0
4903,2025-02-08,Paid,Mobile,USA,Free,Onboarding,5.0,22.0,2.0,1.0,Will evaluate again next month,2.7,0,1,1,1.0,1.0,0.0,2.0
4904,2025-08-29,Paid,Mobile,Germany,Free,Sign-up,3.0,17.0,0.0,0.0,Decent but not great,3.3,0,1,0,0.0,0.0,0.0,7.0
4905,2026-03-04,Organic,Desktop,USA,Free,Landing,1.0,13.0,0.0,1.0,Dashboard loads slowly,2.3,0,1,0,1.0,0.0,0.0,2.0
4906,2026-02-13,Paid,Mobile,USA,Free,Onboarding,3.0,30.0,3.0,0.0,Still evaluating whether premium is worth it,2.8,0,1,1,1.0,0.0,0.0,12.0
4907,2025-11-11,Organic,Mobile,UK,Free,Onboarding,6.0,26.0,2.0,0.0,It's fine for now,2.7,0,1,1,0.0,,0.0,9.0
4908,2025-08-21,Referral,Mobile,India,Free,Sign-up,3.0,10.0,0.0,0.0,Meets minimum requirements,3.2,0,1,0,2.0,0.0,0.0,5.0
4909,2025-03-30,Organic,Desktop,India,Free,Sign-up,3.0,16.0,0.0,1.0,Meets minimum requirements,2.6,0,1,0,0.0,0.0,0.0,5.0
4910,2025-12-19,Organic,Desktop,India,Free,Landing,2.0,6.0,0.0,0.0,Pricing too high for small businesses,1.6,0,1,0,0.0,0.0,,5.0
4911,2026-02-10,Paid,Desktop,USA,Free,First Feature Use,10.0,40.0,4.0,0.0,Reporting module saves a lot of time,4.1,0,1,1,0.0,3.0,0.0,5.0
4912,2025-11-24,Organic,Mobile,India,Free,Landing,1.0,11.0,0.0,0.0,Missing basic integrations,1.1,0,1,0,1.0,0.0,0.0,4.0
4913,2026-03-25,Organic,Desktop,UK,Free,Onboarding,4.0,42.0,2.0,0.0,Will decide after trial ends,2.9,0,1,1,1.0,0.0,0.0,8.0
4914,2025-06-19,Organic,Mobile,UK,Free,Landing,1.0,,0.0,0.0,Trial period too short,1.2,0,1,0,0.0,0.0,0.0,6.0
4915,2026-02-27,Referral,Mobile,Canada,Basic,Upgrade,11.0,140.0,16.0,0.0,Best SaaS tool I've used,4.7,1,0,1,1.0,0.0,0.0,27.0
4916,2025-07-07,Referral,Desktop,India,Free,Onboarding,7.0,24.0,1.0,0.0,Will decide after trial ends,3.8,0,1,1,1.0,1.0,0.0,9.0
4917,2025-03-25,Paid,Mobile,India,Free,Sign-up,4.0,24.0,1.0,0.0,Learning curve is medium,2.8,0,1,0,0.0,0.0,,3.0
4918,2025-06-21,Paid,Mobile,USA,Free,Landing,1.0,,0.0,1.0,Feature X is broken for weeks,2.2,0,1,0,0.0,0.0,0.0,3.0
4919,2025-06-17,Paid,Mobile,USA,Free,First Feature Use,8.0,35.0,4.0,0.0,Still exploring features,2.5,0,1,1,0.0,1.0,0.0,12.0
4920,2025-04-14,Organic,Desktop,Germany,Free,Landing,2.0,5.0,0.0,0.0,Pricing too high for small businesses,2.1,0,1,0,0.0,0.0,0.0,5.0
4921,2025-01-28,Organic,Mobile,UK,Free,Onboarding,7.0,22.0,1.0,0.0,Not blown away but not disappointed,3.5,0,1,1,2.0,1.0,0.0,5.0
4922,2025-02-06,Referral,Mobile,USA,Free,Onboarding,3.0,43.0,2.0,1.0,Ok for basic use,2.6,0,1,1,0.0,0.0,0.0,9.0
4923,2025-06-24,Organic,Desktop,India,Free,Landing,2.0,10.0,0.0,0.0,App crashes during report export,2.0,0,1,0,0.0,0.0,0.0,5.0
4924,2025-11-15,Organic,Desktop,USA,Free,Onboarding,7.0,23.0,3.0,1.0,Nothing exceptional,2.7,0,1,1,1.0,0.0,0.0,1.0
4925,2026-03-17,Referral,Desktop,India,Free,Onboarding,5.0,34.0,3.0,0.0,Good enough for my use case,3.9,0,1,1,0.0,1.0,,9.0
4926,2026-04-20,Paid,Mobile,Germany,Free,First Feature Use,5.0,41.0,3.0,0.0,Learning curve is medium,2.7,0,1,1,1.0,0.0,0.0,3.0
4927,2025-08-28,Organic,Mobile,USA,Basic,Onboarding,5.0,30.0,3.0,1.0,Not blown away but not disappointed,3.8,0,0,1,1.0,0.0,5.0,1.0
4928,2025-08-26,Organic,Mobile,USA,Free,Landing,1.0,12.0,0.0,0.0,Support response time is slow,1.3,0,1,0,0.0,0.0,0.0,3.0
4929,2025-12-30,Paid,Desktop,USA,Free,Sign-up,4.0,12.0,1.0,2.0,Basic features work fine so far,3.5,0,1,0,0.0,0.0,0.0,4.0
4930,2025-10-26,Paid,Desktop,Germany,Premium,Upgrade,16.0,63.0,13.0,0.0,Support team solved my issue quickly,4.2,1,0,1,3.0,0.0,0.0,6.0
4931,2025-09-01,Organic,Tablet,UK,Free,Landing,1.0,6.0,0.0,0.0,Missing key features compared to competitors,,0,1,0,0.0,0.0,0.0,2.0
4932,2026-03-17,Organic,Mobile,UK,Free,Sign-up,2.0,21.0,0.0,0.0,Missing key features compared to competitors,1.4,0,1,0,1.0,0.0,0.0,1.0
4933,2025-07-09,Referral,Mobile,India,Free,Sign-up,3.0,13.0,0.0,1.0,Nothing exceptional,3.9,0,1,0,1.0,,0.0,7.0
4934,2026-03-28,Organic,Mobile,USA,Free,Landing,1.0,9.0,0.0,0.0,Missing key features compared to competitors,2.2,0,1,0,0.0,0.0,0.0,2.0
4935,2026-01-12,Paid,Mobile,USA,Free,Landing,2.0,13.0,0.0,0.0,Email notifications are spammy,2.2,0,1,0,0.0,0.0,0.0,3.0
4936,2025-06-15,Organic,Mobile,India,Basic,Onboarding,3.0,27.0,1.0,0.0,Still exploring features,3.6,0,0,1,1.0,0.0,9.0,10.0
4937,2025-12-05,Organic,Tablet,Canada,Free,First Feature Use,8.0,63.0,5.0,0.0,Not sure if I'll continue,3.9,0,1,1,1.0,0.0,0.0,17.0
4938,2025-08-15,Organic,Desktop,USA,Free,Sign-up,3.0,20.0,0.0,0.0,Could be better but not terrible,3.5,0,1,0,1.0,0.0,0.0,7.0
4939,2026-03-01,Referral,Mobile,USA,Free,Sign-up,3.0,18.0,0.0,0.0,Not sure if I'll continue,2.7,0,1,0,1.0,0.0,0.0,8.0
4940,2025-09-22,Referral,Desktop,USA,Free,Onboarding,6.0,28.0,1.0,1.0,Meets minimum requirements,3.2,0,1,1,0.0,1.0,0.0,3.0
4941,2025-07-01,Organic,Mobile,India,Free,First Feature Use,9.0,31.0,6.0,0.0,Highly recommend to other teams,4.9,0,1,1,2.0,0.0,0.0,
4942,2025-11-21,Referral,Desktop,USA,Free,Onboarding,5.0,20.0,1.0,0.0,"Works as expected, nothing special",3.5,0,1,1,0.0,0.0,0.0,8.0
4943,2025-05-07,Organic,Desktop,Canada,Free,Sign-up,2.0,15.0,1.0,0.0,Frequent downtime,2.0,0,1,0,1.0,1.0,0.0,5.0
4944,2025-01-15,Paid,Mobile,USA,Premium,Upgrade,10.0,131.0,14.0,1.0,Data export works perfectly,4.4,1,0,1,1.0,0.0,0.0,7.0
4945,2025-03-03,Organic,Desktop,USA,Free,Landing,2.0,6.0,0.0,0.0,Mobile UI is cluttered,2.0,0,1,0,0.0,0.0,0.0,6.0
4946,2025-08-21,Referral,Desktop,USA,Free,Onboarding,5.0,23.0,3.0,0.0,Similar to other tools,2.5,0,1,1,1.0,0.0,0.0,8.0
4947,2025-05-30,Organic,Mobile,Germany,Basic,First Feature Use,9.0,39.0,6.0,0.0,Mobile experience is smooth,4.6,0,0,1,0.0,0.0,5.0,4.0
4948,2026-03-04,Paid,Mobile,USA,Premium,Upgrade,10.0,95.0,16.0,0.0,The dashboard analytics are extremely useful,4.7,1,0,1,0.0,0.0,0.0,1.0
4949,2026-01-23,Paid,Mobile,USA,Free,Sign-up,4.0,11.0,1.0,0.0,Could be better but not terrible,2.7,0,1,0,0.0,0.0,0.0,4.0
4950,2025-05-23,Organic,Mobile,USA,Premium,Upgrade,20.0,127.0,13.0,0.0,Very intuitive UI,4.6,1,0,1,1.0,0.0,0.0,8.0
4951,2025-12-22,Organic,Mobile,India,Free,Sign-up,3.0,16.0,1.0,0.0,Works most of the time,2.6,0,1,0,0.0,0.0,0.0,7.0
4952,2026-04-02,Organic,Desktop,USA,Free,Sign-up,2.0,15.0,0.0,0.0,No offline access,1.4,0,1,0,,0.0,0.0,2.0
4953,2025-05-21,Paid,Mobile,India,Free,Sign-up,2.0,15.0,0.0,0.0,Customer support unhelpful,1.3,0,1,0,0.0,0.0,0.0,7.0
4954,2025-11-20,Organic,Desktop,USA,Free,Landing,2.0,7.0,0.0,0.0,Too many steps during setup process,1.6,0,1,0,0.0,0.0,0.0,4.0
4955,2025-08-18,Paid,Tablet,Germany,Free,Onboarding,5.0,32.0,3.0,0.0,"Works as expected, nothing special",2.7,0,1,1,0.0,0.0,0.0,13.0
4956,2026-03-19,Referral,Desktop,India,Premium,Upgrade,24.0,145.0,15.0,0.0,Easy onboarding experience,4.5,1,0,1,0.0,,0.0,20.0
4957,2025-05-17,Organic,Desktop,USA,Basic,First Feature Use,6.0,43.0,3.0,1.0,Ok for basic use,2.6,0,1,1,2.0,0.0,0.0,14.0
4958,2025-05-27,Organic,Desktop,Canada,Free,First Feature Use,10.0,30.0,4.0,1.0,Mobile experience is smooth,4.3,0,1,1,0.0,0.0,0.0,7.0
4959,2025-03-31,Paid,Desktop,USA,Free,First Feature Use,6.0,52.0,6.0,1.0,Ok for basic use,3.5,0,1,1,0.0,0.0,0.0,8.0
4960,2025-12-28,Paid,Mobile,India,Free,Onboarding,4.0,22.0,3.0,0.0,It's fine for now,3.1,0,1,1,1.0,0.0,0.0,5.0
4961,2025-07-02,Referral,Mobile,USA,Basic,Upgrade,24.0,88.0,7.0,0.0,Reporting module saves a lot of time,4.8,1,0,1,0.0,0.0,0.0,16.0
4962,2026-02-20,Organic,Desktop,USA,Free,First Feature Use,5.0,36.0,3.0,0.0,Needs a few more integrations,3.9,0,1,1,0.0,,0.0,6.0
4963,2025-01-28,Organic,Desktop,USA,Free,Onboarding,3.0,41.0,3.0,1.0,Standard SaaS experience,2.9,0,1,1,0.0,0.0,0.0,1.0
4964,2025-09-13,Referral,Tablet,UK,Free,Landing,,13.0,0.0,1.0,Missing basic integrations,1.3,0,1,0,0.0,0.0,0.0,3.0
4965,2025-03-17,Referral,Desktop,USA,Free,First Feature Use,7.0,,5.0,1.0,Not blown away but not disappointed,3.2,0,1,1,0.0,,0.0,1.0
4966,2025-04-05,Paid,Desktop,UK,Free,Landing,1.0,8.0,0.0,0.0,Feature X is broken for weeks,1.4,0,1,0,3.0,0.0,0.0,2.0
4967,2025-09-01,Organic,Mobile,USA,Free,Landing,1.0,13.0,0.0,0.0,Dashboard loads slowly,1.3,0,1,0,,0.0,0.0,2.0
4968,2025-09-08,Organic,Desktop,India,Basic,First Feature Use,10.0,66.0,,1.0,Best SaaS tool I've used,4.2,0,1,1,1.0,0.0,0.0,4.0
4969,2025-01-13,Organic,Tablet,UK,Free,First Feature Use,5.0,34.0,5.0,0.0,Ok for basic use,3.4,0,1,1,0.0,1.0,0.0,17.0
4970,2025-01-15,Referral,Mobile,India,Basic,First Feature Use,9.0,60.0,5.0,1.0,The mobile app is surprisingly good,4.4,0,0,1,0.0,0.0,1.0,12.0
4971,2025-03-01,Organic,Mobile,India,Free,Onboarding,5.0,36.0,2.0,0.0,Good enough for my use case,3.1,0,1,1,1.0,0.0,0.0,12.0
4972,2025-01-18,Paid,Mobile,USA,Free,Sign-up,2.0,20.0,0.0,1.0,Too many steps during setup process,1.0,0,1,0,2.0,0.0,0.0,1.0
4973,2025-04-26,Paid,Desktop,USA,Free,First Feature Use,9.0,67.0,7.0,0.0,The dashboard analytics are extremely useful,4.5,0,1,1,1.0,0.0,0.0,18.0
4974,2025-02-08,Organic,Mobile,USA,Free,Sign-up,4.0,13.0,1.0,0.0,Still evaluating whether premium is worth it,2.7,0,1,0,0.0,0.0,0.0,3.0
4975,2025-02-04,Organic,Desktop,Germany,Free,Landing,2.0,8.0,0.0,0.0,Billing system is confusing,1.7,0,1,0,0.0,0.0,0.0,4.0
4976,2025-08-27,Paid,Mobile,UK,Premium,Upgrade,17.0,115.0,18.0,0.0,The dashboard analytics are extremely useful,4.4,1,0,1,0.0,0.0,0.0,18.0
4977,2025-01-15,Organic,Mobile,India,Free,First Feature Use,9.0,,3.0,1.0,Automated reports are a lifesaver,4.5,0,1,1,2.0,2.0,0.0,5.0
4978,2026-03-31,Organic,Tablet,Germany,Free,Onboarding,3.0,21.0,2.0,1.0,Will evaluate again next month,3.8,0,1,1,1.0,0.0,0.0,9.0
4979,2026-03-17,Organic,Mobile,Germany,Free,Landing,1.0,6.0,0.0,0.0,Mobile app crashes while exporting reports,1.2,0,1,0,0.0,0.0,0.0,4.0
4980,2025-05-01,Referral,Mobile,UK,Basic,Onboarding,4.0,31.0,2.0,0.0,"Works as expected, nothing special",2.7,0,0,1,0.0,0.0,,1.0
4981,2026-04-04,Referral,Mobile,UK,Free,Onboarding,3.0,35.0,1.0,0.0,Will decide after trial ends,3.9,0,1,1,0.0,0.0,0.0,9.0
4982,2025-04-18,Paid,Desktop,Germany,Free,Sign-up,2.0,10.0,1.0,0.0,Steep learning curve,2.0,0,1,0,0.0,0.0,0.0,3.0
4983,2026-03-09,Paid,Mobile,India,Premium,Upgrade,11.0,76.0,16.0,0.0,Love how everything is customisable,4.7,1,0,1,4.0,0.0,0.0,17.0
4984,2025-08-04,Paid,Mobile,India,Free,First Feature Use,6.0,66.0,4.0,0.0,Could be better but not terrible,3.5,0,1,1,2.0,0.0,0.0,3.0
4985,2025-09-28,Paid,Tablet,UK,Basic,First Feature Use,8.0,45.0,5.0,0.0,It's fine for now,3.0,0,0,1,0.0,0.0,4.0,9.0
4986,2025-10-07,Referral,Mobile,UK,Free,Onboarding,5.0,30.0,3.0,0.0,It's fine for now,3.2,0,1,1,1.0,0.0,0.0,13.0
4987,2025-10-18,Organic,Mobile,USA,Free,Landing,2.0,12.0,0.0,0.0,Billing system is confusing,1.5,0,1,0,1.0,0.0,0.0,3.0
4988,2026-01-29,Organic,Mobile,India,Free,Sign-up,2.0,21.0,1.0,0.0,Billing system is confusing,2.3,0,1,0,1.0,0.0,0.0,
4989,2025-12-24,Referral,Mobile,UK,Free,First Feature Use,11.0,53.0,7.0,1.0,Simple and effective design,5.0,0,1,1,0.0,0.0,0.0,18.0
4990,2025-02-04,Paid,Mobile,USA,Free,Sign-up,3.0,23.0,0.0,0.0,It's fine for now,3.5,0,1,0,0.0,0.0,,4.0
4991,2025-04-26,Organic,Desktop,USA,Free,Landing,1.0,14.0,0.0,0.0,Mobile app crashes while exporting reports,2.5,0,1,0,0.0,0.0,0.0,5.0
4992,2025-01-15,Referral,Tablet,Germany,Free,Landing,1.0,11.0,0.0,0.0,Export functionality is limited,2.2,0,1,0,0.0,0.0,0.0,4.0
4993,2026-02-01,Organic,Mobile,UK,Free,Landing,1.0,6.0,0.0,0.0,Email notifications are spammy,1.6,0,1,0,0.0,0.0,0.0,4.0
4994,2025-07-29,Organic,Desktop,USA,Free,Sign-up,4.0,18.0,0.0,0.0,"Works as expected, nothing special",3.7,0,1,0,0.0,0.0,0.0,1.0
4995,2025-01-24,Paid,Mobile,USA,Free,First Feature Use,11.0,57.0,3.0,1.0,Saves me hours every week,4.1,0,1,1,0.0,1.0,0.0,5.0
4996,2025-07-22,Organic,Desktop,UK,Free,Onboarding,5.0,33.0,2.0,0.0,Could be better but not terrible,3.5,0,1,1,0.0,1.0,0.0,11.0
4997,2025-10-01,Paid,Mobile,USA,Free,Sign-up,4.0,15.0,0.0,0.0,It's fine for now,3.7,0,1,0,0.0,0.0,0.0,3.0
4998,2025-05-21,Organic,Mobile,USA,Free,Landing,2.0,7.0,0.0,1.0,Billing system is confusing,1.3,0,1,0,0.0,0.0,0.0,2.0
4999,2026-04-21,Organic,Mobile,India,Free,Sign-up,3.0,23.0,0.0,1.0,Decent but not great,3.9,0,1,0,0.0,0.0,0.0,5.0
5000,2025-11-04,Paid,Mobile,UK,Free,Onboarding,5.0,21.0,1.0,1.0,Needs a few more integrations,3.7,0,1,1,1.0,0.0,0.0,3.0
5001,2025-03-29,Paid,Desktop,Germany,Free,Sign-up,3.0,13.0,1.0,0.0,Not blown away but not disappointed,3.3,0,1,0,0.0,0.0,0.0,5.0
5002,2025-08-03,Organic,Desktop,USA,Free,First Feature Use,8.0,53.0,5.0,0.0,Decent but not great,2.7,0,1,1,0.0,0.0,,18.0
5003,2025-08-24,Referral,Mobile,USA,Free,Onboarding,7.0,32.0,2.0,0.0,Needs a few more integrations,3.5,0,1,1,0.0,0.0,0.0,1.0
5004,2026-01-08,Paid,Tablet,USA,Free,Sign-up,4.0,12.0,0.0,0.0,It's fine for now,3.3,0,1,0,0.0,0.0,0.0,7.0
5005,2025-12-29,Organic,Mobile,USA,Free,Landing,2.0,12.0,0.0,0.0,Feature X is broken for weeks,2.3,0,1,0,0.0,0.0,0.0,1.0
5006,2025-01-13,Organic,Desktop,USA,Free,Onboarding,6.0,23.0,1.0,1.0,Will evaluate again next month,2.9,0,1,1,1.0,0.0,0.0,10.0
5007,2026-03-01,Referral,Mobile,India,Free,First Feature Use,10.0,54.0,4.0,0.0,Support team solved my issue quickly,4.8,0,1,1,0.0,0.0,0.0,15.0
5008,2026-04-08,Paid,Mobile,USA,Free,Sign-up,4.0,19.0,1.0,0.0,Will decide after trial ends,2.8,0,1,0,0.0,0.0,0.0,6.0
5009,2025-09-29,Organic,Mobile,Germany,Free,First Feature Use,9.0,49.0,4.0,1.0,Support team solved my issue quickly,4.1,0,1,1,1.0,0.0,0.0,14.0
5010,2025-08-11,Organic,Mobile,USA,Free,Landing,1.0,14.0,0.0,1.0,Trial period too short,1.6,0,1,0,0.0,0.0,0.0,2.0
5011,2025-05-12,Organic,Mobile,India,Free,Landing,1.0,10.0,0.0,0.0,Customer support unhelpful,1.8,0,1,0,0.0,0.0,0.0,3.0
5012,2025-03-14,Organic,Desktop,Canada,Free,Onboarding,5.0,21.0,2.0,0.0,Will evaluate again next month,3.5,0,1,1,0.0,0.0,0.0,3.0
5013,2025-06-28,Paid,Desktop,USA,Basic,Upgrade,17.0,69.0,,0.0,Reporting module saves a lot of time,4.3,1,0,1,0.0,1.0,0.0,4.0
5014,2025-01-14,Referral,Desktop,USA,Free,Landing,2.0,12.0,0.0,0.0,Data sync is unreliable,1.0,0,1,0,0.0,0.0,0.0,4.0
5015,2025-09-18,Organic,Desktop,India,Free,Landing,2.0,6.0,0.0,1.0,Too many bugs on mobile,1.3,0,1,0,,0.0,0.0,6.0
5016,2025-12-31,Referral,Tablet,UK,Free,Onboarding,3.0,33.0,2.0,1.0,Average experience so far,3.6,0,1,1,1.0,0.0,0.0,
5017,2025-08-26,Referral,Desktop,UK,Free,First Feature Use,6.0,44.0,7.0,0.0,"Works as expected, nothing special",3.8,0,1,1,0.0,0.0,0.0,5.0
5018,2026-02-11,Referral,Desktop,USA,Basic,Onboarding,5.0,42.0,1.0,2.0,Average experience so far,3.6,0,0,1,2.0,1.0,11.0,12.0
5019,2025-12-18,Referral,Mobile,India,Free,First Feature Use,5.0,43.0,3.0,0.0,Works most of the time,3.3,0,1,1,1.0,1.0,0.0,12.0
5020,2025-05-08,Referral,Desktop,India,Free,Onboarding,3.0,33.0,,0.0,Still exploring features,3.9,0,1,1,1.0,0.0,0.0,2.0
5021,2025-12-27,Paid,Desktop,USA,Free,Onboarding,4.0,23.0,2.0,0.0,Not blown away but not disappointed,3.8,0,1,1,0.0,0.0,0.0,10.0
5022,2025-05-31,Organic,Mobile,Canada,Free,Sign-up,2.0,23.0,0.0,1.0,Trial period too short,1.5,0,1,0,0.0,0.0,0.0,8.0
5023,2025-12-06,Paid,Mobile,UK,Basic,First Feature Use,11.0,56.0,6.0,1.0,Customer support was excellent,4.4,0,1,1,0.0,,0.0,19.0
5024,2026-03-27,Referral,Tablet,UK,Free,Onboarding,7.0,38.0,3.0,0.0,Meets minimum requirements,3.8,0,1,1,0.0,0.0,0.0,12.0
5025,2026-03-23,Organic,Mobile,India,Free,Landing,2.0,12.0,0.0,0.0,Missing key features compared to competitors,1.5,0,1,0,0.0,0.0,0.0,2.0
5026,2025-07-14,Organic,Mobile,UK,Free,Sign-up,2.0,14.0,0.0,0.0,Export functionality is limited,1.8,0,1,0,0.0,1.0,0.0,
5027,2025-11-27,Organic,Mobile,USA,Free,Sign-up,4.0,12.0,1.0,0.0,Not blown away but not disappointed,4.0,0,1,0,0.0,0.0,0.0,4.0
5028,2026-03-09,Referral,Mobile,UK,Free,Onboarding,3.0,44.0,3.0,0.0,Needs a few more integrations,3.0,0,1,1,0.0,0.0,0.0,6.0
5029,2025-11-29,Paid,Mobile,India,Free,Onboarding,4.0,41.0,3.0,0.0,"Works as expected, nothing special",3.1,0,1,1,0.0,0.0,0.0,9.0
5030,2025-07-02,Paid,Mobile,India,Free,Sign-up,3.0,,1.0,1.0,Works most of the time,2.7,0,1,0,1.0,0.0,0.0,4.0
5031,2025-03-04,Organic,Mobile,Canada,Free,Landing,2.0,13.0,0.0,0.0,No offline access,1.2,0,1,0,0.0,0.0,0.0,6.0
5032,2025-08-29,Paid,Desktop,USA,Premium,Upgrade,23.0,75.0,7.0,0.0,Helped our team productivity,4.0,1,0,1,0.0,0.0,0.0,17.0
5033,2025-12-19,Organic,Mobile,USA,Free,Landing,1.0,9.0,0.0,0.0,Too many steps during setup process,1.7,0,1,0,0.0,0.0,0.0,6.0
5034,2025-07-01,Paid,Mobile,UK,Free,Landing,2.0,10.0,0.0,0.0,The onboarding tutorial was confusing,1.4,0,1,0,0.0,0.0,0.0,1.0
5035,2025-12-26,Organic,Mobile,UK,Free,Sign-up,3.0,22.0,0.0,1.0,Good enough for my use case,3.4,0,1,0,0.0,0.0,0.0,3.0
5036,2025-09-11,Referral,Mobile,USA,Free,First Feature Use,10.0,35.0,5.0,0.0,Automated reports are a lifesaver,4.3,0,1,1,0.0,,0.0,8.0
5037,2025-09-08,Paid,Tablet,India,Basic,First Feature Use,8.0,44.0,6.0,0.0,It's fine for now,4.0,0,0,1,1.0,1.0,,12.0
5038,2026-01-12,Paid,Desktop,USA,Premium,Upgrade,14.0,103.0,7.0,0.0,The mobile app is surprisingly good,4.0,1,0,1,0.0,0.0,0.0,21.0
5039,2026-01-30,Paid,Mobile,USA,Free,Sign-up,2.0,23.0,1.0,0.0,Cannot customize reports enough,1.5,0,1,0,0.0,0.0,0.0,8.0
5040,2025-07-17,Paid,Mobile,Canada,Free,First Feature Use,9.0,52.0,5.0,0.0,Worth every penny,4.0,0,1,1,0.0,0.0,0.0,5.0
5041,2025-07-07,Organic,Desktop,USA,Free,Landing,2.0,12.0,0.0,0.0,No offline access,2.4,0,1,0,0.0,0.0,0.0,2.0
5042,2025-04-08,Paid,Mobile,Canada,Free,Landing,1.0,7.0,0.0,0.0,Pricing too high for small businesses,,0,1,0,0.0,0.0,0.0,4.0
5043,2025-12-22,Referral,Mobile,USA,Free,Onboarding,4.0,42.0,1.0,0.0,No strong opinion yet,3.1,0,1,1,0.0,0.0,,10.0
5044,2025-08-29,Organic,Mobile,USA,Premium,Upgrade,11.0,126.0,15.0,1.0,Customer support was excellent,4.8,1,0,1,1.0,0.0,0.0,22.0
5045,2025-07-24,Paid,Tablet,India,Basic,First Feature Use,6.0,58.0,7.0,1.0,Ok for basic use,3.4,0,0,1,0.0,0.0,2.0,2.0
5046,2025-05-06,Referral,Mobile,India,Basic,Upgrade,23.0,130.0,14.0,1.0,The API documentation is clear,4.1,1,0,1,0.0,0.0,0.0,13.0
5047,2025-06-27,Referral,Mobile,USA,Basic,Upgrade,10.0,109.0,19.0,,Customer support was excellent,4.5,1,0,1,0.0,1.0,0.0,9.0
5048,2025-11-11,Paid,Mobile,USA,Basic,First Feature Use,10.0,50.0,7.0,0.0,Best SaaS tool I've used,4.8,0,0,1,0.0,0.0,4.0,5.0
5049,2026-02-24,Paid,Mobile,India,Premium,Upgrade,23.0,,12.0,1.0,Real-time sync is fast,4.3,1,0,1,0.0,0.0,0.0,27.0
5050,2025-07-11,Referral,Desktop,USA,Free,First Feature Use,11.0,47.0,3.0,0.0,Data export works perfectly,4.2,0,1,1,0.0,0.0,0.0,5.0
5051,2025-03-22,Referral,Mobile,India,Free,Sign-up,3.0,23.0,0.0,0.0,Works most of the time,2.9,0,1,0,0.0,0.0,0.0,2.0
5052,2025-09-10,Referral,Tablet,USA,Free,First Feature Use,7.0,45.0,7.0,1.0,Will decide after trial ends,3.4,0,1,1,1.0,0.0,0.0,13.0
5053,2025-01-04,Paid,Mobile,India,Premium,Upgrade,24.0,65.0,8.0,0.0,Mobile experience is smooth,4.4,1,0,1,0.0,0.0,0.0,5.0
5054,2025-06-07,Organic,Mobile,USA,Free,Sign-up,4.0,22.0,0.0,0.0,No strong opinion yet,2.6,0,1,0,2.0,0.0,0.0,5.0
5055,2025-10-09,Organic,Mobile,UK,Free,Landing,2.0,13.0,0.0,0.0,Pricing feels too expensive,1.9,0,1,0,1.0,0.0,0.0,1.0
5056,2026-02-09,Organic,Desktop,India,Basic,Upgrade,10.0,130.0,10.0,0.0,Best SaaS tool I've used,4.8,1,0,1,0.0,0.0,0.0,25.0
5057,2025-06-13,Referral,Mobile,USA,Free,Landing,2.0,8.0,0.0,0.0,Cannot customize reports enough,2.3,0,1,0,1.0,0.0,0.0,5.0
5058,2025-12-15,Referral,Mobile,India,Free,Sign-up,2.0,14.0,1.0,1.0,Mobile app crashes while exporting reports,2.0,0,1,0,0.0,0.0,0.0,3.0
5059,2025-07-03,Paid,Desktop,USA,Free,Landing,2.0,14.0,0.0,0.0,No dark mode,2.4,0,1,0,0.0,,0.0,5.0
5060,2025-11-10,Paid,Mobile,USA,Free,Onboarding,6.0,25.0,3.0,1.0,Haven't used all features yet,3.1,0,1,1,1.0,1.0,0.0,3.0
5061,2026-02-23,Organic,Tablet,USA,Free,First Feature Use,5.0,52.0,5.0,0.0,Good enough for my use case,3.8,0,1,1,0.0,1.0,0.0,1.0
5062,2026-01-21,Paid,Mobile,Germany,Free,First Feature Use,10.0,61.0,5.0,1.0,Integration with Slack was seamless,4.1,0,1,1,0.0,1.0,0.0,2.0
5063,2025-01-08,Paid,Mobile,USA,Free,Onboarding,6.0,37.0,3.0,0.0,Will evaluate again next month,3.4,0,1,1,1.0,1.0,0.0,11.0
5064,2025-04-24,Organic,Desktop,UK,Free,Onboarding,4.0,30.0,1.0,1.0,It's fine for now,3.1,0,1,1,0.0,0.0,0.0,12.0
5065,2026-02-13,Organic,Mobile,UK,Free,Sign-up,3.0,13.0,1.0,0.0,Good enough for my use case,3.4,0,1,0,0.0,0.0,0.0,1.0
5066,2025-02-14,Paid,Desktop,USA,Free,First Feature Use,7.0,48.0,5.0,0.0,Room for improvement in UI,3.5,0,1,1,2.0,1.0,0.0,1.0
5067,2025-04-12,Organic,Mobile,USA,Free,Sign-up,2.0,12.0,1.0,0.0,Pricing feels too expensive,2.3,0,1,0,0.0,0.0,0.0,7.0
5068,2025-11-14,Referral,Mobile,USA,Premium,Upgrade,13.0,119.0,13.0,0.0,Data export works perfectly,4.1,1,0,1,0.0,0.0,0.0,22.0
5069,2025-01-24,Organic,Tablet,USA,Free,Landing,1.0,9.0,0.0,0.0,The onboarding tutorial was confusing,2.4,0,1,0,0.0,0.0,0.0,2.0
5070,2026-01-29,Referral,Desktop,USA,Basic,First Feature Use,11.0,34.0,3.0,0.0,The dashboard analytics are extremely useful,,0,0,1,1.0,0.0,2.0,4.0
5071,2025-03-07,Organic,Mobile,India,Free,First Feature Use,8.0,,4.0,3.0,Still exploring features,3.0,0,1,1,0.0,0.0,0.0,13.0
5072,2025-09-28,Organic,Mobile,India,Free,Sign-up,2.0,13.0,0.0,1.0,Support response time is slow,2.0,0,1,0,1.0,0.0,0.0,8.0
5073,2025-08-24,Paid,Mobile,USA,Free,Sign-up,2.0,14.0,1.0,0.0,Billing system is confusing,2.0,0,1,0,0.0,1.0,0.0,3.0
5074,2025-08-06,Paid,Desktop,UK,Free,First Feature Use,6.0,56.0,4.0,2.0,Similar to other tools,2.9,0,1,1,0.0,0.0,0.0,14.0
5075,2025-05-20,Paid,Desktop,USA,Free,First Feature Use,5.0,57.0,6.0,1.0,Nothing exceptional,3.2,0,1,1,1.0,1.0,0.0,5.0
5076,2026-04-07,Organic,Mobile,UK,Free,First Feature Use,7.0,30.0,5.0,1.0,Not blown away but not disappointed,3.3,0,1,1,0.0,0.0,0.0,13.0
5077,2025-02-03,Organic,Mobile,Canada,Free,Sign-up,4.0,14.0,1.0,0.0,Basic features work fine so far,3.1,0,1,0,0.0,0.0,0.0,1.0
5078,2025-07-05,Paid,Mobile,USA,Free,Sign-up,2.0,14.0,0.0,0.0,Email notifications are spammy,2.3,0,1,0,0.0,0.0,0.0,2.0
5079,2025-09-26,Organic,Mobile,UK,Free,Sign-up,4.0,11.0,1.0,0.0,Decent but not great,3.7,0,1,0,1.0,0.0,0.0,8.0
5080,2025-09-13,Organic,Desktop,India,Free,Landing,2.0,13.0,,0.0,Too many steps during setup process,2.4,0,1,0,0.0,0.0,0.0,2.0
5081,2025-07-07,Paid,Mobile,UK,Free,Onboarding,5.0,30.0,1.0,2.0,It's fine for now,2.9,0,1,1,1.0,0.0,0.0,3.0
5082,2025-10-17,Organic,Mobile,USA,Free,Onboarding,5.0,32.0,1.0,1.0,Room for improvement in UI,2.8,0,1,1,1.0,0.0,0.0,11.0
5083,2025-04-09,Organic,Mobile,USA,Free,Landing,2.0,8.0,0.0,0.0,Pricing too high for small businesses,1.3,0,1,0,0.0,,0.0,2.0
5084,2025-10-11,Organic,Mobile,USA,Basic,Upgrade,21.0,101.0,8.0,0.0,Feature updates are frequent and useful,4.3,1,0,1,1.0,0.0,0.0,10.0
5085,2026-01-09,Referral,Mobile,USA,Free,First Feature Use,5.0,32.0,4.0,0.0,Ok for basic use,3.9,0,1,1,4.0,1.0,0.0,6.0
5086,2025-01-12,Organic,Desktop,India,Premium,Upgrade,20.0,142.0,,0.0,Analytics dashboard is insightful,4.6,1,0,1,0.0,0.0,0.0,26.0
5087,2025-01-14,Referral,Desktop,USA,Free,Onboarding,7.0,23.0,2.0,0.0,Works most of the time,2.8,0,1,1,1.0,2.0,0.0,13.0
5088,2025-09-30,Organic,Mobile,India,Free,Sign-up,4.0,19.0,1.0,0.0,No strong opinion yet,2.7,0,1,0,0.0,0.0,0.0,
5089,2025-01-12,Paid,Desktop,USA,Free,Sign-up,2.0,13.0,1.0,0.0,The onboarding tutorial was confusing,2.1,0,1,0,0.0,0.0,0.0,2.0
5090,2026-04-01,Organic,Desktop,USA,Free,Landing,1.0,14.0,0.0,0.0,Too many steps during setup process,1.9,0,1,0,0.0,0.0,0.0,6.0
5091,2026-04-11,Paid,Mobile,UK,Premium,Upgrade,11.0,112.0,16.0,0.0,Data export works perfectly,4.7,1,0,1,1.0,0.0,0.0,12.0
5092,2026-03-17,Referral,Mobile,USA,Free,Landing,1.0,8.0,0.0,1.0,Support response time is slow,1.3,0,1,0,0.0,0.0,0.0,3.0
5093,2025-01-13,Referral,Mobile,UK,Premium,Upgrade,22.0,132.0,7.0,1.0,Love how everything is customisable,4.5,1,0,1,0.0,0.0,0.0,23.0
5094,2026-02-25,Paid,Mobile,USA,Free,Onboarding,7.0,31.0,1.0,0.0,No strong opinion yet,3.6,0,1,1,0.0,0.0,0.0,1.0
5095,2026-01-18,Referral,Desktop,USA,Premium,Upgrade,18.0,112.0,18.0,0.0,Mobile experience is smooth,4.3,1,0,1,1.0,0.0,0.0,22.0
5096,2025-04-09,Organic,Mobile,USA,Free,Landing,1.0,7.0,0.0,0.0,Missing basic integrations,1.7,0,1,0,0.0,0.0,0.0,1.0
5097,2025-02-05,Paid,Tablet,USA,Free,Sign-up,2.0,13.0,1.0,0.0,Feature X is broken for weeks,2.3,0,1,0,1.0,1.0,0.0,8.0
5098,2025-05-18,Paid,Desktop,Germany,Free,First Feature Use,10.0,68.0,4.0,0.0,Highly recommend to other teams,4.1,0,1,1,0.0,0.0,0.0,14.0
5099,2025-03-17,Referral,Mobile,USA,Free,Onboarding,5.0,24.0,2.0,0.0,Similar to other tools,,0,1,1,1.0,0.0,0.0,1.0
5100,2025-05-18,Organic,Desktop,Germany,Free,Sign-up,2.0,21.0,0.0,0.0,Missing basic integrations,2.3,0,1,0,1.0,0.0,0.0,2.0
5101,2025-10-23,Referral,Mobile,USA,Free,Onboarding,6.0,21.0,,0.0,It's fine for now,3.9,0,1,1,1.0,0.0,0.0,12.0
5102,2025-11-24,Paid,Mobile,UK,Free,Sign-up,4.0,12.0,0.0,,Room for improvement in UI,3.2,0,1,0,0.0,0.0,0.0,6.0
5103,2025-11-14,Paid,Desktop,UK,Free,Sign-up,2.0,24.0,1.0,0.0,Too many bugs on mobile,2.4,0,1,0,0.0,0.0,0.0,2.0
5104,2025-01-31,Organic,Mobile,Germany,Basic,First Feature Use,10.0,53.0,5.0,0.0,Reporting module saves a lot of time,4.6,0,0,1,0.0,1.0,5.0,15.0
5105,2025-07-07,Organic,Mobile,India,Free,Sign-up,3.0,20.0,0.0,0.0,Not sure if I'll continue,2.5,0,1,0,0.0,0.0,0.0,2.0
5106,2025-05-24,,Desktop,Canada,Free,Onboarding,6.0,24.0,1.0,0.0,Similar to other tools,3.8,0,1,1,0.0,0.0,0.0,11.0
5107,2025-06-14,Paid,Desktop,India,Free,First Feature Use,5.0,55.0,4.0,2.0,"Works as expected, nothing special",2.5,0,1,1,0.0,0.0,0.0,18.0
5108,2026-03-04,Referral,Mobile,USA,Free,First Feature Use,6.0,43.0,7.0,0.0,Works most of the time,3.4,0,1,1,1.0,0.0,0.0,3.0
5109,2025-06-09,Paid,Mobile,Canada,Free,Onboarding,7.0,21.0,2.0,2.0,Learning curve is medium,2.8,0,1,1,0.0,0.0,0.0,10.0
5110,2025-07-03,Paid,Mobile,Canada,Free,Landing,1.0,11.0,0.0,0.0,Feature X is broken for weeks,1.4,0,1,0,0.0,0.0,0.0,4.0
5111,2025-09-14,Referral,Desktop,USA,Premium,Upgrade,14.0,76.0,7.0,0.0,Worth every penny,4.3,1,0,1,2.0,,0.0,26.0
5112,2026-03-11,Paid,Mobile,Germany,Free,Onboarding,5.0,36.0,1.0,0.0,Works most of the time,,0,1,1,1.0,0.0,0.0,10.0
5113,2026-04-25,Paid,Tablet,India,Premium,Upgrade,15.0,70.0,13.0,0.0,Integration with Slack was seamless,4.9,1,0,1,1.0,0.0,0.0,19.0
5114,2025-04-11,Organic,Desktop,Germany,Free,Sign-up,3.0,19.0,0.0,,Needs a few more integrations,3.0,0,1,0,,0.0,0.0,6.0
5115,2026-04-15,Organic,Desktop,Germany,Free,Landing,2.0,9.0,0.0,0.0,Missing basic integrations,1.3,0,1,0,0.0,0.0,0.0,6.0
5116,2025-01-21,Paid,Tablet,Germany,Free,First Feature Use,10.0,44.0,4.0,1.0,Highly recommend to other teams,4.7,0,1,1,1.0,,0.0,2.0
5117,2025-11-22,Referral,Tablet,Germany,Free,First Feature Use,11.0,43.0,5.0,0.0,The mobile app is surprisingly good,4.8,0,1,1,0.0,0.0,0.0,15.0
5118,2026-01-11,Organic,Mobile,USA,Premium,Upgrade,16.0,71.0,19.0,0.0,Love the reporting features,5.0,1,0,1,1.0,0.0,0.0,5.0
5119,2025-07-17,Organic,Mobile,USA,Free,Landing,1.0,14.0,0.0,0.0,App crashes during report export,1.9,0,1,0,0.0,0.0,0.0,3.0
5120,2026-01-15,Paid,Desktop,USA,Basic,First Feature Use,9.0,67.0,4.0,0.0,The dashboard analytics are extremely useful,4.9,0,0,1,1.0,1.0,4.0,
5121,2025-05-18,Organic,Tablet,USA,Free,Landing,,11.0,0.0,0.0,Trial period too short,2.4,0,1,0,0.0,0.0,0.0,6.0
5122,2025-04-02,Paid,Desktop,USA,Free,Onboarding,4.0,21.0,2.0,1.0,Still exploring features,3.8,0,1,1,0.0,0.0,0.0,11.0
5123,2026-02-01,Paid,Mobile,India,Free,First Feature Use,9.0,55.0,6.0,1.0,Love how everything is customisable,4.1,0,1,1,0.0,0.0,0.0,2.0
5124,2025-01-27,Organic,Desktop,USA,Premium,Upgrade,16.0,135.0,13.0,1.0,Worth every penny,4.9,1,0,1,0.0,1.0,0.0,15.0
5125,2025-04-05,Referral,Mobile,India,Free,Onboarding,6.0,30.0,3.0,1.0,Learning curve is medium,3.8,0,1,1,0.0,0.0,0.0,1.0
5126,2025-07-15,Paid,Tablet,India,Premium,Upgrade,15.0,119.0,17.0,0.0,Very intuitive UI,4.3,1,0,1,0.0,1.0,0.0,13.0
5127,2025-01-31,Paid,Mobile,India,Basic,Upgrade,18.0,113.0,12.0,1.0,The dashboard analytics are extremely useful,4.3,1,0,1,0.0,0.0,0.0,23.0
5128,2026-02-18,Organic,Tablet,USA,Free,Sign-up,4.0,21.0,0.0,0.0,Not blown away but not disappointed,2.7,0,1,0,,0.0,0.0,6.0
5129,2025-01-19,Organic,Mobile,USA,Free,Landing,2.0,7.0,0.0,0.0,UI feels outdated,1.3,0,1,0,0.0,0.0,0.0,1.0
5130,2025-05-28,Referral,Tablet,USA,Premium,Upgrade,20.0,94.0,19.0,0.0,Simple and effective design,4.4,1,0,1,0.0,0.0,0.0,9.0
5131,2025-03-18,Organic,Mobile,USA,Free,Onboarding,3.0,20.0,3.0,0.0,Average experience so far,3.9,0,1,1,1.0,0.0,0.0,8.0
5132,2026-01-18,Organic,Desktop,India,Free,Landing,1.0,14.0,0.0,0.0,Too many steps during setup process,,0,1,0,1.0,0.0,,6.0
5133,2025-11-10,Organic,Tablet,UK,Free,First Feature Use,5.0,64.0,3.0,0.0,No strong opinion yet,3.4,0,1,1,0.0,2.0,0.0,4.0
5134,2026-04-17,Organic,Desktop,India,Premium,Upgrade,21.0,103.0,7.0,0.0,The dashboard analytics are extremely useful,4.5,1,0,1,1.0,0.0,0.0,29.0
5135,2025-11-09,Organic,Desktop,USA,Basic,Onboarding,6.0,36.0,2.0,0.0,Nothing exceptional,3.1,0,0,1,0.0,0.0,11.0,10.0
5136,2025-01-22,Organic,Mobile,USA,Free,Landing,2.0,8.0,0.0,1.0,Missing key features compared to competitors,1.5,0,1,0,0.0,0.0,0.0,4.0
5137,2026-04-16,Referral,Mobile,India,Free,Sign-up,3.0,10.0,1.0,0.0,Not sure if I'll continue,3.6,0,1,0,0.0,0.0,0.0,6.0
5138,2026-04-29,Paid,Desktop,USA,Free,Onboarding,3.0,39.0,1.0,0.0,Could be better but not terrible,2.7,0,1,1,1.0,0.0,,13.0
5139,2025-10-31,Organic,Mobile,UK,Free,First Feature Use,10.0,43.0,7.0,0.0,Love how everything is customisable,4.0,0,1,1,,,0.0,14.0
5140,2025-12-07,Paid,Desktop,India,Free,Sign-up,4.0,23.0,1.0,0.0,Works most of the time,3.8,0,1,0,0.0,0.0,0.0,9.0
5141,2025-07-05,Organic,Desktop,USA,Free,Onboarding,5.0,32.0,2.0,0.0,Standard SaaS experience,2.7,0,1,1,1.0,0.0,0.0,6.0
5142,2025-04-18,Paid,Mobile,UK,Basic,Upgrade,17.0,89.0,15.0,1.0,Best SaaS tool I've used,4.2,1,0,1,0.0,,0.0,2.0
5143,2025-09-13,Organic,Mobile,India,Basic,First Feature Use,5.0,54.0,4.0,0.0,Decent but not great,3.5,0,0,1,1.0,0.0,4.0,5.0
5144,2025-05-18,Organic,Mobile,India,Free,Onboarding,6.0,26.0,3.0,0.0,Room for improvement in UI,2.5,0,1,1,3.0,1.0,0.0,9.0
5145,2026-02-12,Referral,Mobile,USA,Basic,Upgrade,23.0,140.0,14.0,0.0,Love how everything is customisable,4.9,1,0,1,0.0,1.0,0.0,13.0
5146,2026-01-12,Organic,Tablet,India,Premium,Upgrade,23.0,95.0,18.0,0.0,Great value for money,4.6,1,0,1,0.0,0.0,0.0,7.0
5147,2026-04-14,Referral,Desktop,USA,Free,Onboarding,5.0,36.0,1.0,0.0,Will evaluate again next month,2.8,0,1,1,0.0,0.0,0.0,13.0
5148,2025-09-21,Organic,Mobile,UK,Free,First Feature Use,6.0,31.0,3.0,0.0,Ok for basic use,3.2,0,1,1,0.0,0.0,0.0,9.0
5149,2026-02-09,Organic,Mobile,USA,Free,Sign-up,3.0,15.0,0.0,1.0,Needs a few more integrations,3.4,0,1,0,0.0,0.0,0.0,5.0
5150,2025-12-06,Paid,Desktop,USA,Free,Onboarding,3.0,36.0,1.0,0.0,Room for improvement in UI,3.2,0,1,1,1.0,0.0,0.0,9.0
5151,2025-11-04,Paid,Mobile,USA,Premium,Upgrade,23.0,,16.0,0.0,Mobile experience is smooth,4.7,1,0,1,0.0,0.0,0.0,11.0
5152,2026-03-04,Organic,Mobile,USA,Free,Landing,2.0,12.0,0.0,1.0,Export functionality is limited,1.5,0,1,0,0.0,0.0,0.0,1.0
5153,2025-08-11,Organic,Mobile,USA,Free,Landing,1.0,10.0,0.0,0.0,Feature X is broken for weeks,2.4,0,1,0,0.0,0.0,0.0,5.0
5154,2026-03-18,Organic,Desktop,USA,Free,First Feature Use,6.0,63.0,6.0,1.0,Standard SaaS experience,3.6,0,1,1,,0.0,0.0,
5155,2025-06-28,Referral,Mobile,Germany,Basic,Upgrade,17.0,145.0,9.0,0.0,Integration with Slack was seamless,4.4,1,0,1,0.0,1.0,0.0,13.0
5156,2025-04-29,Paid,Mobile,USA,Basic,Onboarding,5.0,,1.0,1.0,Good enough for my use case,2.6,0,0,1,0.0,0.0,5.0,11.0
5157,2025-06-03,Organic,Tablet,Germany,Free,Sign-up,2.0,13.0,0.0,0.0,The onboarding tutorial was confusing,2.2,0,1,0,0.0,0.0,0.0,1.0
5158,2025-11-14,Referral,Mobile,Germany,Basic,First Feature Use,7.0,46.0,5.0,0.0,Haven't used all features yet,2.5,0,0,1,0.0,1.0,2.0,8.0
5159,2026-01-01,Organic,Desktop,USA,Free,Landing,1.0,8.0,0.0,0.0,App crashes during report export,1.9,0,1,0,0.0,0.0,0.0,3.0
5160,2025-01-10,Organic,Mobile,USA,Free,Sign-up,2.0,19.0,0.0,0.0,Support response time is slow,1.2,0,1,0,1.0,0.0,0.0,7.0
5161,2026-01-20,Organic,Mobile,USA,Free,Onboarding,3.0,38.0,1.0,0.0,Works most of the time,3.1,0,1,1,0.0,0.0,0.0,10.0
5162,2025-06-26,Paid,Mobile,Canada,Premium,Upgrade,10.0,86.0,12.0,0.0,The dashboard analytics are extremely useful,4.4,1,0,1,0.0,0.0,0.0,14.0
5163,2025-04-09,Organic,Mobile,India,Free,Onboarding,3.0,36.0,1.0,0.0,Works most of the time,3.1,0,1,1,,0.0,0.0,1.0
5164,2026-03-31,Paid,Mobile,Canada,Free,Onboarding,3.0,23.0,2.0,1.0,Learning curve is medium,3.5,0,1,1,1.0,0.0,0.0,7.0
5165,2025-09-17,Referral,Mobile,USA,Free,Onboarding,7.0,24.0,1.0,0.0,"Works as expected, nothing special",3.4,0,1,1,1.0,0.0,0.0,4.0
5166,2026-03-23,Organic,Mobile,Germany,Free,Onboarding,4.0,31.0,3.0,0.0,"Works as expected, nothing special",3.9,0,1,1,3.0,0.0,0.0,12.0
5167,2026-03-17,Organic,Mobile,USA,Premium,Upgrade,17.0,77.0,,0.0,Real-time sync is fast,4.2,1,0,1,0.0,1.0,0.0,21.0
5168,2025-07-21,Organic,Desktop,Germany,Free,Landing,1.0,5.0,0.0,0.0,Data sync is unreliable,1.2,0,1,0,0.0,0.0,0.0,
5169,2025-05-09,Paid,Desktop,USA,Free,Onboarding,6.0,43.0,3.0,0.0,"Works as expected, nothing special",3.4,0,1,1,1.0,0.0,0.0,12.0
5170,2025-09-23,Referral,Desktop,UK,Free,Onboarding,4.0,29.0,1.0,0.0,"Works as expected, nothing special",3.7,0,1,1,0.0,1.0,0.0,13.0
5171,2026-04-20,Organic,Mobile,India,Basic,Upgrade,19.0,146.0,11.0,0.0,Very intuitive UI,4.8,1,0,1,1.0,1.0,0.0,26.0
5172,2025-01-13,Organic,Tablet,India,Free,Sign-up,,19.0,1.0,1.0,Will evaluate again next month,3.3,0,1,0,1.0,0.0,0.0,1.0
5173,2025-05-26,Organic,Mobile,USA,Free,First Feature Use,5.0,47.0,6.0,,Haven't used all features yet,3.2,0,1,1,0.0,0.0,0.0,10.0
5174,2025-05-02,Organic,Mobile,India,Free,Sign-up,3.0,24.0,0.0,0.0,Decent but not great,3.9,0,1,0,0.0,0.0,0.0,7.0
5175,2025-08-24,Paid,Mobile,USA,Free,Sign-up,3.0,19.0,0.0,0.0,Average experience so far,3.9,0,1,0,0.0,0.0,0.0,5.0
5176,2025-04-15,Organic,Desktop,UK,Free,Onboarding,4.0,42.0,1.0,0.0,Average experience so far,3.1,0,1,1,0.0,0.0,0.0,7.0
5177,2025-05-14,Organic,Desktop,UK,Free,Landing,1.0,12.0,0.0,0.0,Steep learning curve,1.6,0,1,0,0.0,0.0,0.0,1.0
5178,2026-04-27,Paid,Desktop,USA,Free,Landing,1.0,13.0,0.0,0.0,Billing system is confusing,1.3,0,1,0,0.0,,0.0,1.0
5179,2025-11-17,Organic,Mobile,India,Free,Sign-up,2.0,12.0,0.0,0.0,Dashboard loads slowly,1.6,0,1,0,0.0,0.0,0.0,1.0
5180,2025-03-24,Paid,Desktop,USA,Free,Onboarding,5.0,33.0,3.0,1.0,No strong opinion yet,3.0,0,1,1,1.0,0.0,0.0,12.0
5181,2025-09-25,Organic,Mobile,USA,Basic,First Feature Use,11.0,66.0,4.0,0.0,Customer support was excellent,4.1,0,0,1,0.0,0.0,7.0,15.0
5182,2025-05-13,Referral,Mobile,USA,Free,Sign-up,4.0,10.0,1.0,0.0,Meets minimum requirements,3.2,0,1,0,0.0,0.0,0.0,2.0
5183,2026-01-23,Organic,Mobile,Germany,Premium,Upgrade,11.0,86.0,8.0,0.0,The dashboard analytics are extremely useful,4.9,1,0,1,2.0,1.0,0.0,6.0
5184,2026-02-26,Referral,Mobile,UK,Free,Sign-up,2.0,22.0,1.0,0.0,Trial period too short,2.0,0,1,0,0.0,0.0,0.0,3.0
5185,2025-03-16,Organic,Mobile,India,Free,Sign-up,2.0,16.0,0.0,0.0,App crashes during report export,1.2,0,1,0,0.0,0.0,0.0,1.0
5186,2025-08-02,Paid,Desktop,UK,Free,Sign-up,4.0,11.0,1.0,0.0,Meets minimum requirements,2.9,0,1,0,0.0,0.0,0.0,2.0
5187,2025-03-24,Organic,Mobile,India,Free,Sign-up,4.0,10.0,1.0,0.0,Works most of the time,3.7,0,1,0,0.0,0.0,0.0,9.0
5188,2025-01-26,Paid,Mobile,USA,Free,Onboarding,3.0,38.0,,1.0,Average experience so far,4.0,0,1,1,0.0,0.0,0.0,8.0
5189,2025-10-28,Organic,Mobile,India,Free,Landing,2.0,10.0,0.0,0.0,Dashboard loads slowly,1.1,0,1,0,1.0,0.0,0.0,2.0
5190,2026-02-24,Paid,Tablet,USA,Premium,Upgrade,19.0,113.0,19.0,1.0,Support team solved my issue quickly,4.8,1,0,1,,0.0,0.0,21.0
5191,2025-11-30,Paid,Mobile,UK,Free,First Feature Use,7.0,30.0,7.0,0.0,It's fine for now,2.6,0,1,1,0.0,1.0,0.0,8.0
5192,2026-03-19,Paid,Mobile,USA,Free,Sign-up,3.0,18.0,0.0,0.0,No strong opinion yet,,0,1,0,0.0,0.0,0.0,8.0
5193,2025-11-15,Paid,Mobile,Germany,Free,Landing,2.0,7.0,0.0,0.0,Email notifications are spammy,1.1,0,1,0,1.0,0.0,0.0,6.0
5194,2025-04-09,Organic,Desktop,India,Free,First Feature Use,9.0,68.0,3.0,0.0,Love how everything is customisable,4.2,0,1,1,2.0,0.0,0.0,14.0
5195,2025-10-31,Organic,Mobile,Germany,Premium,Upgrade,23.0,96.0,16.0,0.0,Real-time sync is fast,4.8,1,0,1,1.0,0.0,0.0,26.0
5196,2025-02-03,Paid,Mobile,USA,Free,Sign-up,4.0,22.0,0.0,0.0,Decent but not great,3.5,0,1,0,0.0,0.0,0.0,9.0
5197,2025-04-07,,Mobile,USA,Free,Sign-up,3.0,15.0,0.0,0.0,Decent but not great,3.3,0,1,0,0.0,0.0,0.0,3.0
5198,2026-01-22,Organic,Mobile,USA,Free,Onboarding,7.0,31.0,1.0,0.0,Will evaluate again next month,3.9,0,1,1,1.0,0.0,0.0,10.0
5199,2025-08-12,Organic,Mobile,UK,Free,Onboarding,5.0,20.0,1.0,0.0,Still exploring features,2.9,0,1,1,0.0,0.0,0.0,3.0
5200,2026-01-01,Organic,Desktop,India,Free,Onboarding,4.0,42.0,1.0,0.0,Decent but not great,3.0,0,1,1,1.0,0.0,0.0,4.0
5201,2025-01-15,Paid,Tablet,USA,Free,First Feature Use,6.0,60.0,6.0,0.0,Good enough for my use case,3.9,0,1,1,0.0,0.0,0.0,12.0
5202,2025-10-05,Paid,Tablet,USA,Free,First Feature Use,6.0,52.0,6.0,0.0,Learning curve is medium,2.9,0,1,1,0.0,0.0,0.0,15.0
5203,2025-06-10,Referral,Desktop,USA,Basic,First Feature Use,9.0,41.0,6.0,1.0,Love how everything is customisable,4.3,0,0,1,0.0,0.0,3.0,11.0
5204,2026-03-07,Organic,Mobile,India,Free,Sign-up,3.0,19.0,1.0,0.0,Not blown away but not disappointed,2.7,0,1,0,0.0,0.0,0.0,
5205,2026-02-02,Referral,Desktop,USA,Free,First Feature Use,10.0,49.0,5.0,0.0,Easy onboarding experience,4.3,0,1,1,4.0,1.0,0.0,6.0
5206,2026-04-21,Paid,Desktop,Canada,Free,Onboarding,3.0,39.0,2.0,0.0,"Works as expected, nothing special",2.6,0,1,1,1.0,0.0,0.0,2.0
5207,2025-06-19,Referral,Desktop,USA,Free,Onboarding,7.0,22.0,3.0,0.0,Basic features work fine so far,3.9,0,1,1,1.0,0.0,0.0,1.0
5208,2026-03-18,Referral,Mobile,India,Free,First Feature Use,11.0,65.0,7.0,0.0,Best SaaS tool I've used,4.3,0,1,1,1.0,2.0,0.0,19.0
5209,2026-04-27,Paid,Mobile,UK,Free,Sign-up,4.0,16.0,,0.0,Meets minimum requirements,3.4,0,1,0,0.0,0.0,0.0,3.0
5210,2025-11-18,Organic,Tablet,USA,Premium,Upgrade,13.0,123.0,14.0,0.0,Analytics dashboard is insightful,4.4,1,0,1,0.0,2.0,0.0,8.0
5211,2026-02-01,Organic,Tablet,India,Free,Landing,2.0,5.0,0.0,0.0,Data sync is unreliable,2.3,0,1,0,0.0,0.0,0.0,1.0
5212,2025-02-17,Organic,Desktop,USA,Free,Onboarding,5.0,41.0,3.0,0.0,Needs a few more integrations,2.7,0,1,1,0.0,1.0,0.0,13.0
5213,2025-03-14,Referral,Tablet,India,Free,Onboarding,3.0,42.0,2.0,0.0,Still exploring features,2.9,0,1,1,1.0,0.0,0.0,1.0
5214,2025-04-08,Referral,Desktop,India,Basic,First Feature Use,6.0,52.0,5.0,0.0,Decent but not great,3.2,0,0,1,3.0,1.0,3.0,15.0
5215,2025-12-24,Paid,Mobile,USA,Premium,Upgrade,18.0,,14.0,0.0,Helped our team productivity,4.8,1,0,1,2.0,0.0,0.0,12.0
5216,2025-04-24,Referral,Mobile,India,Free,Sign-up,3.0,20.0,1.0,0.0,Nothing exceptional,3.1,0,1,0,0.0,0.0,0.0,5.0
5217,2025-05-31,Referral,Desktop,India,Free,Onboarding,3.0,34.0,1.0,0.0,Haven't used all features yet,,0,1,1,1.0,1.0,0.0,6.0
5218,2025-11-26,Paid,Mobile,India,Free,First Feature Use,11.0,48.0,3.0,2.0,Customer support was excellent,4.6,0,1,1,1.0,0.0,0.0,2.0
5219,2025-02-24,Paid,Tablet,USA,Free,First Feature Use,8.0,55.0,5.0,0.0,Ok for basic use,4.0,0,1,1,1.0,0.0,0.0,6.0
5220,2025-12-26,Organic,Mobile,USA,Free,Sign-up,2.0,24.0,1.0,0.0,Data sync is unreliable,1.1,0,1,0,1.0,0.0,0.0,3.0
5221,2026-04-14,Organic,Desktop,USA,Free,First Feature Use,10.0,62.0,3.0,1.0,The dashboard analytics are extremely useful,4.7,0,1,1,,0.0,0.0,18.0
5222,2025-06-24,Organic,Desktop,Germany,Premium,Upgrade,24.0,94.0,7.0,0.0,Simple and effective design,4.2,1,0,1,0.0,0.0,0.0,22.0
5223,2025-06-20,Organic,Mobile,Germany,Free,First Feature Use,9.0,41.0,4.0,1.0,The dashboard analytics are extremely useful,4.6,0,1,1,0.0,0.0,0.0,6.0
5224,2025-02-17,Paid,Mobile,USA,Free,First Feature Use,11.0,44.0,3.0,1.0,Helped our team productivity,4.6,0,1,1,0.0,0.0,0.0,16.0
5225,2025-10-30,Organic,Desktop,USA,Free,Onboarding,3.0,43.0,2.0,1.0,Similar to other tools,3.0,0,1,1,0.0,1.0,0.0,9.0
5226,2026-02-25,Referral,Mobile,India,Free,Landing,1.0,12.0,0.0,0.0,Export functionality is limited,1.1,0,1,0,0.0,0.0,0.0,1.0
5227,2025-03-07,Organic,Desktop,India,Free,Landing,1.0,6.0,0.0,0.0,Support response time is slow,2.1,0,1,0,0.0,0.0,0.0,4.0
5228,2026-04-29,Organic,Mobile,India,Free,Onboarding,4.0,43.0,2.0,1.0,Ok for basic use,2.7,0,1,1,2.0,0.0,0.0,6.0
5229,2025-05-15,Referral,Mobile,USA,Free,Onboarding,3.0,39.0,3.0,0.0,Still evaluating whether premium is worth it,3.9,0,1,1,,1.0,0.0,11.0
5230,2025-12-08,Paid,Mobile,USA,Free,Onboarding,3.0,40.0,1.0,1.0,"Works as expected, nothing special",2.8,0,1,1,1.0,2.0,0.0,11.0
5231,2026-01-15,Organic,Mobile,USA,Premium,Upgrade,18.0,114.0,19.0,0.0,The mobile app is surprisingly good,4.5,1,0,1,1.0,0.0,0.0,3.0
5232,2025-05-01,Paid,Mobile,USA,Free,First Feature Use,8.0,54.0,7.0,0.0,Still exploring features,2.8,0,1,1,0.0,0.0,0.0,19.0
5233,2026-04-29,Organic,Tablet,India,Free,Landing,2.0,12.0,0.0,1.0,Email notifications are spammy,2.4,0,1,0,0.0,0.0,0.0,2.0
5234,2025-09-19,Referral,Mobile,UK,Free,First Feature Use,6.0,59.0,5.0,1.0,Not sure if I'll continue,3.7,0,1,1,2.0,0.0,0.0,11.0
5235,2025-08-13,Paid,Tablet,India,Free,Landing,1.0,6.0,0.0,0.0,Cannot customize reports enough,2.5,0,1,0,0.0,0.0,0.0,1.0
5236,2025-06-19,Organic,Tablet,USA,Free,Sign-up,3.0,21.0,0.0,0.0,Average experience so far,4.0,0,1,0,0.0,0.0,0.0,4.0
5237,2025-01-07,Paid,Tablet,UK,Free,Sign-up,4.0,18.0,0.0,0.0,Nothing exceptional,2.9,0,1,0,0.0,,0.0,6.0
5238,2025-01-23,Referral,Mobile,UK,Free,Sign-up,4.0,13.0,0.0,0.0,Will decide after trial ends,3.9,0,1,0,0.0,0.0,0.0,6.0
5239,2026-03-05,Paid,Desktop,USA,Premium,Upgrade,12.0,147.0,17.0,0.0,Very intuitive UI,4.6,1,0,1,0.0,0.0,0.0,26.0
5240,2026-04-27,Referral,Mobile,UK,Free,Landing,2.0,9.0,0.0,0.0,Mobile UI is cluttered,2.0,0,1,0,0.0,0.0,0.0,4.0
5241,2026-02-11,Organic,Mobile,UK,Free,Landing,2.0,5.0,0.0,0.0,Mobile UI is cluttered,1.2,0,1,0,0.0,0.0,0.0,5.0
5242,2025-11-25,Referral,Desktop,Germany,Premium,Upgrade,10.0,144.0,9.0,0.0,The API documentation is clear,4.9,1,0,1,0.0,0.0,0.0,25.0
5243,2025-07-14,Paid,Mobile,USA,Basic,Onboarding,7.0,29.0,3.0,0.0,Ok for basic use,3.6,0,0,1,0.0,0.0,12.0,12.0
5244,2026-03-23,Paid,Tablet,India,Basic,First Feature Use,10.0,43.0,4.0,1.0,Love the reporting features,4.6,0,0,1,1.0,0.0,3.0,9.0
5245,2026-04-23,Organic,Desktop,Canada,Free,First Feature Use,6.0,33.0,3.0,2.0,Still evaluating whether premium is worth it,2.7,0,1,1,0.0,1.0,0.0,18.0
5246,2025-10-22,Referral,Mobile,India,Free,Onboarding,5.0,40.0,3.0,1.0,Will decide after trial ends,3.5,0,1,1,0.0,0.0,0.0,12.0
5247,2025-11-16,Paid,Mobile,India,Free,Sign-up,3.0,16.0,0.0,0.0,Needs a few more integrations,3.2,0,1,0,0.0,0.0,0.0,8.0
5248,2025-05-02,Referral,Desktop,USA,Free,First Feature Use,8.0,50.0,5.0,0.0,Works most of the time,3.0,0,1,1,0.0,0.0,0.0,12.0
5249,2026-03-27,Organic,Desktop,UK,Free,Sign-up,2.0,22.0,1.0,0.0,No dark mode,1.8,0,1,0,0.0,0.0,0.0,2.0
5250,2025-12-12,Organic,Desktop,India,Free,Sign-up,3.0,23.0,0.0,0.0,Could be better but not terrible,2.6,0,1,0,0.0,1.0,0.0,1.0
5251,2025-03-17,,Mobile,UK,Free,Landing,2.0,5.0,0.0,0.0,Missing key features compared to competitors,2.2,0,1,0,0.0,0.0,0.0,1.0
5252,2025-12-09,Paid,Mobile,USA,Free,Sign-up,2.0,20.0,1.0,1.0,Steep learning curve,1.4,0,1,0,0.0,0.0,0.0,8.0
5253,2025-05-23,Paid,Mobile,Germany,Free,Onboarding,4.0,36.0,2.0,0.0,It's fine for now,2.6,0,1,1,2.0,2.0,0.0,11.0
5254,2025-08-29,Paid,Mobile,UK,Free,Onboarding,3.0,32.0,2.0,1.0,Similar to other tools,3.6,0,1,1,0.0,0.0,0.0,4.0
5255,2025-11-01,Paid,Mobile,Canada,Free,First Feature Use,8.0,55.0,3.0,2.0,No strong opinion yet,4.0,0,1,1,0.0,0.0,0.0,11.0
5256,2025-04-17,Referral,Mobile,UK,Basic,First Feature Use,6.0,40.0,6.0,0.0,Ok for basic use,3.5,0,0,1,0.0,1.0,4.0,7.0
5257,2026-03-22,Organic,Mobile,India,Basic,Onboarding,7.0,21.0,3.0,0.0,Haven't used all features yet,2.8,0,0,1,0.0,0.0,9.0,8.0
5258,2025-04-18,Organic,Desktop,India,Free,Sign-up,2.0,20.0,1.0,0.0,Missing basic integrations,1.7,0,1,0,0.0,0.0,0.0,7.0
5259,2025-12-23,Referral,Desktop,India,Free,Sign-up,3.0,14.0,1.0,0.0,Ok for basic use,3.8,0,1,0,0.0,0.0,0.0,9.0
5260,2025-08-14,Paid,Mobile,USA,Free,Sign-up,2.0,24.0,1.0,0.0,Frequent downtime,1.6,0,1,0,0.0,0.0,0.0,6.0
5261,2025-12-20,Paid,Desktop,USA,Basic,Upgrade,13.0,106.0,13.0,1.0,Reporting module saves a lot of time,4.7,1,0,1,0.0,0.0,0.0,3.0
5262,2025-09-09,Paid,Desktop,UK,Basic,Onboarding,6.0,27.0,2.0,0.0,Haven't used all features yet,2.8,0,0,1,1.0,0.0,5.0,10.0
5263,2025-03-04,Paid,Mobile,Germany,Free,Landing,1.0,10.0,0.0,0.0,Feature X is broken for weeks,2.1,0,1,0,2.0,0.0,0.0,3.0
5264,2025-12-30,Organic,Mobile,UK,Basic,First Feature Use,11.0,44.0,7.0,3.0,Customer support was excellent,4.6,0,1,1,0.0,0.0,2.0,4.0
5265,2025-07-08,Paid,Mobile,USA,Free,First Feature Use,6.0,67.0,6.0,1.0,Learning curve is medium,3.0,0,1,1,2.0,0.0,0.0,5.0
5266,2025-12-10,Referral,Mobile,USA,Basic,Onboarding,3.0,31.0,3.0,0.0,Standard SaaS experience,3.0,0,0,1,0.0,0.0,6.0,10.0
5267,2025-05-07,Paid,Mobile,UK,Basic,First Feature Use,5.0,39.0,6.0,1.0,Learning curve is medium,4.0,0,0,1,,0.0,5.0,19.0
5268,2025-04-15,Organic,Mobile,UK,Basic,Upgrade,22.0,71.0,18.0,0.0,Automated reports are a lifesaver,4.1,1,0,1,1.0,0.0,0.0,1.0
5269,2025-05-16,Paid,Desktop,Canada,Free,Landing,2.0,6.0,0.0,1.0,Missing basic integrations,1.7,0,1,0,0.0,0.0,0.0,3.0
5270,2025-10-15,Organic,Desktop,UK,Free,Landing,1.0,12.0,0.0,0.0,Dashboard loads slowly,1.8,0,1,0,0.0,0.0,0.0,4.0
5271,2025-03-23,Organic,Mobile,USA,Basic,First Feature Use,10.0,53.0,3.0,0.0,Mobile experience is smooth,4.7,0,0,1,0.0,1.0,7.0,16.0
5272,2025-11-13,Referral,Desktop,UK,Free,First Feature Use,11.0,49.0,3.0,0.0,The API documentation is clear,4.4,0,1,1,1.0,0.0,0.0,15.0
5273,2025-12-13,Organic,Desktop,India,Free,Sign-up,3.0,21.0,,1.0,It's fine for now,2.6,0,1,0,0.0,0.0,0.0,3.0
5274,2025-11-10,Referral,Mobile,UK,Free,Onboarding,6.0,24.0,3.0,1.0,Could be better but not terrible,3.1,0,1,1,0.0,0.0,0.0,13.0
5275,2026-01-10,Organic,Tablet,USA,Free,Landing,2.0,11.0,0.0,0.0,Trial period too short,1.8,0,1,0,0.0,0.0,0.0,2.0
5276,2025-02-04,Paid,Mobile,USA,Free,Sign-up,4.0,12.0,0.0,0.0,Not blown away but not disappointed,2.7,0,1,0,0.0,1.0,0.0,2.0
5277,2025-09-06,Paid,Tablet,India,Free,Landing,1.0,8.0,0.0,1.0,Missing key features compared to competitors,2.2,0,1,0,0.0,0.0,0.0,6.0
5278,2026-04-15,Organic,Mobile,USA,Free,Landing,2.0,12.0,0.0,0.0,Mobile UI is cluttered,1.6,0,1,0,1.0,0.0,0.0,5.0
5279,2025-04-21,Paid,Mobile,USA,Basic,Onboarding,6.0,32.0,3.0,0.0,Basic features work fine so far,3.2,0,0,1,0.0,0.0,8.0,12.0
5280,2025-12-23,Referral,Desktop,USA,Basic,Onboarding,3.0,33.0,1.0,0.0,Not blown away but not disappointed,3.4,0,0,1,0.0,0.0,8.0,9.0
5281,2025-08-15,Paid,Tablet,Germany,Free,Onboarding,7.0,31.0,3.0,0.0,"Works as expected, nothing special",3.9,0,1,1,0.0,0.0,0.0,4.0
5282,2026-03-27,Paid,Mobile,USA,Free,Onboarding,4.0,25.0,1.0,0.0,Not blown away but not disappointed,2.7,0,1,1,0.0,0.0,0.0,12.0
5283,2025-11-30,Referral,Desktop,India,Basic,Upgrade,24.0,84.0,16.0,1.0,Feature updates are frequent and useful,4.9,1,0,1,0.0,1.0,0.0,19.0
5284,2026-01-19,Organic,Desktop,UK,Basic,Onboarding,4.0,35.0,2.0,2.0,It's fine for now,3.3,0,0,1,1.0,0.0,9.0,1.0
5285,2026-04-22,Organic,Mobile,UK,Free,Sign-up,3.0,13.0,0.0,2.0,Ok for basic use,3.2,0,1,0,0.0,0.0,0.0,7.0
5286,2025-07-11,Organic,Mobile,India,Free,Landing,1.0,13.0,0.0,0.0,Too many steps during setup process,1.2,0,1,0,1.0,0.0,0.0,1.0
5287,2025-05-11,Paid,Mobile,USA,Free,Sign-up,2.0,20.0,,1.0,Billing system is confusing,1.7,0,1,0,0.0,0.0,0.0,2.0
5288,2025-05-26,Referral,Mobile,USA,Free,First Feature Use,10.0,67.0,7.0,0.0,Best SaaS tool I've used,4.4,0,1,1,0.0,1.0,0.0,14.0
5289,2026-02-19,Paid,Desktop,USA,Free,Landing,1.0,11.0,0.0,0.0,Customer support unhelpful,1.3,0,1,0,0.0,0.0,0.0,2.0
5290,2025-05-25,Referral,Tablet,UK,Basic,Onboarding,7.0,35.0,1.0,0.0,Average experience so far,3.0,0,0,1,1.0,0.0,8.0,9.0
5291,2026-04-17,Paid,Desktop,Germany,Free,First Feature Use,5.0,58.0,7.0,1.0,Could be better but not terrible,3.9,0,1,1,4.0,0.0,0.0,18.0
5292,2025-12-26,Organic,Tablet,Germany,Free,Onboarding,7.0,31.0,2.0,0.0,Decent but not great,3.6,0,1,1,0.0,0.0,0.0,9.0
5293,2025-12-15,Organic,Mobile,India,Free,Landing,1.0,8.0,0.0,1.0,The onboarding tutorial was confusing,1.2,0,1,0,0.0,0.0,0.0,3.0
5294,2026-02-02,Referral,Mobile,Germany,Premium,Upgrade,24.0,93.0,7.0,0.0,Helped our team productivity,4.0,1,0,1,1.0,,0.0,12.0
5295,2025-12-19,Organic,Desktop,Canada,Free,First Feature Use,11.0,34.0,7.0,0.0,Integration with Slack was seamless,4.9,0,1,1,0.0,0.0,0.0,4.0
5296,2025-11-03,Paid,Desktop,India,Free,Landing,1.0,9.0,0.0,0.0,Too many steps during setup process,1.3,0,1,0,1.0,0.0,0.0,2.0
5297,2025-08-04,Organic,Mobile,USA,Free,Landing,2.0,13.0,0.0,0.0,Trial period too short,2.1,0,1,0,0.0,0.0,0.0,4.0
5298,2025-08-12,Organic,Mobile,USA,Basic,Onboarding,4.0,24.0,2.0,0.0,Will evaluate again next month,3.8,0,0,1,,0.0,5.0,1.0
5299,2026-02-21,Paid,Desktop,Germany,Free,Onboarding,3.0,39.0,2.0,0.0,Not blown away but not disappointed,2.7,0,1,1,1.0,0.0,0.0,6.0
5300,2025-06-02,Organic,Mobile,India,Free,Landing,1.0,13.0,0.0,0.0,Customer support unhelpful,1.3,0,1,0,,0.0,0.0,4.0
5301,2025-06-13,Referral,Mobile,India,Free,First Feature Use,6.0,61.0,5.0,1.0,Similar to other tools,3.1,0,1,1,1.0,1.0,0.0,9.0
5302,2026-01-19,Organic,Desktop,USA,Free,First Feature Use,7.0,44.0,7.0,1.0,Still evaluating whether premium is worth it,2.9,0,1,1,,0.0,0.0,18.0
5303,2026-01-26,Paid,Tablet,USA,Free,Sign-up,3.0,11.0,0.0,0.0,No strong opinion yet,3.9,0,1,0,0.0,0.0,0.0,8.0
5304,2026-02-05,Paid,Desktop,USA,Premium,Upgrade,13.0,105.0,12.0,0.0,The dashboard analytics are extremely useful,4.4,1,0,1,0.0,0.0,0.0,8.0
5305,2026-03-17,Paid,Desktop,USA,Free,Onboarding,4.0,42.0,1.0,1.0,"Works as expected, nothing special",3.9,0,1,1,1.0,0.0,0.0,5.0
5306,2025-11-22,Referral,Mobile,Germany,Free,Onboarding,6.0,33.0,3.0,0.0,Decent but not great,3.0,0,1,1,0.0,1.0,0.0,8.0
5307,2025-05-14,Organic,Desktop,USA,Free,Landing,1.0,12.0,0.0,0.0,Email notifications are spammy,1.5,0,1,0,2.0,0.0,0.0,5.0
5308,2025-09-09,Organic,Mobile,UK,Free,Landing,1.0,14.0,0.0,0.0,Trial period too short,2.5,0,1,0,0.0,0.0,0.0,4.0
5309,2026-05-01,Organic,Tablet,USA,Free,Onboarding,5.0,42.0,3.0,0.0,Decent but not great,2.5,0,1,1,1.0,0.0,0.0,4.0
5310,2025-11-17,Referral,Mobile,USA,Free,First Feature Use,11.0,37.0,4.0,0.0,Best SaaS tool I've used,4.5,0,1,1,1.0,0.0,0.0,10.0
5311,2026-04-07,Referral,Desktop,USA,Free,Landing,,7.0,0.0,0.0,Cannot customize reports enough,2.5,0,1,0,0.0,0.0,0.0,1.0
5312,2025-07-22,Organic,Desktop,Canada,Free,First Feature Use,10.0,37.0,4.0,2.0,Love the reporting features,4.7,0,1,1,1.0,2.0,0.0,18.0
5313,2025-05-27,Paid,Mobile,India,Free,First Feature Use,7.0,45.0,6.0,1.0,Ok for basic use,2.7,0,1,1,1.0,0.0,0.0,7.0
5314,2025-10-09,Organic,Tablet,India,Free,Onboarding,3.0,30.0,1.0,0.0,Good enough for my use case,3.9,0,1,1,1.0,1.0,0.0,5.0
5315,2025-06-14,Organic,Mobile,Germany,Free,Sign-up,4.0,11.0,0.0,0.0,Still evaluating whether premium is worth it,3.3,0,1,0,0.0,0.0,0.0,1.0
5316,2025-05-22,Paid,Mobile,Canada,Free,Onboarding,6.0,32.0,3.0,2.0,Still evaluating whether premium is worth it,2.6,0,1,1,1.0,0.0,0.0,8.0
5317,2025-02-20,Organic,Mobile,USA,Free,Onboarding,3.0,41.0,1.0,0.0,Not sure if I'll continue,4.0,0,1,1,0.0,0.0,0.0,3.0
5318,2025-06-16,Paid,Desktop,USA,Free,Onboarding,6.0,24.0,2.0,1.0,Standard SaaS experience,2.9,0,1,1,3.0,1.0,0.0,9.0
5319,2025-05-16,Paid,Desktop,USA,Free,Landing,2.0,6.0,0.0,0.0,Email notifications are spammy,2.0,0,1,0,,0.0,0.0,6.0
5320,2026-03-10,Paid,Mobile,USA,Basic,Upgrade,21.0,61.0,19.0,0.0,Customer support was excellent,4.1,1,0,1,1.0,0.0,,29.0
5321,2025-02-22,Paid,Mobile,USA,Free,Sign-up,,18.0,1.0,0.0,Still exploring features,3.3,0,1,0,0.0,0.0,0.0,2.0
5322,2025-03-17,Paid,Tablet,USA,Free,First Feature Use,7.0,42.0,4.0,0.0,Basic features work fine so far,3.0,0,1,1,2.0,1.0,0.0,11.0
5323,2025-08-05,Paid,Mobile,USA,Free,First Feature Use,10.0,59.0,4.0,1.0,Reporting module saves a lot of time,4.2,0,1,1,1.0,0.0,0.0,17.0
5324,2025-02-01,Organic,Desktop,Germany,Free,Onboarding,4.0,32.0,3.0,0.0,Still exploring features,2.7,0,1,1,0.0,0.0,0.0,7.0
5325,2025-02-05,Paid,Desktop,India,Free,First Feature Use,9.0,46.0,4.0,0.0,Reporting module saves a lot of time,4.6,0,1,1,1.0,0.0,0.0,13.0
5326,2026-01-04,Organic,Desktop,USA,Basic,First Feature Use,,47.0,3.0,0.0,Highly recommend to other teams,4.8,0,0,1,1.0,1.0,3.0,2.0
5327,2026-04-03,Organic,Desktop,India,Free,Sign-up,2.0,18.0,0.0,0.0,Dashboard loads slowly,1.9,0,1,0,0.0,0.0,0.0,2.0
5328,2025-06-30,Paid,Mobile,India,Free,Onboarding,6.0,29.0,2.0,1.0,Could be better but not terrible,3.7,0,1,1,1.0,0.0,0.0,4.0
5329,2025-06-03,Referral,Tablet,USA,Basic,First Feature Use,,59.0,7.0,0.0,Learning curve is medium,3.0,0,0,1,1.0,0.0,3.0,6.0
5330,2026-03-19,Organic,Mobile,India,Basic,First Feature Use,6.0,59.0,4.0,1.0,Basic features work fine so far,2.8,0,0,1,1.0,0.0,6.0,15.0
5331,2025-02-08,Organic,Mobile,USA,Free,Landing,1.0,8.0,0.0,0.0,Cannot customize reports enough,1.9,0,1,0,1.0,0.0,0.0,5.0
5332,2025-11-07,Organic,Mobile,USA,Free,Landing,2.0,9.0,0.0,0.0,Pricing too high for small businesses,2.1,0,1,0,0.0,0.0,0.0,6.0
5333,2026-02-17,Organic,Tablet,UK,Free,Landing,2.0,,0.0,0.0,App crashes during report export,1.2,0,1,0,0.0,0.0,0.0,4.0
5334,2026-02-20,Paid,Desktop,USA,Basic,First Feature Use,5.0,53.0,6.0,0.0,No strong opinion yet,3.5,0,0,1,1.0,0.0,1.0,18.0
5335,2025-08-21,Organic,Mobile,USA,Free,Onboarding,6.0,23.0,2.0,0.0,Will evaluate again next month,3.0,0,1,1,0.0,1.0,0.0,7.0
5336,2025-05-29,Referral,Desktop,USA,Free,First Feature Use,7.0,69.0,3.0,0.0,Not blown away but not disappointed,3.4,0,1,1,0.0,0.0,0.0,13.0
5337,2026-01-20,Paid,Mobile,Germany,Free,Sign-up,4.0,11.0,0.0,0.0,Ok for basic use,2.5,0,1,0,1.0,0.0,0.0,8.0
5338,2025-12-03,Paid,Tablet,India,Free,First Feature Use,10.0,51.0,7.0,1.0,Helped our team productivity,4.5,0,1,1,3.0,0.0,0.0,5.0
5339,2025-12-20,Paid,Mobile,India,Free,Landing,1.0,7.0,0.0,0.0,Dashboard loads slowly,1.5,0,1,0,0.0,0.0,0.0,5.0
5340,2026-04-06,Organic,Desktop,India,Free,Landing,2.0,7.0,0.0,0.0,Too many bugs on mobile,1.9,0,1,0,0.0,0.0,0.0,5.0
5341,2025-06-17,Organic,Desktop,India,Free,Landing,1.0,12.0,0.0,0.0,Pricing too high for small businesses,2.4,0,1,0,0.0,0.0,0.0,1.0
5342,2025-09-21,Paid,Mobile,USA,Basic,Upgrade,17.0,101.0,11.0,2.0,Integration with Slack was seamless,4.9,1,0,1,0.0,0.0,0.0,14.0
5343,2025-09-21,Organic,Desktop,Germany,Free,Sign-up,4.0,15.0,1.0,1.0,Will decide after trial ends,2.8,0,1,0,0.0,0.0,0.0,5.0
5344,2025-07-05,Paid,Mobile,India,Free,Landing,2.0,7.0,0.0,0.0,Data sync is unreliable,2.4,0,1,0,0.0,0.0,0.0,4.0
5345,2025-02-18,Organic,Desktop,USA,Free,Sign-up,4.0,14.0,1.0,0.0,Good enough for my use case,3.1,0,1,0,0.0,0.0,0.0,2.0
5346,2025-10-13,Organic,Desktop,UK,Free,Sign-up,2.0,13.0,0.0,0.0,App crashes during report export,1.9,0,1,0,1.0,1.0,0.0,6.0
5347,2025-04-27,Organic,Desktop,UK,Free,Onboarding,5.0,32.0,3.0,0.0,Learning curve is medium,3.6,0,1,1,0.0,0.0,0.0,4.0
5348,2025-01-15,Organic,Mobile,USA,Free,First Feature Use,8.0,55.0,3.0,1.0,Works most of the time,3.8,0,1,1,0.0,0.0,0.0,
5349,2025-04-10,Referral,Tablet,USA,Free,Sign-up,2.0,19.0,1.0,0.0,Trial period too short,1.8,0,1,0,0.0,0.0,0.0,3.0
5350,2025-11-05,Organic,Mobile,USA,Free,Onboarding,5.0,34.0,1.0,0.0,Good enough for my use case,3.8,0,1,1,0.0,,0.0,4.0
5351,2026-01-05,Referral,Desktop,Germany,Free,Landing,2.0,11.0,0.0,1.0,Export functionality is limited,2.1,0,1,0,0.0,0.0,0.0,2.0
5352,2025-12-15,Paid,Desktop,USA,Free,First Feature Use,5.0,44.0,7.0,0.0,It's fine for now,2.7,0,1,1,1.0,0.0,0.0,9.0
5353,2025-01-18,Referral,Tablet,USA,Free,First Feature Use,6.0,64.0,6.0,0.0,Basic features work fine so far,3.6,0,1,1,0.0,,0.0,3.0
5354,2025-06-02,Paid,Desktop,USA,Free,Onboarding,6.0,24.0,1.0,,Basic features work fine so far,3.3,0,1,1,0.0,0.0,0.0,2.0
5355,2025-06-05,Referral,Mobile,India,Free,First Feature Use,9.0,63.0,7.0,1.0,The mobile app is surprisingly good,4.3,0,1,1,1.0,0.0,0.0,3.0
5356,2026-03-31,Organic,Desktop,Germany,Basic,Onboarding,5.0,31.0,3.0,1.0,Ok for basic use,2.6,0,0,1,0.0,0.0,12.0,13.0
5357,2025-10-27,Paid,Mobile,UK,Free,First Feature Use,9.0,60.0,3.0,0.0,Easy onboarding experience,4.7,0,1,1,2.0,1.0,0.0,6.0
5358,2025-08-02,Organic,Mobile,USA,Free,Onboarding,3.0,32.0,2.0,1.0,Meets minimum requirements,3.1,0,1,1,1.0,0.0,0.0,10.0
5359,2026-02-16,Organic,Tablet,UK,Free,Sign-up,2.0,20.0,1.0,0.0,Steep learning curve,1.4,0,1,0,1.0,0.0,0.0,3.0
5360,2025-04-29,Paid,Desktop,India,Basic,Onboarding,3.0,39.0,3.0,1.0,Need more time before upgrading,3.2,0,0,1,0.0,0.0,8.0,1.0
5361,2025-05-07,Paid,Mobile,India,Basic,Upgrade,18.0,61.0,7.0,0.0,Integration with Slack was seamless,4.8,1,0,1,0.0,0.0,0.0,10.0
5362,2025-05-24,Organic,Desktop,India,Free,Sign-up,2.0,24.0,1.0,0.0,Trial period too short,1.2,0,1,0,0.0,1.0,0.0,9.0
5363,2025-04-03,Organic,Mobile,USA,Free,Sign-up,2.0,10.0,1.0,0.0,Too many bugs on mobile,2.5,0,1,0,1.0,0.0,0.0,1.0
5364,2025-03-07,Paid,Mobile,USA,Basic,First Feature Use,7.0,46.0,6.0,2.0,"Works as expected, nothing special",2.9,0,0,1,1.0,1.0,7.0,4.0
5365,2025-11-01,Paid,Mobile,USA,Premium,Upgrade,22.0,138.0,16.0,0.0,Real-time sync is fast,4.4,1,0,1,2.0,0.0,0.0,21.0
5366,2025-04-29,Organic,Desktop,Canada,Free,Landing,2.0,11.0,0.0,0.0,Missing basic integrations,1.2,0,1,0,0.0,0.0,0.0,6.0
5367,2025-12-24,Referral,Desktop,UK,Free,Onboarding,3.0,39.0,1.0,1.0,Not blown away but not disappointed,2.8,0,1,1,0.0,0.0,0.0,7.0
5368,2026-01-07,Referral,Desktop,India,Free,Onboarding,3.0,39.0,3.0,1.0,Basic features work fine so far,2.6,0,1,1,1.0,0.0,0.0,9.0
5369,2025-12-12,Referral,Mobile,Germany,Premium,Upgrade,10.0,90.0,10.0,0.0,Onboarding tutorial was straightforward,4.7,1,0,1,1.0,2.0,0.0,21.0
5370,2026-03-24,Referral,Desktop,Germany,Free,Onboarding,3.0,21.0,1.0,3.0,No strong opinion yet,3.4,0,1,1,0.0,0.0,0.0,6.0
5371,2025-12-11,Organic,Mobile,USA,Free,Onboarding,5.0,43.0,2.0,0.0,Room for improvement in UI,2.9,0,1,1,,1.0,0.0,7.0
5372,2025-09-24,Referral,Mobile,USA,Free,First Feature Use,9.0,32.0,5.0,1.0,Onboarding tutorial was straightforward,4.8,0,1,1,2.0,0.0,0.0,1.0
5373,2025-06-12,Organic,Desktop,Germany,Free,Sign-up,4.0,14.0,1.0,0.0,Still exploring features,3.6,0,1,0,0.0,0.0,0.0,9.0
5374,2025-03-26,Organic,Mobile,Canada,Free,Landing,2.0,13.0,0.0,0.0,No dark mode,1.0,0,1,0,1.0,0.0,0.0,3.0
5375,2025-12-01,Referral,Desktop,UK,Premium,Upgrade,10.0,135.0,17.0,1.0,The dashboard analytics are extremely useful,4.1,1,0,1,1.0,0.0,0.0,28.0
5376,2026-02-15,Organic,Tablet,Germany,Basic,Upgrade,13.0,82.0,9.0,1.0,Love how everything is customisable,4.8,1,0,1,0.0,0.0,0.0,27.0
5377,2025-02-09,Paid,Mobile,USA,Free,Sign-up,4.0,24.0,0.0,0.0,Learning curve is medium,,0,1,0,1.0,0.0,0.0,1.0
5378,2025-05-08,Organic,Desktop,USA,Free,Landing,2.0,12.0,0.0,0.0,Pricing feels too expensive,1.9,0,1,0,0.0,0.0,0.0,4.0
5379,2026-03-04,Paid,Desktop,USA,Free,First Feature Use,,47.0,5.0,0.0,Could be better but not terrible,3.0,0,1,1,0.0,0.0,0.0,5.0
5380,2026-04-23,Paid,Mobile,India,Free,Landing,2.0,5.0,0.0,,No dark mode,2.0,0,1,0,0.0,0.0,0.0,2.0
5381,2025-12-19,Organic,Desktop,India,Free,Onboarding,4.0,27.0,3.0,0.0,Not sure if I'll continue,2.7,0,1,1,0.0,1.0,0.0,3.0
5382,2025-10-10,Organic,Desktop,UK,Premium,Upgrade,12.0,108.0,9.0,0.0,Feature updates are frequent and useful,4.2,1,0,1,0.0,0.0,0.0,8.0
5383,2025-07-10,Paid,Mobile,USA,Free,First Feature Use,11.0,41.0,4.0,0.0,Easy onboarding experience,4.4,0,1,1,0.0,0.0,0.0,14.0
5384,2025-06-21,Paid,Mobile,USA,Free,Sign-up,2.0,24.0,0.0,1.0,Pricing too high for small businesses,1.8,0,1,0,0.0,0.0,0.0,4.0
5385,2025-05-14,Organic,Tablet,Germany,Free,Sign-up,2.0,22.0,0.0,0.0,Mobile app crashes while exporting reports,1.2,0,1,0,2.0,0.0,0.0,2.0
5386,2025-11-19,Referral,Desktop,USA,Free,First Feature Use,5.0,68.0,4.0,0.0,Need more time before upgrading,3.7,0,1,1,1.0,0.0,0.0,1.0
5387,2025-06-03,Organic,Mobile,India,Free,Landing,1.0,,0.0,0.0,Email notifications are spammy,1.3,0,1,0,0.0,0.0,0.0,2.0
5388,2025-09-25,Referral,Mobile,India,Free,First Feature Use,9.0,44.0,5.0,1.0,Love how everything is customisable,4.3,0,1,1,0.0,0.0,0.0,18.0
5389,2026-01-29,Organic,Desktop,India,Free,Sign-up,2.0,21.0,1.0,0.0,Pricing feels too expensive,1.4,0,1,0,0.0,0.0,0.0,5.0
5390,2025-01-14,Organic,Mobile,Canada,Free,Sign-up,,24.0,0.0,0.0,App crashes during report export,1.7,0,1,0,0.0,0.0,0.0,1.0
5391,2025-02-28,Organic,Mobile,USA,Free,Sign-up,2.0,13.0,0.0,,Steep learning curve,1.5,0,1,0,0.0,0.0,0.0,8.0
5392,2025-07-11,Organic,Desktop,India,Basic,Upgrade,13.0,91.0,12.0,0.0,Customer support was excellent,4.5,1,0,1,1.0,0.0,0.0,8.0
5393,2026-01-06,Organic,Desktop,USA,Free,Landing,2.0,12.0,0.0,0.0,Trial period too short,1.3,0,1,0,0.0,,0.0,4.0
5394,2025-01-08,Organic,Mobile,USA,Free,First Feature Use,6.0,68.0,6.0,1.0,Nothing exceptional,3.5,0,1,1,2.0,0.0,0.0,15.0
5395,2025-04-19,Organic,Mobile,USA,Free,Landing,1.0,9.0,0.0,0.0,No dark mode,1.3,0,1,0,0.0,0.0,0.0,3.0
5396,2026-03-16,Organic,Mobile,USA,Free,Sign-up,2.0,10.0,0.0,0.0,Mobile UI is cluttered,2.3,0,1,0,0.0,0.0,0.0,5.0
5397,2025-02-08,Paid,Mobile,Germany,Free,First Feature Use,5.0,33.0,6.0,0.0,Basic features work fine so far,3.6,0,1,1,0.0,0.0,0.0,17.0
5398,2025-07-29,Referral,Mobile,India,Basic,Onboarding,6.0,43.0,,1.0,Standard SaaS experience,3.8,0,0,1,1.0,0.0,10.0,4.0
5399,2025-01-17,Organic,Mobile,USA,Free,Sign-up,2.0,14.0,0.0,0.0,Billing system is confusing,2.0,0,1,0,0.0,0.0,0.0,9.0
5400,2025-10-02,Paid,Mobile,USA,Free,Onboarding,4.0,22.0,2.0,0.0,No strong opinion yet,3.9,0,1,1,0.0,0.0,0.0,2.0
5401,2025-01-10,Paid,Mobile,USA,Free,Onboarding,5.0,28.0,1.0,0.0,Average experience so far,3.8,0,1,1,2.0,0.0,0.0,8.0
5402,2025-12-09,Paid,Tablet,UK,Free,Landing,2.0,14.0,0.0,1.0,Pricing too high for small businesses,1.2,0,1,0,0.0,0.0,0.0,1.0
5403,2025-10-16,Referral,Mobile,India,Free,Landing,2.0,5.0,0.0,0.0,Export functionality is limited,1.6,0,1,0,0.0,,0.0,6.0
5404,2025-07-27,Referral,Mobile,UK,Free,Onboarding,4.0,36.0,3.0,1.0,Basic features work fine so far,3.6,0,1,1,0.0,0.0,0.0,9.0
5405,2026-03-26,Organic,Mobile,USA,Free,Onboarding,3.0,22.0,3.0,1.0,Meets minimum requirements,3.3,0,1,1,0.0,0.0,0.0,10.0
5406,2025-10-19,Paid,Mobile,USA,Free,Landing,1.0,9.0,0.0,0.0,Data sync is unreliable,2.0,0,1,0,0.0,0.0,0.0,4.0
5407,2025-04-01,Paid,Desktop,USA,Free,Sign-up,2.0,24.0,1.0,0.0,The onboarding tutorial was confusing,1.8,0,1,0,0.0,0.0,0.0,2.0
5408,2025-09-14,Organic,Mobile,UK,Free,Landing,2.0,13.0,0.0,1.0,Feature X is broken for weeks,2.4,0,1,0,0.0,0.0,0.0,6.0
5409,2026-01-28,Organic,Desktop,USA,Free,Sign-up,2.0,11.0,0.0,0.0,No dark mode,2.3,0,1,0,0.0,0.0,0.0,2.0
5410,2025-04-25,Referral,Mobile,USA,Free,Onboarding,6.0,40.0,3.0,0.0,Will decide after trial ends,3.6,0,1,1,1.0,0.0,0.0,12.0
5411,2025-02-21,Paid,Desktop,USA,Free,First Feature Use,5.0,30.0,7.0,1.0,Could be better but not terrible,2.6,0,1,1,0.0,0.0,0.0,15.0
5412,2026-03-26,Organic,Mobile,UK,Free,Landing,1.0,7.0,0.0,1.0,Steep learning curve,1.6,0,1,0,0.0,0.0,0.0,5.0
5413,2025-10-20,Organic,Mobile,USA,Premium,Upgrade,24.0,84.0,19.0,0.0,Love how everything is customisable,4.4,1,0,1,0.0,1.0,0.0,12.0
5414,2025-06-27,Referral,Mobile,India,Free,First Feature Use,11.0,59.0,4.0,1.0,Customer support was excellent,4.8,0,1,1,0.0,0.0,0.0,12.0
5415,2025-09-01,Organic,Mobile,India,Free,Landing,2.0,6.0,0.0,0.0,Billing system is confusing,1.1,0,1,0,1.0,0.0,0.0,4.0
5416,2025-03-22,Paid,Mobile,India,Free,Landing,2.0,11.0,0.0,0.0,Data sync is unreliable,1.7,0,1,0,0.0,0.0,0.0,3.0
5417,2025-06-18,Organic,Mobile,USA,Free,Onboarding,4.0,42.0,1.0,0.0,"Works as expected, nothing special",3.2,0,1,1,2.0,0.0,0.0,9.0
5418,2025-01-20,Organic,Desktop,USA,Free,First Feature Use,5.0,48.0,7.0,1.0,Still exploring features,3.1,0,1,1,0.0,2.0,0.0,8.0
5419,2026-02-18,Organic,Mobile,UK,Free,Landing,2.0,14.0,0.0,0.0,Cannot customize reports enough,1.2,0,1,0,0.0,0.0,0.0,2.0
5420,2025-04-13,Organic,Mobile,USA,Basic,Upgrade,11.0,86.0,12.0,0.0,Easy onboarding experience,4.4,1,0,1,0.0,1.0,0.0,22.0
5421,2026-03-06,Organic,Mobile,USA,Free,Landing,2.0,6.0,0.0,0.0,Pricing feels too expensive,2.1,0,1,0,0.0,0.0,0.0,2.0
5422,2025-05-28,Paid,Desktop,USA,Free,First Feature Use,7.0,34.0,4.0,0.0,Not sure if I'll continue,3.4,0,1,1,1.0,0.0,0.0,19.0
5423,2025-04-10,Paid,Mobile,USA,Free,First Feature Use,5.0,50.0,5.0,0.0,"Works as expected, nothing special",3.7,0,1,1,1.0,0.0,0.0,3.0
5424,2026-04-11,Organic,Mobile,USA,Free,Onboarding,3.0,20.0,1.0,0.0,Basic features work fine so far,3.1,0,1,1,1.0,1.0,0.0,11.0
5425,2025-06-05,Paid,Mobile,India,Free,Landing,2.0,,0.0,1.0,UI feels outdated,2.0,0,1,0,1.0,0.0,0.0,5.0
5426,2025-10-30,Paid,Desktop,USA,Free,First Feature Use,10.0,34.0,7.0,1.0,Mobile experience is smooth,4.0,0,1,1,,0.0,0.0,18.0
5427,2025-01-29,Organic,Desktop,USA,Free,First Feature Use,7.0,68.0,3.0,0.0,It's fine for now,3.7,0,1,1,0.0,0.0,0.0,9.0
5428,2025-10-20,Organic,Mobile,USA,Free,Onboarding,3.0,,2.0,2.0,Room for improvement in UI,2.8,0,1,1,1.0,0.0,0.0,10.0
5429,2025-08-29,Organic,Mobile,India,Basic,Onboarding,,35.0,1.0,0.0,Decent but not great,3.2,0,0,1,1.0,0.0,7.0,1.0
5430,2026-04-27,Referral,Mobile,India,Basic,Onboarding,7.0,24.0,1.0,0.0,Average experience so far,3.5,0,0,1,0.0,0.0,8.0,4.0
5431,2026-03-29,Paid,Mobile,USA,Free,Sign-up,3.0,23.0,0.0,0.0,Ok for basic use,3.7,0,1,0,0.0,0.0,0.0,8.0
5432,2025-05-07,Organic,Desktop,India,Free,First Feature Use,11.0,47.0,3.0,1.0,Mobile experience is smooth,4.5,0,1,1,1.0,0.0,0.0,1.0
5433,2025-08-08,Paid,Mobile,USA,Free,Sign-up,3.0,19.0,1.0,0.0,Still evaluating whether premium is worth it,2.9,0,1,0,0.0,0.0,0.0,5.0
5434,2025-10-30,Organic,Mobile,India,Free,Landing,1.0,10.0,0.0,1.0,Pricing too high for small businesses,1.9,0,1,0,0.0,0.0,0.0,
5435,2025-03-13,Organic,Desktop,India,Free,Sign-up,2.0,13.0,1.0,1.0,Pricing feels too expensive,1.6,0,1,0,0.0,0.0,0.0,
5436,2025-08-13,Paid,Mobile,India,Basic,Upgrade,21.0,124.0,18.0,1.0,Reporting module saves a lot of time,4.1,1,0,1,0.0,1.0,0.0,27.0
5437,2025-03-08,Paid,Mobile,India,Free,Onboarding,6.0,43.0,3.0,1.0,Need more time before upgrading,2.5,0,1,1,0.0,0.0,0.0,3.0
5438,2025-04-25,Organic,Mobile,USA,Basic,Upgrade,12.0,,19.0,0.0,Integration with Slack was seamless,4.7,1,0,1,0.0,0.0,0.0,25.0
5439,2025-01-02,Referral,Mobile,UK,Basic,Upgrade,21.0,88.0,7.0,0.0,Easy onboarding experience,4.6,1,0,1,0.0,0.0,0.0,7.0
5440,2025-03-22,Organic,Desktop,USA,Basic,Upgrade,15.0,103.0,16.0,0.0,Customer support was excellent,4.6,1,0,1,0.0,0.0,0.0,2.0
5441,2026-02-13,Organic,Desktop,Canada,Free,Sign-up,4.0,15.0,0.0,0.0,Need more time before upgrading,3.5,0,1,0,1.0,0.0,0.0,5.0
5442,2025-08-29,Referral,Mobile,USA,Free,Onboarding,4.0,21.0,3.0,0.0,Will evaluate again next month,2.8,0,1,1,0.0,0.0,0.0,7.0
5443,2025-06-23,Paid,Mobile,USA,Free,Onboarding,5.0,24.0,2.0,0.0,Average experience so far,,0,1,1,0.0,0.0,0.0,1.0
5444,2025-06-14,Referral,Mobile,USA,Basic,Upgrade,14.0,90.0,10.0,1.0,Integration with Slack was seamless,,1,0,1,2.0,0.0,0.0,20.0
5445,2025-01-13,Referral,Mobile,USA,Free,Sign-up,4.0,14.0,1.0,1.0,Basic features work fine so far,2.9,0,1,0,0.0,1.0,0.0,
5446,2026-02-18,Referral,Tablet,UK,Basic,First Feature Use,10.0,57.0,7.0,1.0,Reporting module saves a lot of time,4.0,0,0,1,0.0,0.0,1.0,11.0
5447,2025-08-04,Organic,Mobile,USA,Basic,Upgrade,12.0,70.0,9.0,1.0,Analytics dashboard is insightful,,1,0,1,0.0,0.0,0.0,18.0
5448,2026-03-03,Organic,Desktop,USA,Free,First Feature Use,6.0,47.0,3.0,0.0,No strong opinion yet,3.4,0,1,1,1.0,0.0,0.0,3.0
5449,2026-01-22,Paid,Mobile,USA,Free,Onboarding,4.0,43.0,1.0,0.0,Haven't used all features yet,2.7,0,1,1,0.0,0.0,0.0,12.0
5450,2025-11-26,Paid,Desktop,India,Premium,Upgrade,14.0,82.0,14.0,0.0,Reporting module saves a lot of time,4.0,1,0,1,0.0,0.0,0.0,1.0
5451,2025-10-21,Paid,Desktop,USA,Free,Onboarding,6.0,31.0,2.0,0.0,Decent but not great,3.9,0,1,1,0.0,0.0,0.0,5.0
5452,2025-04-01,Organic,Desktop,USA,Free,Sign-up,2.0,18.0,1.0,0.0,Support response time is slow,2.1,0,1,0,0.0,0.0,0.0,5.0
5453,2025-08-19,Organic,Mobile,UK,Basic,Onboarding,6.0,41.0,3.0,0.0,Learning curve is medium,3.7,0,0,1,0.0,0.0,10.0,8.0
5454,2025-09-30,Paid,Desktop,USA,Basic,Onboarding,6.0,28.0,2.0,2.0,Could be better but not terrible,3.7,0,0,1,0.0,0.0,8.0,5.0
5455,2025-10-08,Organic,Mobile,USA,Free,Landing,2.0,12.0,0.0,0.0,Too many bugs on mobile,2.2,0,1,0,0.0,0.0,0.0,4.0
5456,2026-01-28,Organic,Tablet,India,Free,Sign-up,4.0,24.0,1.0,0.0,Not sure if I'll continue,3.1,0,1,0,0.0,0.0,0.0,8.0
5457,2026-01-24,Organic,Desktop,USA,Free,Onboarding,3.0,26.0,2.0,1.0,Basic features work fine so far,2.7,0,1,1,0.0,0.0,0.0,9.0
5458,2025-12-08,Organic,Mobile,USA,Free,Onboarding,3.0,40.0,3.0,0.0,Not sure if I'll continue,3.9,0,1,1,0.0,1.0,0.0,12.0
5459,2025-07-03,Paid,Tablet,UK,Free,Landing,2.0,10.0,0.0,0.0,Export functionality is limited,,0,1,0,0.0,0.0,0.0,2.0
5460,2025-06-27,Paid,Desktop,USA,Free,Sign-up,2.0,19.0,0.0,0.0,Too many steps during setup process,2.2,0,1,0,0.0,0.0,0.0,5.0
5461,2025-08-14,Organic,Desktop,USA,Free,First Feature Use,8.0,,5.0,0.0,It's fine for now,3.5,0,1,1,1.0,0.0,0.0,4.0
5462,2025-07-21,Organic,Mobile,India,Free,Sign-up,3.0,19.0,1.0,1.0,Works most of the time,3.6,0,1,0,0.0,0.0,0.0,4.0
5463,2025-08-18,Paid,Tablet,Germany,Free,Landing,2.0,10.0,0.0,0.0,No offline access,2.0,0,1,0,0.0,0.0,0.0,1.0
5464,2026-03-15,Organic,Desktop,UK,Free,Landing,1.0,9.0,0.0,0.0,Frequent downtime,1.5,0,1,0,0.0,0.0,0.0,1.0
5465,2025-02-11,Referral,Desktop,USA,Free,Onboarding,3.0,32.0,3.0,0.0,"Works as expected, nothing special",3.1,0,1,1,1.0,1.0,0.0,2.0
5466,2026-01-08,Paid,Tablet,USA,Free,Onboarding,7.0,30.0,1.0,0.0,Similar to other tools,4.0,0,1,1,0.0,0.0,0.0,12.0
5467,2025-02-20,Referral,Mobile,UK,Premium,Upgrade,11.0,69.0,14.0,0.0,Helped our team productivity,4.4,1,0,1,0.0,0.0,0.0,4.0
5468,2025-04-28,Paid,Mobile,USA,Premium,Upgrade,12.0,125.0,14.0,0.0,Great value for money,4.8,1,0,1,0.0,0.0,0.0,1.0
5469,2025-02-10,Organic,Desktop,USA,Free,Onboarding,3.0,29.0,1.0,0.0,Learning curve is medium,3.8,0,1,1,,0.0,0.0,12.0
5470,2025-09-27,Paid,Mobile,India,Free,First Feature Use,11.0,49.0,6.0,1.0,The API documentation is clear,4.8,0,1,1,1.0,1.0,0.0,12.0
5471,2026-03-13,Organic,Desktop,USA,Free,First Feature Use,10.0,64.0,4.0,2.0,Support team solved my issue quickly,4.5,0,1,1,0.0,0.0,0.0,9.0
5472,2025-01-22,Organic,Mobile,USA,Free,Sign-up,3.0,16.0,0.0,0.0,Meets minimum requirements,2.7,0,1,0,0.0,0.0,0.0,6.0
5473,2025-08-23,Organic,Mobile,USA,Free,Landing,2.0,5.0,0.0,0.0,Mobile UI is cluttered,1.4,0,1,0,1.0,0.0,0.0,4.0
5474,2026-03-21,Organic,Mobile,India,Free,Landing,2.0,7.0,0.0,0.0,Email notifications are spammy,2.3,0,1,0,0.0,0.0,0.0,1.0
5475,2026-01-10,Organic,Mobile,USA,Free,Sign-up,3.0,16.0,1.0,0.0,Standard SaaS experience,3.2,0,1,0,0.0,1.0,0.0,8.0
5476,2026-03-09,Organic,Mobile,USA,Free,Landing,2.0,11.0,0.0,0.0,Missing key features compared to competitors,1.1,0,1,0,,0.0,0.0,4.0
5477,2025-04-24,Paid,Mobile,USA,Free,Onboarding,3.0,39.0,3.0,1.0,Meets minimum requirements,3.8,0,1,1,0.0,0.0,0.0,10.0
5478,2026-01-30,Referral,Mobile,Germany,Premium,Upgrade,13.0,102.0,16.0,2.0,Great value for money,4.2,1,0,1,0.0,1.0,0.0,6.0
5479,2026-04-30,Organic,Desktop,UK,Free,Sign-up,2.0,18.0,0.0,1.0,App crashes during report export,2.2,0,1,0,1.0,0.0,0.0,8.0
5480,2025-08-03,Paid,Desktop,USA,Free,Landing,2.0,14.0,0.0,0.0,Mobile UI is cluttered,2.3,0,1,0,0.0,0.0,0.0,6.0
5481,2026-02-20,Organic,Mobile,India,Basic,Onboarding,3.0,43.0,3.0,1.0,Standard SaaS experience,2.6,0,0,1,2.0,0.0,13.0,2.0
5482,2025-02-28,Referral,Mobile,USA,Free,Sign-up,2.0,11.0,0.0,0.0,No dark mode,1.2,0,1,0,0.0,0.0,0.0,5.0
5483,2025-02-10,Organic,Mobile,USA,Free,Onboarding,7.0,21.0,3.0,1.0,Will decide after trial ends,3.6,0,1,1,0.0,0.0,0.0,3.0
5484,2025-03-11,Referral,Mobile,UK,Basic,Upgrade,17.0,82.0,16.0,0.0,Love the reporting features,4.2,1,0,1,0.0,2.0,0.0,28.0
5485,2025-06-13,Organic,Tablet,UK,Premium,Upgrade,21.0,103.0,17.0,0.0,Best SaaS tool I've used,4.4,1,0,1,1.0,0.0,0.0,5.0
5486,2025-02-04,Referral,Mobile,USA,Free,First Feature Use,11.0,32.0,7.0,2.0,Simple and effective design,4.8,0,1,1,0.0,0.0,0.0,11.0
5487,2025-08-24,Organic,Mobile,India,Free,Sign-up,2.0,14.0,0.0,0.0,Cannot customize reports enough,1.8,0,1,0,0.0,0.0,0.0,3.0
5488,2025-02-13,Organic,Mobile,USA,Free,Landing,2.0,13.0,0.0,0.0,Frequent downtime,1.8,0,1,0,0.0,0.0,0.0,2.0
5489,2025-09-27,Organic,Tablet,Canada,Free,Sign-up,2.0,23.0,1.0,0.0,Customer support unhelpful,1.2,0,1,0,0.0,0.0,0.0,2.0
5490,2025-09-11,Organic,Mobile,India,Free,Onboarding,7.0,40.0,2.0,0.0,Nothing exceptional,2.7,0,1,1,0.0,0.0,0.0,8.0
5491,2025-11-17,Referral,Desktop,Canada,Free,Sign-up,3.0,11.0,1.0,0.0,Ok for basic use,3.3,0,1,0,1.0,0.0,0.0,4.0
5492,2025-12-26,Paid,Mobile,USA,Free,Onboarding,4.0,38.0,2.0,0.0,Will decide after trial ends,2.5,0,1,1,0.0,0.0,0.0,9.0
5493,2025-03-03,Organic,Mobile,USA,Free,Landing,2.0,6.0,0.0,0.0,App crashes during report export,2.4,0,1,0,1.0,0.0,,4.0
5494,2025-11-23,Referral,Desktop,India,Free,Sign-up,4.0,24.0,1.0,0.0,Average experience so far,2.7,0,1,0,0.0,0.0,0.0,9.0
5495,2026-03-14,Paid,Mobile,India,Free,Onboarding,7.0,39.0,3.0,0.0,Meets minimum requirements,3.2,0,1,1,0.0,0.0,0.0,3.0
5496,2025-08-17,Referral,Desktop,Germany,Free,Sign-up,4.0,10.0,1.0,0.0,Need more time before upgrading,3.0,0,1,0,1.0,1.0,0.0,3.0
5497,2026-01-19,Organic,Desktop,USA,Free,Sign-up,3.0,22.0,0.0,2.0,Ok for basic use,2.8,0,1,0,0.0,0.0,0.0,8.0
5498,2025-08-21,Referral,Mobile,UK,Free,Landing,2.0,12.0,0.0,0.0,Pricing feels too expensive,1.3,0,1,0,0.0,0.0,0.0,5.0
5499,2026-02-05,Organic,Mobile,Germany,Free,Onboarding,7.0,26.0,3.0,0.0,Good enough for my use case,3.2,0,1,1,1.0,1.0,0.0,13.0
5500,2025-12-28,Paid,Desktop,Germany,Free,First Feature Use,8.0,36.0,,0.0,Ok for basic use,2.8,0,1,1,,1.0,0.0,13.0
5501,2026-04-12,Organic,Mobile,USA,Free,Landing,2.0,12.0,0.0,0.0,No offline access,2.0,0,1,0,0.0,,0.0,4.0
5502,2025-08-26,Paid,Mobile,India,Free,Onboarding,3.0,21.0,3.0,1.0,No strong opinion yet,3.4,0,1,1,2.0,0.0,0.0,6.0
5503,2025-12-02,Paid,Mobile,UK,Free,Onboarding,4.0,20.0,3.0,0.0,Ok for basic use,3.9,0,1,1,3.0,0.0,0.0,11.0
5504,2026-01-30,Organic,Desktop,USA,Free,Onboarding,4.0,32.0,3.0,1.0,Meets minimum requirements,2.9,0,1,1,2.0,0.0,0.0,12.0
5505,2026-04-29,Referral,Desktop,Germany,Free,Sign-up,4.0,15.0,1.0,0.0,"Works as expected, nothing special",3.4,0,1,0,0.0,0.0,0.0,3.0
5506,2026-02-06,Referral,Desktop,USA,Free,Sign-up,3.0,19.0,1.0,2.0,Basic features work fine so far,3.8,0,1,0,0.0,,0.0,2.0
5507,2026-01-26,Referral,Mobile,India,Free,First Feature Use,10.0,61.0,3.0,1.0,The mobile app is surprisingly good,4.0,0,1,1,0.0,0.0,0.0,17.0
5508,2026-03-11,Referral,Mobile,Germany,Basic,Upgrade,21.0,73.0,13.0,0.0,Onboarding tutorial was straightforward,,1,0,1,0.0,1.0,0.0,
5509,2025-09-11,Paid,Mobile,USA,Free,First Feature Use,,46.0,7.0,0.0,Standard SaaS experience,2.5,0,1,1,0.0,1.0,0.0,11.0
5510,2026-03-12,Referral,Mobile,Germany,Free,First Feature Use,11.0,40.0,5.0,0.0,Helped our team productivity,4.7,0,1,1,1.0,1.0,0.0,18.0
5511,2025-02-10,Referral,Desktop,India,Free,Onboarding,5.0,36.0,3.0,0.0,Similar to other tools,2.6,0,1,1,0.0,0.0,0.0,9.0
5512,2025-03-02,Organic,Desktop,India,Free,Sign-up,2.0,21.0,0.0,0.0,Email notifications are spammy,1.3,0,1,0,0.0,0.0,0.0,8.0
5513,2025-04-02,Paid,Desktop,USA,Free,First Feature Use,7.0,33.0,6.0,0.0,Standard SaaS experience,3.3,0,1,1,2.0,1.0,0.0,18.0
5514,2025-02-11,Referral,Mobile,USA,Basic,Upgrade,11.0,86.0,11.0,0.0,Automated reports are a lifesaver,4.7,1,0,1,0.0,3.0,0.0,29.0
5515,2025-12-17,Paid,Desktop,India,Free,Sign-up,4.0,20.0,1.0,0.0,Will decide after trial ends,3.7,0,1,0,0.0,0.0,0.0,5.0
5516,2025-01-29,Organic,Tablet,USA,Free,First Feature Use,11.0,33.0,7.0,0.0,Real-time sync is fast,4.4,0,1,1,1.0,0.0,0.0,8.0
5517,2026-02-26,Organic,Mobile,USA,Premium,Upgrade,14.0,88.0,14.0,0.0,Love how everything is customisable,4.8,1,0,1,1.0,0.0,0.0,13.0
5518,2025-02-23,Referral,Mobile,USA,Free,Onboarding,7.0,42.0,2.0,2.0,Not sure if I'll continue,3.9,0,1,1,0.0,0.0,0.0,11.0
5519,2025-10-17,Referral,Mobile,USA,Basic,First Feature Use,7.0,63.0,5.0,1.0,Similar to other tools,3.1,0,0,1,1.0,0.0,2.0,4.0
5520,2025-03-19,,Mobile,India,Free,First Feature Use,8.0,67.0,4.0,1.0,"Works as expected, nothing special",2.7,0,1,1,1.0,0.0,0.0,6.0
5521,2025-06-19,Organic,Desktop,India,Free,Onboarding,5.0,23.0,2.0,0.0,Not sure if I'll continue,3.4,0,1,1,0.0,0.0,0.0,1.0
5522,2026-02-02,Organic,Mobile,India,Basic,Onboarding,6.0,33.0,3.0,0.0,Room for improvement in UI,2.9,0,0,1,0.0,0.0,7.0,4.0
5523,2026-03-11,Paid,Desktop,India,Free,Landing,1.0,6.0,0.0,,Billing system is confusing,1.9,0,1,0,0.0,0.0,0.0,2.0
5524,2025-02-18,Organic,Desktop,India,Free,First Feature Use,11.0,45.0,7.0,0.0,Feature updates are frequent and useful,4.7,0,1,1,2.0,0.0,0.0,3.0
5525,2025-06-21,Paid,Mobile,USA,Free,Sign-up,3.0,15.0,0.0,0.0,Could be better but not terrible,3.7,0,1,0,0.0,1.0,0.0,3.0
5526,2025-05-27,Referral,Mobile,India,Free,First Feature Use,8.0,44.0,4.0,1.0,Not blown away but not disappointed,2.9,0,1,1,0.0,0.0,0.0,15.0
5527,2025-12-13,Paid,Tablet,USA,Free,Landing,1.0,11.0,0.0,0.0,Mobile app crashes while exporting reports,1.8,0,1,0,,0.0,0.0,6.0
5528,2025-08-14,Organic,Mobile,UK,Free,Sign-up,2.0,23.0,0.0,0.0,Dashboard loads slowly,1.5,0,1,0,1.0,0.0,0.0,
5529,2025-06-22,Referral,Desktop,USA,Free,Sign-up,4.0,13.0,1.0,0.0,Standard SaaS experience,3.3,0,1,0,0.0,0.0,,5.0
5530,2026-02-28,Paid,Desktop,USA,Free,Sign-up,4.0,18.0,0.0,0.0,No strong opinion yet,3.6,0,1,0,0.0,1.0,0.0,9.0
5531,2025-12-21,Organic,Mobile,USA,Free,Landing,2.0,11.0,0.0,0.0,Dashboard loads slowly,1.4,0,1,0,0.0,0.0,0.0,4.0
5532,2025-12-28,Paid,Tablet,USA,Free,Sign-up,2.0,14.0,0.0,0.0,App crashes during report export,2.1,0,1,0,1.0,0.0,0.0,8.0
5533,2025-09-13,Paid,Mobile,USA,Free,First Feature Use,10.0,50.0,7.0,0.0,Integration with Slack was seamless,4.8,0,1,1,1.0,1.0,0.0,9.0
5534,2026-04-08,Referral,Desktop,USA,Free,Sign-up,2.0,17.0,0.0,0.0,Trial period too short,1.3,0,1,0,0.0,0.0,0.0,6.0
5535,2025-08-29,Referral,Desktop,USA,Free,Sign-up,3.0,18.0,0.0,0.0,Decent but not great,3.3,0,1,0,0.0,0.0,0.0,1.0
5536,2025-04-22,Organic,Mobile,USA,Free,Landing,2.0,12.0,0.0,0.0,Frequent downtime,1.3,0,1,0,0.0,0.0,0.0,6.0
5537,2025-08-19,Organic,Mobile,USA,Free,Landing,,11.0,,0.0,No dark mode,1.1,0,1,0,0.0,0.0,0.0,2.0
5538,2026-01-26,Organic,Desktop,USA,Free,Landing,2.0,5.0,0.0,0.0,Too many steps during setup process,2.1,0,1,0,0.0,0.0,0.0,1.0
5539,2025-07-16,Paid,Desktop,Germany,Free,First Feature Use,11.0,39.0,4.0,0.0,Love how everything is customisable,4.4,0,1,1,1.0,0.0,0.0,8.0
5540,2025-11-03,Paid,Mobile,India,Free,Sign-up,3.0,23.0,0.0,0.0,"Works as expected, nothing special",3.7,0,1,0,1.0,0.0,0.0,2.0
5541,2025-05-04,Organic,Desktop,Germany,Free,Onboarding,3.0,38.0,2.0,1.0,Not sure if I'll continue,3.7,0,1,1,2.0,1.0,0.0,7.0
5542,2025-01-09,Organic,Desktop,UK,Free,Sign-up,3.0,14.0,0.0,0.0,Could be better but not terrible,3.8,0,1,0,2.0,0.0,0.0,1.0
5543,2025-12-12,Referral,Mobile,India,Free,Sign-up,3.0,11.0,1.0,0.0,"Works as expected, nothing special",3.1,0,1,0,1.0,0.0,0.0,7.0
5544,2026-03-28,Referral,Mobile,UK,Free,Onboarding,6.0,24.0,1.0,,Nothing exceptional,3.4,0,1,1,0.0,0.0,0.0,12.0
5545,2025-02-02,Organic,Mobile,USA,Free,Landing,1.0,9.0,0.0,0.0,Too many bugs on mobile,1.1,0,1,0,0.0,0.0,0.0,4.0
5546,2025-10-12,Paid,Mobile,UK,Free,Sign-up,2.0,14.0,1.0,0.0,Cannot customize reports enough,1.3,0,1,0,0.0,0.0,0.0,5.0
5547,2025-10-29,Paid,Mobile,USA,Free,First Feature Use,6.0,,3.0,1.0,Still exploring features,2.7,0,1,1,0.0,1.0,0.0,6.0
5548,2025-12-01,Organic,Tablet,India,Premium,Upgrade,13.0,102.0,,1.0,Real-time sync is fast,4.7,1,0,1,0.0,0.0,0.0,10.0
5549,2025-10-24,Organic,Mobile,Germany,Free,Onboarding,6.0,26.0,3.0,0.0,Decent but not great,3.4,0,1,1,0.0,0.0,0.0,4.0
5550,2025-09-19,Organic,Mobile,India,Free,Onboarding,4.0,39.0,1.0,0.0,Haven't used all features yet,4.0,0,1,1,0.0,0.0,0.0,6.0
5551,2025-06-13,Organic,Desktop,USA,Basic,Upgrade,11.0,148.0,13.0,2.0,The dashboard analytics are extremely useful,4.0,1,0,1,1.0,0.0,0.0,22.0
5552,2026-02-03,Paid,Mobile,Canada,Free,Onboarding,3.0,43.0,3.0,0.0,Meets minimum requirements,3.9,0,1,1,0.0,0.0,0.0,12.0
5553,2026-04-13,Organic,Mobile,Canada,Free,Onboarding,5.0,23.0,2.0,1.0,Good enough for my use case,3.8,0,1,1,0.0,1.0,0.0,9.0
5554,2026-01-14,Organic,Desktop,USA,Free,Onboarding,7.0,20.0,2.0,2.0,Similar to other tools,3.5,0,1,1,1.0,0.0,0.0,10.0
5555,2025-05-28,Paid,Desktop,Germany,Free,Landing,1.0,13.0,0.0,0.0,No offline access,1.7,0,1,0,0.0,0.0,0.0,4.0
5556,2025-03-23,Organic,Desktop,USA,Free,Onboarding,3.0,23.0,2.0,2.0,Still evaluating whether premium is worth it,2.6,0,1,1,1.0,0.0,0.0,1.0
5557,2026-03-04,Paid,Desktop,USA,Free,Sign-up,2.0,11.0,1.0,2.0,Mobile UI is cluttered,1.0,0,1,0,1.0,1.0,0.0,6.0
5558,2025-02-05,Organic,Mobile,USA,Basic,Upgrade,13.0,100.0,8.0,0.0,Customer support was excellent,4.9,1,0,1,0.0,0.0,0.0,10.0
5559,2025-05-11,Paid,Desktop,India,Free,Sign-up,2.0,16.0,0.0,1.0,Pricing too high for small businesses,1.2,0,1,0,1.0,0.0,0.0,6.0
5560,2025-06-19,Referral,Mobile,USA,Free,Onboarding,4.0,28.0,2.0,1.0,Average experience so far,3.2,0,1,1,1.0,0.0,0.0,1.0
5561,2025-03-06,Organic,Mobile,USA,Free,First Feature Use,10.0,69.0,3.0,,Best SaaS tool I've used,4.7,0,1,1,1.0,0.0,0.0,14.0
5562,2026-02-17,Paid,Mobile,USA,Basic,Onboarding,6.0,22.0,1.0,2.0,It's fine for now,,0,0,1,2.0,1.0,13.0,7.0
5563,2026-04-12,Organic,Mobile,USA,Free,Landing,2.0,13.0,0.0,0.0,Dashboard loads slowly,1.4,0,1,0,0.0,0.0,0.0,4.0
5564,2026-02-24,Referral,Mobile,USA,Free,Onboarding,6.0,23.0,3.0,1.0,Not sure if I'll continue,3.3,0,1,1,0.0,0.0,0.0,11.0
5565,2026-01-15,Referral,Desktop,USA,Premium,Upgrade,10.0,108.0,14.0,0.0,Feature updates are frequent and useful,4.6,1,0,1,0.0,0.0,0.0,12.0
5566,2025-04-23,Organic,Mobile,USA,Free,Landing,1.0,7.0,0.0,1.0,Mobile app crashes while exporting reports,1.9,0,1,0,0.0,0.0,0.0,2.0
5567,2026-04-20,Paid,Mobile,USA,Basic,Upgrade,11.0,74.0,18.0,0.0,Data export works perfectly,4.6,1,0,1,0.0,0.0,0.0,27.0
5568,2025-02-18,Organic,Desktop,USA,Free,First Feature Use,5.0,59.0,7.0,0.0,Similar to other tools,2.8,0,1,1,1.0,0.0,0.0,15.0
5569,2025-11-04,Referral,Desktop,India,Basic,First Feature Use,9.0,67.0,7.0,0.0,Highly recommend to other teams,4.5,0,0,1,0.0,1.0,7.0,2.0
5570,2025-10-28,Organic,Mobile,Canada,Free,Sign-up,3.0,11.0,1.0,1.0,Need more time before upgrading,2.5,0,1,0,1.0,1.0,0.0,9.0
5571,2025-07-24,Referral,Mobile,USA,Basic,Onboarding,3.0,21.0,1.0,0.0,Could be better but not terrible,3.8,0,0,1,,0.0,7.0,9.0
5572,2025-01-03,Organic,Mobile,USA,Free,First Feature Use,8.0,34.0,6.0,1.0,Haven't used all features yet,3.4,0,1,1,0.0,1.0,0.0,7.0
5573,2025-05-29,Paid,Mobile,Germany,Free,First Feature Use,7.0,32.0,,2.0,Still evaluating whether premium is worth it,3.9,0,1,1,0.0,0.0,0.0,17.0
5574,2025-02-02,Referral,Desktop,UK,Free,Onboarding,,36.0,3.0,0.0,"Works as expected, nothing special",,0,1,1,0.0,1.0,0.0,1.0
5575,2025-07-07,Referral,Mobile,India,Basic,Onboarding,4.0,43.0,1.0,0.0,Need more time before upgrading,3.7,0,0,1,0.0,0.0,14.0,
5576,2025-03-03,Organic,Mobile,USA,Free,Onboarding,6.0,44.0,3.0,1.0,Works most of the time,3.9,0,1,1,1.0,0.0,0.0,5.0
5577,2025-09-14,Paid,Mobile,USA,Basic,First Feature Use,9.0,46.0,3.0,0.0,Feature updates are frequent and useful,4.4,0,0,1,0.0,0.0,6.0,18.0
5578,2025-06-04,Organic,Desktop,India,Basic,Upgrade,10.0,103.0,7.0,0.0,Mobile experience is smooth,4.6,1,0,1,0.0,0.0,0.0,28.0
5579,2025-02-28,Organic,Mobile,India,Free,Landing,1.0,9.0,0.0,0.0,Trial period too short,2.1,0,1,0,0.0,0.0,0.0,3.0
5580,2025-07-21,Organic,Desktop,USA,Free,Onboarding,5.0,35.0,1.0,1.0,Ok for basic use,3.6,0,1,1,1.0,0.0,0.0,3.0
5581,2025-11-26,Organic,Mobile,USA,Free,Sign-up,3.0,12.0,,0.0,Will evaluate again next month,3.7,0,1,0,2.0,0.0,0.0,9.0
5582,2025-10-22,Paid,Desktop,India,Free,Sign-up,2.0,16.0,0.0,0.0,Dashboard loads slowly,1.6,0,1,0,1.0,0.0,0.0,7.0
5583,2026-02-21,Organic,Tablet,USA,Free,Onboarding,7.0,38.0,2.0,1.0,No strong opinion yet,2.6,0,1,1,1.0,0.0,0.0,8.0
5584,2026-04-05,Paid,Mobile,India,Free,Landing,1.0,10.0,0.0,1.0,Missing basic integrations,2.2,0,1,0,0.0,0.0,,2.0
5585,2025-08-17,Organic,Desktop,USA,Free,Onboarding,6.0,32.0,3.0,1.0,Not blown away but not disappointed,2.6,0,1,1,1.0,0.0,0.0,8.0
5586,2025-08-26,Organic,Desktop,USA,Free,Sign-up,4.0,19.0,1.0,2.0,Haven't used all features yet,3.0,0,1,0,0.0,0.0,0.0,6.0
5587,2025-08-04,Paid,Desktop,USA,Free,Sign-up,2.0,10.0,1.0,1.0,Mobile app crashes while exporting reports,2.4,0,1,0,0.0,0.0,0.0,6.0
5588,2025-06-29,Organic,Desktop,UK,Free,First Feature Use,11.0,48.0,6.0,0.0,Analytics dashboard is insightful,4.1,0,1,1,0.0,0.0,0.0,9.0
5589,2025-04-16,Organic,Mobile,USA,Free,Onboarding,5.0,30.0,3.0,0.0,Meets minimum requirements,3.7,0,1,1,1.0,1.0,0.0,10.0
5590,2026-03-07,Organic,Mobile,USA,Free,Onboarding,4.0,44.0,3.0,0.0,Similar to other tools,2.6,0,1,1,,0.0,0.0,1.0
5591,2026-02-13,Paid,Tablet,USA,Premium,Upgrade,23.0,139.0,9.0,2.0,Data export works perfectly,4.7,1,0,1,0.0,0.0,0.0,24.0
5592,2026-03-15,Paid,Mobile,Canada,Free,Landing,2.0,14.0,0.0,,Too many bugs on mobile,2.3,0,1,0,0.0,0.0,0.0,1.0
5593,2025-11-27,Organic,Tablet,Canada,Free,Landing,1.0,13.0,0.0,0.0,Frequent downtime,1.9,0,1,0,0.0,0.0,0.0,1.0
5594,2025-01-05,Organic,Desktop,India,Free,Onboarding,5.0,41.0,2.0,1.0,Need more time before upgrading,3.6,0,1,1,0.0,0.0,0.0,4.0
5595,2025-11-21,Referral,Mobile,Canada,Premium,Upgrade,21.0,79.0,17.0,1.0,Love how everything is customisable,4.8,1,0,1,0.0,0.0,0.0,6.0
5596,2025-09-20,Referral,Desktop,USA,Basic,First Feature Use,7.0,69.0,3.0,0.0,Room for improvement in UI,3.1,0,0,1,1.0,1.0,4.0,13.0
5597,2025-06-03,Organic,Desktop,Canada,Basic,First Feature Use,9.0,34.0,7.0,,Customer support was excellent,4.7,0,1,1,1.0,0.0,0.0,12.0
5598,2025-10-15,Paid,Mobile,USA,Premium,Upgrade,10.0,62.0,17.0,0.0,Great value for money,4.7,1,0,1,0.0,0.0,0.0,6.0
5599,2026-04-28,Organic,Mobile,USA,Free,First Feature Use,,40.0,5.0,1.0,Customer support was excellent,4.9,0,1,1,1.0,0.0,0.0,8.0
5600,2025-08-14,Organic,Desktop,USA,Free,First Feature Use,5.0,39.0,7.0,0.0,Need more time before upgrading,2.8,0,1,1,0.0,0.0,0.0,16.0
5601,2025-03-01,Organic,Tablet,Canada,Free,Sign-up,4.0,12.0,,0.0,Need more time before upgrading,3.5,0,1,0,0.0,0.0,0.0,3.0
5602,2025-08-11,Paid,Desktop,UK,Free,Sign-up,2.0,17.0,0.0,1.0,Too many steps during setup process,,0,1,0,0.0,0.0,0.0,
5603,2025-04-14,Organic,Mobile,UK,Free,Sign-up,4.0,19.0,0.0,0.0,Haven't used all features yet,3.1,0,1,0,0.0,0.0,0.0,6.0
5604,2026-04-12,Referral,Mobile,Canada,Free,Onboarding,5.0,38.0,2.0,0.0,Room for improvement in UI,3.5,0,1,1,0.0,0.0,0.0,11.0
5605,2025-05-09,Paid,Tablet,UK,Premium,Upgrade,14.0,113.0,18.0,0.0,Love the reporting features,4.2,1,0,1,0.0,0.0,0.0,19.0
5606,2025-06-11,Organic,Mobile,UK,Free,Landing,1.0,7.0,0.0,0.0,Pricing too high for small businesses,2.4,0,1,0,0.0,0.0,0.0,5.0
5607,2025-04-15,Paid,Mobile,USA,Basic,First Feature Use,6.0,53.0,4.0,1.0,"Works as expected, nothing special",3.4,0,0,1,0.0,0.0,5.0,7.0
5608,2025-10-08,Organic,Mobile,Germany,Free,Onboarding,4.0,25.0,1.0,0.0,Haven't used all features yet,3.7,0,1,1,1.0,0.0,0.0,10.0
5609,2025-11-26,Organic,Mobile,Canada,Free,Landing,2.0,5.0,0.0,,Cannot customize reports enough,1.6,0,1,0,0.0,0.0,0.0,2.0
5610,2025-08-06,Organic,Mobile,Canada,Premium,Upgrade,11.0,141.0,10.0,0.0,Analytics dashboard is insightful,4.1,1,0,1,0.0,0.0,0.0,24.0
5611,2026-02-10,Organic,Mobile,USA,Free,Sign-up,2.0,12.0,1.0,0.0,UI feels outdated,1.9,0,1,0,0.0,0.0,0.0,7.0
5612,2025-02-28,Organic,Desktop,USA,Free,Landing,1.0,12.0,0.0,0.0,UI feels outdated,1.2,0,1,0,0.0,0.0,0.0,6.0
5613,2026-01-26,Organic,Mobile,USA,Free,Sign-up,4.0,23.0,1.0,0.0,No strong opinion yet,,0,1,0,,0.0,0.0,8.0
5614,2025-02-09,Organic,Mobile,USA,Free,Onboarding,4.0,35.0,2.0,0.0,No strong opinion yet,3.1,0,1,1,0.0,0.0,0.0,12.0
5615,2026-04-16,Organic,Mobile,USA,Free,Sign-up,4.0,17.0,1.0,0.0,No strong opinion yet,3.8,0,1,0,1.0,0.0,0.0,2.0
5616,2026-01-27,Referral,Tablet,UK,Free,Sign-up,3.0,18.0,1.0,0.0,"Works as expected, nothing special",3.4,0,1,0,2.0,0.0,0.0,1.0
5617,2025-03-14,Organic,Desktop,India,Free,First Feature Use,6.0,39.0,6.0,0.0,Room for improvement in UI,3.0,0,1,1,0.0,1.0,0.0,12.0
5618,2026-01-22,Organic,Mobile,Germany,Free,Landing,2.0,12.0,0.0,1.0,Missing key features compared to competitors,1.3,0,1,0,0.0,0.0,0.0,6.0
5619,2025-07-19,Referral,Mobile,USA,Free,Sign-up,4.0,22.0,1.0,0.0,Will decide after trial ends,3.9,0,1,0,1.0,0.0,0.0,2.0
5620,2025-10-01,Paid,Desktop,USA,Free,First Feature Use,10.0,38.0,7.0,0.0,Integration with Slack was seamless,5.0,0,1,1,0.0,0.0,0.0,11.0
5621,2026-03-08,Paid,Desktop,USA,Free,Landing,2.0,11.0,0.0,0.0,Steep learning curve,2.5,0,1,0,1.0,0.0,0.0,3.0
5622,2025-02-21,Organic,Mobile,USA,Free,First Feature Use,10.0,37.0,4.0,0.0,The mobile app is surprisingly good,4.2,0,1,1,0.0,0.0,0.0,9.0
5623,2025-09-09,Paid,Mobile,USA,Free,Sign-up,2.0,16.0,1.0,0.0,Missing basic integrations,1.7,0,1,0,1.0,0.0,0.0,7.0
5624,2025-02-21,Organic,Desktop,USA,Free,Onboarding,7.0,34.0,3.0,0.0,Ok for basic use,3.7,0,1,1,0.0,0.0,0.0,6.0
5625,2025-06-06,Paid,Desktop,Canada,Free,Sign-up,4.0,17.0,1.0,0.0,Still evaluating whether premium is worth it,2.7,0,1,0,0.0,0.0,0.0,3.0
5626,2026-01-24,Referral,Desktop,USA,Basic,Upgrade,13.0,85.0,15.0,1.0,Love how everything is customisable,4.3,1,0,1,1.0,0.0,0.0,14.0
5627,2025-06-16,Paid,Mobile,UK,Free,Landing,2.0,9.0,0.0,0.0,No dark mode,1.0,0,1,0,0.0,0.0,0.0,2.0
5628,2025-03-23,Organic,Mobile,India,Basic,Onboarding,5.0,28.0,3.0,0.0,Will decide after trial ends,2.8,0,0,1,0.0,0.0,9.0,2.0
5629,2025-05-26,Paid,Mobile,India,Free,Onboarding,,25.0,,0.0,Not blown away but not disappointed,2.8,0,1,1,0.0,1.0,0.0,
5630,2026-01-10,Paid,Mobile,UK,Free,Landing,1.0,9.0,0.0,0.0,No dark mode,1.3,0,1,0,0.0,0.0,0.0,6.0
5631,2025-08-17,Paid,Tablet,Germany,Free,Landing,1.0,6.0,0.0,0.0,Missing key features compared to competitors,2.0,0,1,0,0.0,0.0,0.0,1.0
5632,2026-04-05,Paid,Mobile,UK,Premium,Upgrade,13.0,86.0,16.0,0.0,The dashboard analytics are extremely useful,4.9,1,0,1,0.0,0.0,0.0,15.0
5633,2025-02-23,Paid,Desktop,Germany,Free,First Feature Use,7.0,55.0,5.0,0.0,"Works as expected, nothing special",2.8,0,1,1,1.0,,0.0,3.0
5634,2026-02-25,Paid,Mobile,USA,Free,Sign-up,2.0,20.0,0.0,0.0,Missing basic integrations,2.3,0,1,0,1.0,0.0,0.0,9.0
5635,2025-06-02,Referral,Mobile,USA,Free,Onboarding,6.0,41.0,3.0,,Similar to other tools,2.7,0,1,1,0.0,0.0,0.0,13.0
5636,2025-11-30,Referral,Desktop,India,Free,First Feature Use,6.0,55.0,,1.0,Will decide after trial ends,3.4,0,1,1,0.0,0.0,0.0,15.0
5637,2025-09-29,Organic,Desktop,USA,Free,Landing,1.0,11.0,0.0,1.0,Data sync is unreliable,1.7,0,1,0,2.0,0.0,0.0,6.0
5638,2025-07-17,Paid,Tablet,India,Free,Sign-up,2.0,24.0,0.0,1.0,Steep learning curve,2.2,0,1,0,0.0,0.0,0.0,9.0
5639,2025-03-14,Organic,Mobile,India,Free,First Feature Use,8.0,45.0,5.0,0.0,Nothing exceptional,2.6,0,1,1,0.0,1.0,0.0,13.0
5640,2025-08-19,Paid,Mobile,USA,Free,First Feature Use,6.0,53.0,6.0,1.0,Will evaluate again next month,2.6,0,1,1,1.0,1.0,0.0,8.0
5641,2025-08-08,Organic,Mobile,UK,Free,Onboarding,7.0,43.0,3.0,0.0,Will decide after trial ends,2.7,0,1,1,0.0,0.0,0.0,11.0
5642,2025-01-22,Paid,Mobile,Germany,Free,Onboarding,4.0,33.0,1.0,1.0,Room for improvement in UI,2.7,0,1,1,1.0,0.0,0.0,9.0
5643,2025-03-24,Paid,Mobile,Germany,Free,First Feature Use,6.0,59.0,,0.0,Decent but not great,3.6,0,1,1,1.0,0.0,0.0,4.0
5644,2026-01-05,Organic,Desktop,India,Free,Onboarding,6.0,38.0,1.0,0.0,Basic features work fine so far,3.0,0,1,1,0.0,0.0,0.0,8.0
5645,2025-11-17,Referral,Mobile,India,Free,Sign-up,3.0,19.0,1.0,0.0,Good enough for my use case,4.0,0,1,0,0.0,0.0,0.0,5.0
5646,2025-07-30,Paid,Tablet,Germany,Free,First Feature Use,5.0,31.0,7.0,0.0,Average experience so far,2.7,0,1,1,1.0,0.0,0.0,3.0
5647,2026-01-15,Organic,Mobile,India,Free,Sign-up,3.0,23.0,0.0,0.0,Decent but not great,2.9,0,1,0,0.0,0.0,0.0,7.0
5648,2025-02-12,Organic,Desktop,USA,Free,Sign-up,3.0,20.0,0.0,0.0,Decent but not great,2.6,0,1,0,0.0,0.0,0.0,3.0
5649,2025-02-13,Referral,Mobile,USA,Basic,Upgrade,18.0,73.0,16.0,0.0,Highly recommend to other teams,4.8,1,0,1,0.0,0.0,0.0,8.0
5650,2025-03-27,Organic,Mobile,USA,Free,Onboarding,7.0,40.0,1.0,0.0,Could be better but not terrible,3.7,0,1,1,1.0,1.0,0.0,8.0
5651,2025-03-07,Paid,Desktop,USA,Basic,Onboarding,5.0,35.0,2.0,,Not sure if I'll continue,3.4,0,0,1,0.0,0.0,6.0,13.0
5652,2025-06-27,Paid,Mobile,USA,Free,Landing,1.0,13.0,0.0,0.0,Pricing feels too expensive,2.2,0,1,0,0.0,0.0,0.0,2.0
5653,2025-02-20,Referral,Desktop,Canada,Free,First Feature Use,11.0,35.0,7.0,0.0,Support team solved my issue quickly,4.2,0,1,1,2.0,0.0,0.0,1.0
5654,2025-06-09,Paid,Desktop,India,Free,Landing,1.0,5.0,0.0,0.0,Steep learning curve,1.3,0,1,0,0.0,0.0,0.0,5.0
5655,2026-01-10,Paid,Desktop,Germany,Free,First Feature Use,6.0,40.0,4.0,0.0,It's fine for now,2.6,0,1,1,1.0,0.0,0.0,4.0
5656,2025-05-11,Referral,Desktop,UK,Free,Sign-up,2.0,14.0,0.0,0.0,Email notifications are spammy,1.4,0,1,0,0.0,,0.0,9.0
5657,2025-12-05,Referral,Mobile,USA,Premium,Upgrade,12.0,102.0,9.0,0.0,The dashboard analytics are extremely useful,4.1,1,0,1,0.0,2.0,0.0,28.0
5658,2025-04-14,Paid,Desktop,USA,Free,First Feature Use,5.0,40.0,3.0,2.0,Decent but not great,4.0,0,1,1,0.0,0.0,0.0,8.0
5659,2026-04-10,Organic,Mobile,Canada,Free,Onboarding,5.0,43.0,2.0,0.0,Haven't used all features yet,3.4,0,1,1,2.0,1.0,0.0,4.0
5660,2025-09-08,Organic,Mobile,USA,Free,Landing,2.0,13.0,0.0,0.0,App crashes during report export,1.9,0,1,0,1.0,0.0,0.0,1.0
5661,2025-02-15,Paid,Mobile,UK,Free,Sign-up,4.0,15.0,0.0,0.0,Decent but not great,3.6,0,1,0,1.0,0.0,0.0,8.0
5662,2026-03-23,Paid,Mobile,USA,Basic,Onboarding,3.0,37.0,2.0,0.0,Good enough for my use case,3.0,0,0,1,0.0,0.0,11.0,8.0
5663,2025-12-30,Organic,Mobile,USA,Free,Sign-up,2.0,23.0,0.0,0.0,Export functionality is limited,2.3,0,1,0,0.0,,0.0,4.0
5664,2025-09-30,Organic,Tablet,USA,Free,Sign-up,2.0,11.0,1.0,0.0,Pricing feels too expensive,1.4,0,1,0,0.0,0.0,0.0,4.0
5665,2026-03-31,Paid,Mobile,UK,Premium,Upgrade,22.0,77.0,11.0,0.0,Analytics dashboard is insightful,4.7,1,0,1,1.0,0.0,0.0,14.0
5666,2025-07-14,Organic,Tablet,Germany,Free,Landing,1.0,9.0,0.0,0.0,Billing system is confusing,1.6,0,1,0,1.0,0.0,0.0,2.0
5667,2025-01-08,Organic,Mobile,UK,Premium,Upgrade,13.0,143.0,11.0,0.0,The API documentation is clear,4.6,1,0,1,0.0,,0.0,4.0
5668,2025-09-09,Organic,Desktop,India,Free,Landing,1.0,5.0,0.0,0.0,Too many steps during setup process,1.3,0,1,0,0.0,0.0,0.0,5.0
5669,2025-03-07,Paid,Mobile,Germany,Free,Sign-up,2.0,20.0,0.0,0.0,Pricing feels too expensive,1.8,0,1,0,0.0,0.0,0.0,4.0
5670,2025-05-11,Paid,Mobile,India,Free,Sign-up,3.0,15.0,0.0,0.0,Meets minimum requirements,3.0,0,1,0,2.0,0.0,0.0,3.0
5671,2025-07-31,Organic,Desktop,Germany,Premium,Upgrade,20.0,120.0,14.0,1.0,Great value for money,4.0,1,0,1,0.0,0.0,0.0,11.0
5672,2026-01-09,Organic,Tablet,USA,Premium,Upgrade,12.0,65.0,7.0,0.0,The API documentation is clear,4.4,1,0,1,1.0,0.0,0.0,28.0
5673,2026-02-21,Paid,Mobile,Germany,Premium,Upgrade,16.0,145.0,8.0,0.0,Customer support was excellent,4.5,1,0,1,0.0,0.0,0.0,28.0
5674,2026-01-09,Paid,Tablet,UK,Free,Sign-up,3.0,19.0,1.0,1.0,Need more time before upgrading,3.7,0,1,0,1.0,0.0,0.0,7.0
5675,2026-01-15,Paid,Desktop,USA,Premium,Upgrade,21.0,64.0,10.0,0.0,The dashboard analytics are extremely useful,4.4,1,0,1,0.0,0.0,0.0,27.0
5676,2025-08-02,Organic,Tablet,USA,Free,Landing,2.0,9.0,0.0,0.0,Too many steps during setup process,2.0,0,1,0,1.0,0.0,0.0,4.0
5677,2025-12-16,Organic,Desktop,USA,Free,Landing,1.0,12.0,0.0,0.0,Frequent downtime,1.3,0,1,0,1.0,0.0,0.0,3.0
5678,2026-01-01,Referral,Tablet,USA,Free,Sign-up,4.0,21.0,0.0,0.0,Will evaluate again next month,2.6,0,1,0,0.0,0.0,0.0,1.0
5679,2025-07-26,Organic,Desktop,India,Free,Landing,1.0,7.0,0.0,0.0,Cannot customize reports enough,2.3,0,1,0,0.0,0.0,0.0,6.0
5680,2025-08-20,Paid,Mobile,India,Free,First Feature Use,,31.0,6.0,0.0,Helped our team productivity,4.1,0,1,1,0.0,0.0,0.0,12.0
5681,2025-03-27,Organic,Mobile,Canada,Free,Landing,2.0,12.0,0.0,0.0,Mobile app crashes while exporting reports,2.4,0,1,0,0.0,0.0,0.0,1.0
5682,2025-11-25,Organic,Mobile,UK,Free,Landing,2.0,8.0,,0.0,Missing basic integrations,1.6,0,1,0,0.0,0.0,0.0,1.0
5683,2025-08-20,Organic,Desktop,India,Free,Landing,2.0,5.0,0.0,1.0,Export functionality is limited,1.1,0,1,0,0.0,0.0,0.0,6.0
5684,2025-04-04,Paid,Desktop,USA,Basic,Onboarding,,39.0,2.0,1.0,Not sure if I'll continue,2.7,0,0,1,0.0,0.0,14.0,8.0
5685,2025-12-10,Organic,Desktop,India,Free,First Feature Use,5.0,45.0,3.0,0.0,Standard SaaS experience,2.7,0,1,1,2.0,1.0,0.0,2.0
5686,2025-06-05,Organic,Desktop,India,Free,Sign-up,4.0,14.0,0.0,0.0,"Works as expected, nothing special",3.8,0,1,0,0.0,0.0,0.0,1.0
5687,2025-05-12,Organic,Mobile,India,Free,Onboarding,4.0,36.0,3.0,1.0,"Works as expected, nothing special",,0,1,1,0.0,0.0,0.0,12.0
5688,2025-11-07,Organic,Mobile,UK,Basic,Onboarding,,29.0,1.0,0.0,Will evaluate again next month,4.0,0,0,1,2.0,0.0,9.0,5.0
5689,2025-10-08,Organic,Mobile,UK,Basic,First Feature Use,8.0,31.0,5.0,2.0,Nothing exceptional,2.6,0,0,1,1.0,0.0,7.0,10.0
5690,2025-04-02,Organic,Desktop,USA,Free,Landing,1.0,11.0,0.0,,Email notifications are spammy,1.6,0,1,0,0.0,0.0,0.0,1.0
5691,2025-08-06,Organic,Mobile,India,Free,Sign-up,2.0,12.0,0.0,0.0,No offline access,1.4,0,1,0,1.0,0.0,0.0,1.0
5692,2026-01-08,Paid,Mobile,India,Free,Onboarding,3.0,34.0,2.0,1.0,Meets minimum requirements,3.5,0,1,1,2.0,1.0,0.0,3.0
5693,2025-05-02,Paid,Mobile,UK,Free,Onboarding,4.0,26.0,2.0,1.0,Nothing exceptional,2.9,0,1,1,0.0,0.0,0.0,3.0
5694,2025-02-07,Organic,Mobile,USA,Free,Sign-up,4.0,23.0,1.0,0.0,Still evaluating whether premium is worth it,4.0,0,1,0,0.0,0.0,,1.0
5695,2025-12-10,Organic,Mobile,USA,Free,Landing,2.0,11.0,0.0,0.0,Pricing too high for small businesses,1.7,0,1,0,0.0,0.0,0.0,
5696,2025-06-27,Paid,Mobile,USA,Free,Onboarding,7.0,31.0,1.0,0.0,Haven't used all features yet,2.8,0,1,1,2.0,0.0,0.0,6.0
5697,2025-06-16,Organic,Tablet,India,Free,Landing,2.0,12.0,0.0,0.0,Frequent downtime,1.2,0,1,0,0.0,0.0,0.0,5.0
5698,2025-03-26,Organic,Mobile,USA,Free,Onboarding,7.0,41.0,1.0,0.0,Meets minimum requirements,2.8,0,1,1,0.0,0.0,0.0,6.0
5699,2025-03-13,Paid,Desktop,India,Basic,Onboarding,6.0,28.0,2.0,0.0,Haven't used all features yet,3.3,0,0,1,1.0,0.0,12.0,8.0
5700,2025-07-31,Referral,Mobile,USA,Free,First Feature Use,9.0,59.0,6.0,1.0,Best SaaS tool I've used,4.6,0,1,1,3.0,1.0,0.0,19.0
5701,2025-04-19,Paid,Desktop,USA,Free,Sign-up,2.0,,0.0,0.0,No offline access,1.4,0,1,0,1.0,0.0,0.0,
5702,2025-12-05,Organic,Desktop,India,Free,First Feature Use,9.0,56.0,3.0,0.0,The dashboard analytics are extremely useful,4.2,0,1,1,0.0,0.0,0.0,3.0
5703,2025-06-17,Referral,Desktop,UK,Free,Landing,2.0,14.0,0.0,0.0,Billing system is confusing,1.9,0,1,0,0.0,0.0,0.0,2.0
5704,2025-09-03,Organic,Desktop,India,Free,First Feature Use,8.0,49.0,3.0,0.0,Will evaluate again next month,3.3,0,1,1,0.0,0.0,0.0,18.0
5705,2025-02-25,Referral,Desktop,USA,Free,Onboarding,5.0,38.0,1.0,0.0,Will decide after trial ends,2.9,0,1,1,0.0,0.0,0.0,6.0
5706,2026-04-11,Organic,Tablet,USA,Basic,Upgrade,13.0,146.0,19.0,2.0,Highly recommend to other teams,4.3,1,0,1,0.0,0.0,0.0,4.0
5707,2025-10-31,Organic,Desktop,USA,Free,Sign-up,4.0,11.0,1.0,0.0,Similar to other tools,3.9,0,1,0,1.0,0.0,0.0,7.0
5708,2025-01-14,Paid,Desktop,USA,Free,Sign-up,3.0,13.0,0.0,0.0,Standard SaaS experience,2.5,0,1,0,0.0,0.0,0.0,5.0
5709,2025-02-27,Referral,Mobile,India,Free,Landing,1.0,14.0,0.0,0.0,Frequent downtime,2.1,0,1,0,0.0,0.0,0.0,3.0
5710,2025-07-03,Referral,Tablet,USA,Basic,Onboarding,4.0,20.0,3.0,0.0,Not blown away but not disappointed,3.6,0,0,1,0.0,0.0,5.0,11.0
5711,2025-03-13,Paid,Desktop,Canada,Free,Landing,1.0,12.0,0.0,0.0,Steep learning curve,2.3,0,1,0,0.0,,0.0,
5712,2026-02-26,Paid,Mobile,India,Free,Sign-up,4.0,16.0,0.0,1.0,"Works as expected, nothing special",3.1,0,1,0,1.0,0.0,0.0,1.0
5713,2025-04-14,Paid,Desktop,UK,Free,Sign-up,2.0,13.0,0.0,0.0,Mobile UI is cluttered,1.4,0,1,0,0.0,0.0,0.0,9.0
5714,2026-04-25,Paid,Desktop,Canada,Premium,Upgrade,12.0,84.0,8.0,1.0,Support team solved my issue quickly,4.5,1,0,1,0.0,0.0,0.0,19.0
5715,2025-08-31,Referral,Desktop,USA,Basic,First Feature Use,10.0,63.0,7.0,0.0,Helped our team productivity,4.4,0,0,1,0.0,,3.0,5.0
5716,2025-02-03,Organic,Tablet,USA,Premium,Upgrade,18.0,107.0,12.0,0.0,Mobile experience is smooth,4.5,1,0,1,1.0,0.0,0.0,1.0
5717,2025-05-04,Organic,Mobile,India,Free,Sign-up,3.0,23.0,1.0,0.0,Works most of the time,3.0,0,1,0,0.0,,0.0,9.0
5718,2025-06-01,Referral,Mobile,USA,Free,First Feature Use,11.0,47.0,3.0,0.0,The dashboard analytics are extremely useful,4.0,0,1,1,1.0,0.0,0.0,1.0
5719,2025-10-16,Referral,Mobile,Canada,Free,Sign-up,4.0,23.0,0.0,0.0,Not sure if I'll continue,2.7,0,1,0,0.0,0.0,0.0,7.0
5720,2025-07-29,Organic,Mobile,Canada,Free,Sign-up,2.0,15.0,1.0,0.0,Trial period too short,1.4,0,1,0,2.0,0.0,0.0,5.0
5721,2026-02-15,Organic,Mobile,Germany,Free,Sign-up,3.0,14.0,1.0,0.0,Room for improvement in UI,3.7,0,1,0,1.0,0.0,0.0,4.0
5722,2025-06-02,Referral,Mobile,Germany,Free,Onboarding,7.0,21.0,,0.0,Good enough for my use case,2.8,0,1,1,1.0,,0.0,1.0
5723,2025-02-10,Paid,Mobile,UK,Basic,Onboarding,6.0,43.0,3.0,0.0,Not sure if I'll continue,2.7,0,0,1,0.0,0.0,12.0,6.0
5724,2026-03-13,Paid,Mobile,India,Free,Sign-up,2.0,24.0,1.0,0.0,Billing system is confusing,1.2,0,1,0,0.0,0.0,0.0,1.0
5725,2026-03-20,Organic,Mobile,USA,Free,Onboarding,5.0,29.0,2.0,2.0,Meets minimum requirements,2.7,0,1,1,0.0,0.0,0.0,5.0
5726,2025-03-19,Referral,Desktop,India,Free,Sign-up,3.0,17.0,1.0,0.0,Still exploring features,2.8,0,1,0,0.0,0.0,0.0,2.0
5727,2025-09-16,Organic,Mobile,USA,Premium,Upgrade,10.0,90.0,11.0,0.0,Great value for money,4.5,1,0,1,1.0,1.0,0.0,3.0
5728,2025-06-12,Organic,Mobile,India,Free,Sign-up,3.0,23.0,1.0,0.0,Learning curve is medium,3.9,0,1,0,0.0,0.0,0.0,8.0
5729,2025-02-02,Organic,Mobile,Canada,Free,Sign-up,2.0,23.0,1.0,0.0,Missing key features compared to competitors,2.2,0,1,0,0.0,0.0,0.0,2.0
5730,2026-04-23,Referral,Mobile,USA,Free,First Feature Use,,67.0,,1.0,Will decide after trial ends,3.1,0,1,1,0.0,0.0,0.0,13.0
5731,2026-01-21,Paid,Tablet,USA,Free,Onboarding,3.0,31.0,1.0,0.0,It's fine for now,3.9,0,1,1,0.0,0.0,0.0,12.0
5732,2025-08-16,Paid,Mobile,USA,Basic,First Feature Use,9.0,50.0,5.0,1.0,Best SaaS tool I've used,4.1,0,0,1,2.0,1.0,,11.0
5733,2025-01-13,Organic,Desktop,India,Basic,Onboarding,7.0,29.0,1.0,1.0,Ok for basic use,3.9,0,0,1,0.0,0.0,5.0,11.0
5734,2025-10-07,Referral,Mobile,India,Free,Onboarding,5.0,28.0,1.0,0.0,Nothing exceptional,3.8,0,1,1,,0.0,0.0,11.0
5735,2025-08-03,Paid,Desktop,India,Free,First Feature Use,5.0,42.0,6.0,0.0,Average experience so far,3.3,0,1,1,1.0,1.0,0.0,1.0
5736,2025-11-08,Paid,Mobile,India,Basic,First Feature Use,7.0,69.0,5.0,0.0,Ok for basic use,3.8,0,0,1,1.0,0.0,3.0,12.0
5737,2025-11-26,Referral,Mobile,USA,Free,First Feature Use,7.0,54.0,7.0,1.0,No strong opinion yet,3.6,0,1,1,1.0,1.0,0.0,14.0
5738,2025-01-20,Organic,Desktop,India,Basic,Upgrade,10.0,129.0,13.0,0.0,Love how everything is customisable,4.1,1,0,1,1.0,0.0,0.0,24.0
5739,2026-01-13,Paid,Mobile,UK,Free,Landing,1.0,5.0,0.0,0.0,Too many bugs on mobile,2.3,0,1,0,0.0,0.0,0.0,5.0
5740,2026-01-19,Referral,Desktop,USA,Free,Onboarding,5.0,41.0,1.0,3.0,Haven't used all features yet,3.9,0,1,1,1.0,0.0,0.0,8.0
5741,2025-03-09,Paid,Mobile,USA,Free,First Feature Use,7.0,55.0,5.0,2.0,Works most of the time,2.9,0,1,1,0.0,0.0,0.0,8.0
5742,2025-05-29,Paid,Desktop,Germany,Free,Landing,1.0,7.0,0.0,0.0,Frequent downtime,1.9,0,1,0,0.0,0.0,0.0,4.0
5743,2025-09-05,Organic,Tablet,Canada,Free,Sign-up,4.0,15.0,0.0,0.0,Needs a few more integrations,2.9,0,1,0,0.0,0.0,0.0,9.0
5744,2026-03-20,Paid,Tablet,India,Free,Landing,1.0,8.0,0.0,0.0,No offline access,2.2,0,1,0,0.0,0.0,0.0,5.0
5745,2025-10-22,Paid,Mobile,Germany,Free,Landing,2.0,9.0,0.0,0.0,Mobile app crashes while exporting reports,1.6,0,1,0,0.0,0.0,0.0,5.0
5746,2025-12-11,Organic,Mobile,USA,Free,First Feature Use,5.0,40.0,5.0,0.0,Decent but not great,2.8,0,1,1,0.0,0.0,0.0,10.0
5747,2026-01-23,Referral,Tablet,Canada,Premium,Upgrade,13.0,,17.0,0.0,Integration with Slack was seamless,4.0,1,0,1,0.0,2.0,0.0,29.0
5748,2025-08-18,Organic,Desktop,USA,Free,Landing,1.0,10.0,0.0,0.0,Frequent downtime,1.3,0,1,0,0.0,0.0,0.0,2.0
5749,2026-04-06,Organic,Mobile,UK,Free,First Feature Use,5.0,30.0,3.0,0.0,Still evaluating whether premium is worth it,3.0,0,1,1,0.0,0.0,0.0,9.0
5750,2025-09-07,Paid,Desktop,USA,Free,Sign-up,4.0,20.0,0.0,1.0,Basic features work fine so far,3.8,0,1,0,1.0,0.0,0.0,4.0
5751,2025-01-28,Paid,Mobile,India,Free,Sign-up,4.0,11.0,1.0,0.0,No strong opinion yet,3.9,0,1,0,0.0,0.0,0.0,5.0
5752,2025-02-14,Organic,Tablet,USA,Basic,Onboarding,5.0,25.0,3.0,1.0,Learning curve is medium,2.6,0,0,1,0.0,0.0,8.0,11.0
5753,2025-11-21,Organic,Mobile,USA,Free,Onboarding,4.0,43.0,1.0,0.0,It's fine for now,3.0,0,1,1,1.0,0.0,0.0,1.0
5754,2026-03-28,Organic,Desktop,USA,Free,Onboarding,3.0,43.0,2.0,0.0,Haven't used all features yet,2.8,0,1,1,2.0,0.0,0.0,11.0
5755,2025-05-27,Organic,Desktop,USA,Free,First Feature Use,5.0,46.0,3.0,0.0,Will evaluate again next month,,0,1,1,1.0,0.0,0.0,14.0
5756,2025-07-20,Organic,Tablet,USA,Free,Landing,1.0,14.0,0.0,0.0,Dashboard loads slowly,1.6,0,1,0,0.0,0.0,0.0,2.0
5757,2026-02-24,Organic,Desktop,UK,Free,Landing,2.0,7.0,0.0,0.0,The onboarding tutorial was confusing,1.0,0,1,0,0.0,0.0,0.0,3.0
5758,2026-04-29,Organic,Mobile,USA,Free,First Feature Use,5.0,67.0,7.0,0.0,Learning curve is medium,3.2,0,1,1,1.0,0.0,0.0,4.0
5759,2025-04-23,Paid,Desktop,USA,Free,Onboarding,7.0,32.0,3.0,0.0,Similar to other tools,3.6,0,1,1,2.0,0.0,0.0,12.0
5760,2025-03-05,Referral,Tablet,USA,Premium,Upgrade,10.0,101.0,17.0,,Reporting module saves a lot of time,4.3,1,0,1,1.0,0.0,0.0,16.0
5761,2025-11-08,Paid,Desktop,USA,Premium,Upgrade,17.0,149.0,8.0,0.0,Highly recommend to other teams,4.6,1,0,1,0.0,0.0,0.0,23.0
5762,2025-10-29,Paid,Desktop,UK,Free,Sign-up,2.0,11.0,0.0,1.0,Data sync is unreliable,2.1,0,1,0,1.0,0.0,0.0,4.0
5763,2026-04-11,Organic,Desktop,India,Free,Landing,2.0,14.0,0.0,0.0,Too many bugs on mobile,2.0,0,1,0,0.0,0.0,0.0,4.0
5764,2025-10-18,Paid,Mobile,USA,Free,Onboarding,6.0,25.0,1.0,0.0,It's fine for now,3.9,0,1,1,1.0,0.0,0.0,2.0
5765,2025-05-21,Paid,Desktop,USA,Basic,Onboarding,5.0,32.0,1.0,0.0,Could be better but not terrible,3.5,0,0,1,1.0,1.0,12.0,8.0
5766,2025-11-22,Paid,Mobile,UK,Free,Sign-up,4.0,18.0,0.0,0.0,Learning curve is medium,2.9,0,1,0,0.0,0.0,0.0,4.0
5767,2026-02-25,Organic,Mobile,UK,Free,Sign-up,4.0,13.0,1.0,0.0,Still evaluating whether premium is worth it,3.3,0,1,0,1.0,1.0,0.0,7.0
5768,2025-04-11,Organic,Desktop,USA,Free,Landing,2.0,14.0,0.0,0.0,No dark mode,1.3,0,1,0,0.0,0.0,0.0,2.0
5769,2025-04-07,Paid,Mobile,USA,Free,Sign-up,2.0,12.0,0.0,0.0,Too many bugs on mobile,1.3,0,1,0,0.0,1.0,0.0,8.0
5770,2025-04-06,Organic,Mobile,USA,Free,Landing,2.0,12.0,0.0,0.0,Pricing feels too expensive,2.0,0,1,0,0.0,0.0,0.0,5.0
5771,2025-02-10,Referral,Mobile,USA,Free,Landing,2.0,6.0,0.0,0.0,Steep learning curve,1.6,0,1,0,0.0,0.0,0.0,2.0
5772,2025-09-09,Organic,Mobile,USA,Free,Sign-up,4.0,23.0,0.0,0.0,Good enough for my use case,3.6,0,1,0,1.0,0.0,,6.0
5773,2026-02-03,Organic,Desktop,USA,Free,Sign-up,3.0,17.0,1.0,0.0,Not sure if I'll continue,3.1,0,1,0,0.0,0.0,0.0,4.0
5774,2025-04-17,Paid,Desktop,USA,Free,Onboarding,4.0,27.0,1.0,1.0,Could be better but not terrible,3.7,0,1,1,0.0,0.0,0.0,13.0
5775,2025-02-19,Referral,Mobile,UK,Free,First Feature Use,7.0,67.0,6.0,1.0,Good enough for my use case,3.1,0,1,1,1.0,0.0,0.0,17.0
5776,2025-10-21,Organic,Mobile,Germany,Free,Sign-up,2.0,24.0,1.0,0.0,Support response time is slow,1.5,0,1,0,0.0,0.0,0.0,2.0
5777,2025-03-28,Paid,Mobile,UK,Free,First Feature Use,11.0,63.0,4.0,1.0,Helped our team productivity,4.7,0,1,1,1.0,0.0,0.0,17.0
5778,2026-02-06,Organic,Mobile,UK,Free,Onboarding,3.0,36.0,2.0,0.0,Will evaluate again next month,2.6,0,1,1,1.0,0.0,0.0,9.0
5779,2025-12-04,Paid,Desktop,USA,Free,Landing,2.0,11.0,0.0,0.0,Data sync is unreliable,2.2,0,1,0,0.0,0.0,0.0,5.0
5780,2025-09-17,Paid,Mobile,USA,Basic,Onboarding,5.0,20.0,2.0,0.0,Needs a few more integrations,3.4,0,0,1,0.0,0.0,8.0,12.0
5781,2025-11-15,Referral,Desktop,USA,Free,Sign-up,2.0,24.0,0.0,0.0,Frequent downtime,1.7,0,1,0,0.0,0.0,0.0,7.0
5782,2026-01-06,Organic,Mobile,UK,Free,Landing,2.0,6.0,0.0,0.0,Missing basic integrations,1.9,0,1,0,0.0,0.0,0.0,3.0
5783,2025-06-16,Organic,Mobile,India,Free,Sign-up,3.0,,1.0,,Will evaluate again next month,3.0,0,1,0,1.0,0.0,0.0,7.0
5784,2025-10-08,Paid,Mobile,India,Free,Sign-up,2.0,14.0,0.0,0.0,Steep learning curve,2.1,0,1,0,0.0,0.0,0.0,2.0
5785,2025-06-13,Organic,Mobile,USA,Premium,Upgrade,16.0,85.0,7.0,1.0,Automated reports are a lifesaver,4.1,1,0,1,0.0,1.0,0.0,8.0
5786,2025-08-25,Paid,Desktop,USA,Free,Sign-up,4.0,10.0,1.0,0.0,Average experience so far,2.6,0,1,0,1.0,0.0,0.0,3.0
5787,2025-01-12,Paid,Mobile,UK,Free,Onboarding,3.0,31.0,3.0,1.0,Will evaluate again next month,3.9,0,1,1,1.0,0.0,0.0,7.0
5788,2026-02-10,Organic,Mobile,UK,Free,First Feature Use,8.0,68.0,5.0,0.0,Still exploring features,2.9,0,1,1,0.0,0.0,0.0,9.0
5789,2025-09-03,Referral,Tablet,USA,Basic,Upgrade,15.0,115.0,17.0,0.0,Real-time sync is fast,4.8,1,0,1,0.0,0.0,0.0,3.0
5790,2025-06-22,Organic,Desktop,UK,Free,Sign-up,2.0,23.0,1.0,0.0,The onboarding tutorial was confusing,2.1,0,1,0,0.0,0.0,0.0,7.0
5791,2026-01-21,Referral,Mobile,USA,Free,Sign-up,4.0,23.0,1.0,0.0,Ok for basic use,3.2,0,1,0,1.0,1.0,0.0,8.0
5792,2025-11-01,Referral,Tablet,UK,Free,Landing,1.0,12.0,0.0,0.0,No dark mode,1.2,0,1,0,0.0,0.0,0.0,5.0
5793,2025-08-02,Paid,Mobile,USA,Basic,First Feature Use,5.0,40.0,4.0,0.0,Learning curve is medium,3.7,0,0,1,1.0,1.0,6.0,2.0
5794,2025-12-26,Organic,Desktop,UK,Free,Sign-up,3.0,16.0,1.0,0.0,"Works as expected, nothing special",3.2,0,1,0,1.0,0.0,0.0,4.0
5795,2025-07-29,Referral,Mobile,India,Premium,Upgrade,17.0,64.0,16.0,0.0,Easy onboarding experience,4.7,1,0,1,0.0,0.0,0.0,25.0
5796,2026-03-02,Paid,Desktop,Canada,Free,Onboarding,,40.0,1.0,1.0,Meets minimum requirements,3.6,0,1,1,0.0,1.0,0.0,2.0
5797,2026-01-03,Organic,Mobile,Germany,Free,Sign-up,3.0,23.0,0.0,0.0,Will evaluate again next month,3.1,0,1,0,1.0,0.0,0.0,1.0
5798,2025-09-09,Organic,Mobile,UK,Premium,Upgrade,11.0,80.0,19.0,0.0,The dashboard analytics are extremely useful,4.7,1,0,1,0.0,0.0,0.0,29.0
5799,2026-02-10,Organic,Desktop,USA,Basic,First Feature Use,8.0,40.0,3.0,0.0,It's fine for now,3.5,0,0,1,0.0,0.0,3.0,13.0
5800,2025-06-03,Referral,Desktop,USA,Basic,Upgrade,24.0,109.0,16.0,0.0,Best SaaS tool I've used,4.0,1,0,1,1.0,,0.0,15.0
5801,2025-06-03,Referral,Desktop,USA,Basic,Onboarding,5.0,20.0,1.0,0.0,Good enough for my use case,2.6,0,0,1,1.0,0.0,13.0,9.0
5802,2025-08-02,Referral,Desktop,USA,Free,First Feature Use,6.0,40.0,7.0,1.0,Still exploring features,3.0,0,1,1,1.0,0.0,0.0,2.0
5803,2025-01-01,Paid,Mobile,USA,Free,Onboarding,3.0,,2.0,0.0,Need more time before upgrading,3.2,0,1,1,0.0,0.0,0.0,4.0
5804,2025-09-08,Paid,Mobile,India,Premium,Upgrade,16.0,114.0,12.0,0.0,Integration with Slack was seamless,4.1,1,0,1,0.0,1.0,0.0,6.0
5805,2025-02-01,Organic,Desktop,USA,Free,Sign-up,3.0,10.0,1.0,0.0,Not sure if I'll continue,3.1,0,1,0,1.0,0.0,0.0,9.0
5806,2025-09-12,Organic,Desktop,USA,Premium,Upgrade,15.0,96.0,11.0,0.0,Best SaaS tool I've used,4.6,1,0,1,1.0,0.0,0.0,10.0
5807,2025-06-15,Organic,Mobile,India,Free,Sign-up,2.0,13.0,0.0,,No dark mode,1.7,0,1,0,1.0,0.0,0.0,8.0
5808,2025-08-16,Paid,Mobile,UK,Basic,Upgrade,23.0,143.0,9.0,2.0,Helped our team productivity,4.5,1,0,1,,1.0,0.0,10.0
5809,2025-09-05,Referral,Desktop,India,Free,Onboarding,7.0,30.0,2.0,1.0,Good enough for my use case,3.8,0,1,1,1.0,0.0,0.0,2.0
5810,2025-06-13,Referral,Tablet,UK,Free,Landing,1.0,8.0,0.0,0.0,Export functionality is limited,1.8,0,1,0,0.0,0.0,0.0,2.0
5811,2025-06-26,Organic,Desktop,USA,Free,First Feature Use,7.0,67.0,5.0,,Needs a few more integrations,3.6,0,1,1,0.0,0.0,0.0,18.0
5812,2025-10-06,Paid,Mobile,USA,Premium,Upgrade,22.0,131.0,10.0,0.0,Very intuitive UI,4.5,1,0,1,0.0,1.0,0.0,1.0
5813,2026-03-23,Paid,Desktop,India,Free,Landing,2.0,11.0,0.0,0.0,App crashes during report export,1.9,0,1,0,0.0,0.0,0.0,1.0
5814,2025-02-26,Paid,Desktop,USA,Free,Sign-up,3.0,21.0,1.0,0.0,Will decide after trial ends,3.9,0,1,0,0.0,0.0,0.0,
5815,2026-03-15,Paid,Desktop,UK,Free,Sign-up,4.0,14.0,0.0,0.0,Haven't used all features yet,3.1,0,1,0,0.0,0.0,0.0,5.0
5816,2025-03-25,Organic,Desktop,USA,Free,Sign-up,2.0,14.0,1.0,0.0,Support response time is slow,2.2,0,1,0,0.0,0.0,0.0,9.0
5817,2025-02-23,Referral,Desktop,Germany,Basic,First Feature Use,11.0,51.0,7.0,1.0,Mobile experience is smooth,4.2,0,0,1,1.0,1.0,4.0,17.0
5818,2025-07-29,Paid,Mobile,UK,Free,First Feature Use,5.0,41.0,5.0,1.0,Ok for basic use,3.6,0,1,1,4.0,0.0,,13.0
5819,2026-03-11,Paid,Mobile,UK,Free,Sign-up,4.0,18.0,0.0,0.0,It's fine for now,3.1,0,1,0,0.0,0.0,0.0,8.0
5820,2025-05-10,Organic,Desktop,USA,Free,First Feature Use,8.0,35.0,4.0,3.0,Learning curve is medium,3.3,0,1,1,0.0,1.0,0.0,3.0
5821,2025-08-22,Organic,Mobile,Canada,Basic,Onboarding,3.0,31.0,3.0,,Average experience so far,3.4,0,0,1,1.0,,8.0,7.0
5822,2025-10-18,Organic,Mobile,UK,Free,Onboarding,4.0,39.0,3.0,1.0,Will evaluate again next month,3.7,0,1,1,0.0,0.0,0.0,12.0
5823,2025-02-15,Paid,Desktop,USA,Free,Sign-up,2.0,18.0,1.0,0.0,Cannot customize reports enough,2.0,0,1,0,1.0,0.0,0.0,1.0
5824,2026-03-18,Referral,Desktop,UK,Free,Onboarding,5.0,35.0,2.0,0.0,Need more time before upgrading,3.4,0,1,1,0.0,0.0,0.0,2.0
5825,2026-03-09,Organic,Tablet,USA,Free,Landing,1.0,9.0,0.0,0.0,Steep learning curve,1.0,0,1,0,0.0,0.0,0.0,6.0
5826,2025-04-02,,Tablet,USA,Free,Sign-up,4.0,15.0,1.0,1.0,Still evaluating whether premium is worth it,3.4,0,1,0,0.0,0.0,0.0,8.0
5827,2025-08-24,Paid,Mobile,USA,Premium,Upgrade,19.0,,10.0,2.0,Great value for money,4.3,1,0,1,0.0,0.0,0.0,16.0
5828,2025-03-04,Organic,Tablet,India,Free,Landing,1.0,8.0,0.0,0.0,Frequent downtime,1.2,0,1,0,,0.0,0.0,1.0
5829,2026-03-07,Paid,Mobile,UK,Free,First Feature Use,9.0,62.0,,2.0,Love how everything is customisable,4.2,0,1,1,3.0,0.0,0.0,9.0
5830,2026-04-20,Paid,Desktop,UK,Free,Landing,1.0,6.0,0.0,0.0,Feature X is broken for weeks,1.2,0,1,0,1.0,0.0,0.0,2.0
5831,2025-03-22,Organic,Mobile,UK,Premium,Upgrade,22.0,64.0,19.0,0.0,Data export works perfectly,4.5,1,0,1,0.0,0.0,0.0,25.0
5832,2025-03-04,Organic,Mobile,India,Free,First Feature Use,5.0,68.0,4.0,0.0,No strong opinion yet,3.5,0,1,1,0.0,0.0,0.0,7.0
5833,2025-02-11,Paid,Tablet,USA,Free,Sign-up,4.0,19.0,0.0,0.0,"Works as expected, nothing special",3.0,0,1,0,1.0,0.0,0.0,2.0
5834,2026-01-26,Organic,Mobile,USA,Free,Landing,2.0,8.0,0.0,0.0,Mobile UI is cluttered,1.3,0,1,0,0.0,0.0,0.0,5.0
5835,2025-05-30,Referral,Desktop,USA,Basic,Upgrade,20.0,60.0,11.0,0.0,Automated reports are a lifesaver,4.7,1,0,1,0.0,0.0,0.0,20.0
5836,2025-11-20,Paid,Mobile,USA,Premium,Upgrade,18.0,148.0,10.0,1.0,Analytics dashboard is insightful,4.1,1,0,1,0.0,0.0,0.0,2.0
5837,2025-09-16,Organic,Mobile,Canada,Free,First Feature Use,10.0,30.0,,0.0,Automated reports are a lifesaver,4.9,0,1,1,,0.0,0.0,12.0
5838,2025-08-11,Organic,Mobile,India,Free,Sign-up,4.0,12.0,0.0,0.0,Decent but not great,2.8,0,1,0,0.0,0.0,0.0,7.0
5839,2025-05-26,Referral,Desktop,USA,Free,Landing,1.0,7.0,0.0,0.0,Too many steps during setup process,2.3,0,1,0,0.0,0.0,0.0,5.0
5840,2025-07-10,Paid,Mobile,USA,Free,Onboarding,3.0,40.0,1.0,0.0,It's fine for now,3.1,0,1,1,1.0,0.0,0.0,5.0
5841,2025-05-16,Paid,Mobile,Germany,Basic,Onboarding,6.0,20.0,1.0,0.0,Good enough for my use case,3.2,0,0,1,0.0,1.0,7.0,10.0
5842,2025-11-19,Organic,Desktop,USA,Premium,Upgrade,13.0,89.0,12.0,0.0,Highly recommend to other teams,4.5,1,0,1,0.0,0.0,,29.0
5843,2025-11-20,Referral,Mobile,UK,Free,Sign-up,3.0,14.0,0.0,0.0,Learning curve is medium,4.0,0,1,0,1.0,1.0,0.0,2.0
5844,2026-03-24,Organic,Mobile,USA,Free,Landing,2.0,13.0,0.0,,Support response time is slow,1.9,0,1,0,0.0,0.0,0.0,6.0
5845,2025-08-11,Paid,Tablet,UK,Free,Landing,2.0,7.0,0.0,0.0,Frequent downtime,1.7,0,1,0,1.0,0.0,0.0,6.0
5846,2025-11-29,Referral,Mobile,Germany,Free,First Feature Use,8.0,61.0,5.0,1.0,Standard SaaS experience,3.9,0,1,1,1.0,0.0,0.0,5.0
5847,2025-02-22,Organic,Mobile,Germany,Free,Sign-up,3.0,16.0,0.0,1.0,Ok for basic use,2.7,0,1,0,1.0,0.0,0.0,1.0
5848,2026-01-07,Paid,Desktop,UK,Basic,Onboarding,4.0,41.0,,0.0,Haven't used all features yet,3.9,0,0,1,0.0,0.0,9.0,8.0
5849,2025-04-10,Organic,Desktop,UK,Free,First Feature Use,10.0,63.0,6.0,2.0,Very intuitive UI,4.5,0,1,1,0.0,,0.0,14.0
5850,2025-06-21,Paid,Desktop,UK,Free,First Feature Use,9.0,53.0,4.0,0.0,Data export works perfectly,5.0,0,1,1,1.0,1.0,0.0,8.0
5851,2025-03-31,Organic,Tablet,USA,Free,Sign-up,3.0,21.0,0.0,0.0,Needs a few more integrations,2.8,0,1,0,0.0,0.0,0.0,4.0
5852,2025-10-26,Referral,Mobile,USA,Free,Onboarding,7.0,26.0,2.0,0.0,Ok for basic use,3.9,0,1,1,1.0,0.0,0.0,11.0
5853,2026-04-12,Organic,Tablet,Canada,Free,First Feature Use,11.0,60.0,7.0,0.0,Automated reports are a lifesaver,4.1,0,1,1,1.0,0.0,0.0,9.0
5854,2025-01-13,Paid,Tablet,USA,Free,Landing,1.0,12.0,0.0,0.0,No dark mode,2.3,0,1,0,1.0,0.0,0.0,2.0
5855,2025-11-12,Referral,Desktop,USA,Free,Onboarding,6.0,33.0,1.0,0.0,Average experience so far,2.6,0,1,1,,0.0,0.0,6.0
5856,2025-01-15,Referral,Mobile,UK,Free,Sign-up,,22.0,1.0,0.0,No dark mode,2.2,0,1,0,0.0,,0.0,7.0
5857,2025-11-11,Paid,Desktop,Canada,Free,Landing,2.0,14.0,0.0,0.0,Too many steps during setup process,1.1,0,1,0,1.0,0.0,0.0,4.0
5858,2025-01-16,Paid,Mobile,India,Free,Sign-up,4.0,10.0,1.0,0.0,Works most of the time,2.7,0,1,0,0.0,,0.0,5.0
5859,2025-09-09,Organic,Desktop,UK,Free,Sign-up,4.0,12.0,0.0,0.0,Could be better but not terrible,2.6,0,1,0,0.0,0.0,0.0,7.0
5860,2025-12-12,Organic,Mobile,UK,Free,Landing,1.0,9.0,0.0,0.0,Pricing too high for small businesses,1.3,0,1,0,0.0,0.0,0.0,6.0
5861,2025-09-20,Paid,Desktop,India,Free,First Feature Use,10.0,67.0,6.0,0.0,Saves me hours every week,4.2,0,1,1,0.0,0.0,0.0,12.0
5862,2026-02-26,Organic,Desktop,India,Free,Sign-up,4.0,15.0,0.0,0.0,No strong opinion yet,2.6,0,1,0,0.0,,0.0,2.0
5863,2025-11-02,Organic,Mobile,Germany,Free,Onboarding,3.0,37.0,1.0,3.0,It's fine for now,2.6,0,1,1,0.0,0.0,0.0,9.0
5864,2025-02-19,Organic,Desktop,UK,Free,Landing,2.0,8.0,0.0,0.0,Too many bugs on mobile,2.4,0,1,0,0.0,0.0,0.0,1.0
5865,2025-04-17,Paid,Desktop,USA,Free,Onboarding,4.0,35.0,2.0,2.0,Not sure if I'll continue,2.9,0,1,1,0.0,,0.0,7.0
5866,2026-02-07,Organic,Desktop,India,Free,Sign-up,4.0,10.0,1.0,0.0,Similar to other tools,3.0,0,1,0,0.0,0.0,0.0,6.0
5867,2025-09-18,Organic,Mobile,India,Free,First Feature Use,5.0,51.0,4.0,1.0,Could be better but not terrible,3.7,0,1,1,0.0,0.0,0.0,18.0
5868,2025-12-11,Organic,Desktop,USA,Free,Landing,2.0,10.0,0.0,0.0,UI feels outdated,1.5,0,1,0,0.0,0.0,0.0,2.0
5869,2025-06-17,Paid,Mobile,USA,Free,Onboarding,4.0,28.0,3.0,0.0,Basic features work fine so far,3.2,0,1,1,0.0,1.0,0.0,13.0
5870,2026-01-18,Paid,Mobile,Canada,Premium,Upgrade,13.0,116.0,11.0,0.0,Helped our team productivity,4.9,1,0,1,0.0,0.0,0.0,28.0
5871,2025-08-05,Paid,Mobile,USA,Free,Landing,1.0,7.0,0.0,0.0,Frequent downtime,2.0,0,1,0,,0.0,0.0,1.0
5872,2025-06-13,Referral,Desktop,UK,Free,Sign-up,3.0,13.0,0.0,0.0,Will decide after trial ends,2.6,0,1,0,1.0,0.0,0.0,2.0
5873,2025-03-06,Organic,Desktop,USA,Free,Sign-up,2.0,13.0,1.0,0.0,Billing system is confusing,2.4,0,1,0,1.0,0.0,0.0,5.0
5874,2025-05-01,Organic,Mobile,USA,Free,Onboarding,6.0,25.0,2.0,1.0,Could be better but not terrible,2.9,0,1,1,0.0,0.0,0.0,5.0
5875,2025-05-26,Organic,Mobile,India,Free,Landing,2.0,13.0,0.0,0.0,Billing system is confusing,2.3,0,1,0,0.0,0.0,0.0,3.0
5876,2025-05-27,Paid,Desktop,USA,Free,Onboarding,6.0,29.0,2.0,0.0,It's fine for now,3.2,0,1,1,,0.0,0.0,2.0
5877,2026-01-24,Paid,Tablet,USA,Premium,Upgrade,23.0,99.0,11.0,3.0,Real-time sync is fast,4.4,1,0,1,0.0,0.0,,18.0
5878,2025-10-03,Organic,Desktop,USA,Free,Landing,2.0,14.0,0.0,0.0,Trial period too short,2.2,0,1,0,0.0,0.0,0.0,3.0
5879,2025-01-27,Paid,Mobile,Germany,Premium,Upgrade,10.0,70.0,16.0,0.0,Data export works perfectly,4.2,1,0,1,0.0,0.0,0.0,16.0
5880,2025-01-26,Paid,Mobile,Germany,Free,First Feature Use,11.0,65.0,4.0,0.0,Real-time sync is fast,4.1,0,1,1,1.0,1.0,0.0,7.0
5881,2025-07-25,Referral,Mobile,India,Free,First Feature Use,10.0,,7.0,1.0,The dashboard analytics are extremely useful,4.2,0,1,1,1.0,0.0,0.0,5.0
5882,2026-04-01,Paid,Desktop,India,Premium,Upgrade,18.0,131.0,,0.0,Simple and effective design,4.8,1,0,1,0.0,0.0,0.0,18.0
5883,2026-02-23,Paid,Mobile,UK,Free,Onboarding,7.0,42.0,2.0,0.0,Still exploring features,3.5,0,1,1,,0.0,0.0,3.0
5884,2025-11-03,Paid,Desktop,Germany,Free,Sign-up,2.0,19.0,0.0,0.0,Export functionality is limited,,0,1,0,0.0,1.0,0.0,4.0
5885,2025-01-30,Referral,Mobile,India,Basic,Onboarding,5.0,34.0,1.0,0.0,It's fine for now,3.8,0,0,1,1.0,0.0,6.0,10.0
5886,2025-05-05,Referral,Mobile,India,Free,Sign-up,2.0,17.0,1.0,0.0,App crashes during report export,1.2,0,1,0,0.0,0.0,0.0,1.0
5887,2026-03-19,Paid,Mobile,USA,Free,Sign-up,4.0,16.0,1.0,0.0,Standard SaaS experience,3.5,0,1,0,1.0,0.0,0.0,8.0
5888,2025-06-18,Paid,Desktop,USA,Premium,Upgrade,20.0,,17.0,0.0,Very intuitive UI,5.0,1,0,1,1.0,0.0,0.0,28.0
5889,2025-09-15,Paid,Tablet,India,Free,Sign-up,4.0,21.0,0.0,1.0,Not blown away but not disappointed,3.1,0,1,0,0.0,0.0,,2.0
5890,2025-04-10,Organic,Mobile,USA,Free,Onboarding,4.0,24.0,2.0,0.0,Will evaluate again next month,3.4,0,1,1,0.0,0.0,0.0,4.0
5891,2025-05-21,Paid,Mobile,USA,Free,Landing,2.0,13.0,0.0,0.0,Cannot customize reports enough,2.2,0,1,0,0.0,,0.0,1.0
5892,2025-08-19,Organic,Mobile,UK,Free,Onboarding,3.0,28.0,3.0,0.0,Learning curve is medium,2.8,0,1,1,0.0,0.0,0.0,1.0
5893,2025-01-10,Referral,Desktop,USA,Basic,First Feature Use,6.0,47.0,3.0,,Similar to other tools,3.4,0,0,1,2.0,0.0,4.0,12.0
5894,2026-03-30,Paid,Desktop,India,Free,Onboarding,6.0,24.0,1.0,0.0,Still evaluating whether premium is worth it,2.9,0,1,1,0.0,0.0,0.0,10.0
5895,2026-03-16,Referral,Mobile,USA,Basic,Upgrade,,69.0,12.0,0.0,Very intuitive UI,4.0,1,0,1,0.0,1.0,0.0,4.0
5896,2025-05-22,Paid,Mobile,India,Free,Onboarding,6.0,29.0,3.0,0.0,Not blown away but not disappointed,3.2,0,1,1,0.0,0.0,0.0,3.0
5897,2025-12-08,Paid,Desktop,USA,Premium,Upgrade,18.0,85.0,10.0,1.0,Simple and effective design,4.4,1,0,1,0.0,0.0,0.0,24.0
5898,2026-03-16,Organic,Desktop,Germany,Premium,Upgrade,14.0,71.0,19.0,1.0,Onboarding tutorial was straightforward,4.4,1,0,1,2.0,0.0,0.0,8.0
5899,2025-07-02,Paid,Mobile,USA,Premium,Upgrade,10.0,,19.0,,Automated reports are a lifesaver,4.8,1,0,1,0.0,0.0,0.0,8.0
5900,2026-03-27,Paid,Desktop,India,Free,Sign-up,2.0,17.0,0.0,0.0,The onboarding tutorial was confusing,1.5,0,1,0,0.0,2.0,0.0,7.0
5901,2026-03-05,Organic,Desktop,UK,Free,Landing,1.0,12.0,0.0,0.0,Export functionality is limited,1.9,0,1,0,1.0,0.0,0.0,3.0
5902,2025-05-15,Referral,Desktop,USA,Free,First Feature Use,5.0,40.0,7.0,0.0,No strong opinion yet,3.5,0,1,1,0.0,0.0,0.0,4.0
5903,2026-04-05,Organic,Mobile,UK,Free,Onboarding,5.0,29.0,2.0,0.0,Not sure if I'll continue,3.1,0,1,1,0.0,0.0,0.0,6.0
5904,2025-04-19,Paid,Desktop,Germany,Basic,Upgrade,12.0,145.0,18.0,1.0,Feature updates are frequent and useful,4.9,1,0,1,1.0,0.0,0.0,8.0
5905,2025-05-27,Organic,Desktop,USA,Free,Sign-up,2.0,13.0,0.0,0.0,Frequent downtime,1.6,0,1,0,0.0,1.0,0.0,2.0
5906,2025-02-26,Referral,Desktop,USA,Basic,Upgrade,18.0,115.0,8.0,0.0,The dashboard analytics are extremely useful,4.0,1,0,1,0.0,0.0,,2.0
5907,2025-05-21,Organic,Tablet,USA,Free,Landing,1.0,11.0,0.0,0.0,No offline access,1.7,0,1,0,0.0,0.0,0.0,5.0
5908,2025-05-03,Paid,Mobile,USA,Free,Landing,1.0,9.0,0.0,0.0,Export functionality is limited,1.3,0,1,0,0.0,0.0,0.0,2.0
5909,2025-08-30,Organic,Desktop,Germany,Free,Onboarding,4.0,30.0,1.0,0.0,Similar to other tools,3.4,0,1,1,1.0,0.0,0.0,6.0
5910,2025-10-22,Organic,Mobile,USA,Basic,Onboarding,4.0,21.0,2.0,0.0,Could be better but not terrible,3.1,0,0,1,1.0,0.0,12.0,
5911,2025-10-11,Referral,Mobile,India,Basic,Upgrade,18.0,74.0,17.0,0.0,Easy onboarding experience,4.7,1,0,1,1.0,0.0,0.0,14.0
5912,2026-03-27,Organic,Desktop,USA,Free,First Feature Use,11.0,67.0,7.0,1.0,Love the reporting features,4.7,0,1,1,1.0,0.0,0.0,10.0
5913,2025-10-20,Paid,Tablet,USA,Premium,Upgrade,18.0,108.0,12.0,0.0,Easy onboarding experience,5.0,1,0,1,1.0,2.0,0.0,22.0
5914,2026-03-17,Organic,Mobile,USA,Free,Sign-up,4.0,18.0,1.0,1.0,Haven't used all features yet,2.9,0,1,0,1.0,0.0,0.0,3.0
5915,2026-02-12,Organic,Tablet,USA,Free,Landing,1.0,5.0,0.0,0.0,Customer support unhelpful,2.3,0,1,0,0.0,0.0,0.0,4.0
5916,2025-12-26,Paid,Mobile,UK,Free,First Feature Use,6.0,54.0,5.0,0.0,"Works as expected, nothing special",2.6,0,1,1,2.0,0.0,0.0,19.0
5917,2026-04-16,Paid,Mobile,USA,Free,First Feature Use,,34.0,5.0,0.0,Basic features work fine so far,2.9,0,1,1,0.0,1.0,0.0,14.0
5918,2025-01-30,Paid,Mobile,India,Free,Landing,2.0,6.0,0.0,0.0,Data sync is unreliable,1.2,0,1,0,0.0,0.0,0.0,2.0
5919,2026-02-23,Paid,Desktop,UK,Free,Landing,2.0,11.0,0.0,0.0,Too many bugs on mobile,1.1,0,1,0,2.0,0.0,0.0,2.0
5920,2026-04-28,Organic,Desktop,USA,Free,Landing,1.0,9.0,0.0,0.0,No dark mode,1.2,0,1,0,0.0,0.0,0.0,1.0
5921,2025-06-07,Organic,Mobile,USA,Free,Landing,1.0,14.0,0.0,0.0,Too many steps during setup process,2.0,0,1,0,0.0,0.0,0.0,5.0
5922,2025-11-04,Organic,Mobile,USA,Free,Onboarding,3.0,21.0,2.0,1.0,Meets minimum requirements,3.6,0,1,1,0.0,0.0,0.0,8.0
5923,2025-01-19,Paid,Desktop,USA,Free,Landing,2.0,5.0,0.0,0.0,UI feels outdated,1.2,0,1,0,0.0,0.0,0.0,4.0
5924,2025-01-01,Referral,Desktop,USA,Free,First Feature Use,11.0,61.0,6.0,0.0,Highly recommend to other teams,4.6,0,1,1,1.0,0.0,0.0,9.0
5925,2026-01-30,Organic,Mobile,Germany,Free,Landing,2.0,8.0,0.0,0.0,The onboarding tutorial was confusing,2.1,0,1,0,2.0,0.0,0.0,6.0
5926,2026-04-28,Organic,Desktop,Germany,Free,Landing,2.0,7.0,0.0,0.0,Too many bugs on mobile,1.9,0,1,0,0.0,0.0,0.0,2.0
5927,2025-09-17,Organic,Desktop,India,Free,Sign-up,3.0,23.0,1.0,0.0,Nothing exceptional,3.9,0,1,0,0.0,0.0,0.0,8.0
5928,2025-06-12,Referral,Mobile,USA,Premium,Upgrade,11.0,92.0,15.0,0.0,Onboarding tutorial was straightforward,4.4,1,0,1,0.0,0.0,0.0,5.0
5929,2025-05-23,Referral,Mobile,USA,Free,First Feature Use,8.0,54.0,4.0,1.0,Good enough for my use case,3.7,0,1,1,2.0,1.0,0.0,2.0
5930,2025-02-23,Organic,Desktop,Canada,Free,Landing,2.0,10.0,0.0,0.0,Mobile app crashes while exporting reports,1.0,0,1,0,1.0,0.0,0.0,5.0
5931,2025-09-12,Paid,Mobile,India,Free,Sign-up,2.0,23.0,0.0,0.0,Missing key features compared to competitors,1.1,0,1,0,1.0,0.0,0.0,7.0
5932,2025-01-16,Organic,Desktop,USA,Free,First Feature Use,7.0,56.0,7.0,0.0,Will decide after trial ends,2.6,0,1,1,0.0,0.0,0.0,1.0
5933,2025-11-18,Paid,Mobile,USA,Free,Onboarding,4.0,39.0,3.0,,Need more time before upgrading,2.7,0,1,1,1.0,1.0,0.0,2.0
5934,2025-11-11,Paid,Desktop,USA,Free,Sign-up,2.0,14.0,0.0,1.0,UI feels outdated,,0,1,0,0.0,1.0,0.0,7.0
5935,2025-10-27,Organic,Mobile,UK,Free,Onboarding,4.0,33.0,3.0,0.0,Ok for basic use,2.7,0,1,1,0.0,0.0,0.0,6.0
5936,2026-01-20,Referral,Tablet,Germany,Basic,First Feature Use,11.0,38.0,4.0,0.0,Helped our team productivity,5.0,0,0,1,0.0,0.0,7.0,14.0
5937,2025-10-16,Paid,Tablet,USA,Free,Sign-up,2.0,12.0,1.0,0.0,Support response time is slow,1.4,0,1,0,1.0,0.0,0.0,6.0
5938,2025-01-05,Organic,Tablet,USA,Basic,First Feature Use,,69.0,5.0,1.0,Needs a few more integrations,3.1,0,1,1,0.0,1.0,0.0,13.0
5939,2025-07-10,Paid,Mobile,USA,Premium,Upgrade,,111.0,7.0,0.0,Mobile experience is smooth,4.8,1,0,1,1.0,1.0,0.0,13.0
5940,2025-04-06,Paid,Desktop,USA,Free,First Feature Use,11.0,63.0,,1.0,The API documentation is clear,4.1,0,1,1,0.0,0.0,0.0,8.0
5941,2026-03-01,Referral,Mobile,UK,Basic,Upgrade,19.0,144.0,10.0,0.0,Very intuitive UI,4.6,1,0,1,1.0,0.0,0.0,7.0
5942,2026-04-30,Organic,Desktop,India,Free,Sign-up,3.0,13.0,1.0,0.0,Room for improvement in UI,,0,1,0,0.0,0.0,0.0,3.0
5943,2026-01-10,Organic,Mobile,USA,Free,Onboarding,7.0,38.0,3.0,1.0,Good enough for my use case,3.1,0,1,1,0.0,0.0,0.0,1.0
5944,2025-06-03,Paid,Desktop,India,Free,Landing,1.0,12.0,0.0,0.0,Customer support unhelpful,2.2,0,1,0,0.0,0.0,,4.0
5945,2025-11-19,Paid,Tablet,USA,Free,Onboarding,6.0,37.0,1.0,0.0,Not sure if I'll continue,2.5,0,1,1,1.0,0.0,0.0,4.0
5946,2025-11-08,Organic,Mobile,UK,Free,Onboarding,5.0,27.0,3.0,2.0,Will evaluate again next month,3.7,0,1,1,1.0,1.0,0.0,4.0
5947,2025-09-24,Referral,Mobile,UK,Free,Landing,1.0,14.0,0.0,0.0,Customer support unhelpful,2.0,0,1,0,0.0,0.0,0.0,2.0
5948,2025-04-01,Organic,Mobile,USA,Free,Onboarding,4.0,34.0,3.0,1.0,Will evaluate again next month,2.6,0,1,1,0.0,1.0,0.0,8.0
5949,2025-06-17,Organic,Mobile,UK,Free,Landing,1.0,10.0,0.0,0.0,Missing key features compared to competitors,1.2,0,1,0,2.0,0.0,0.0,4.0
5950,2025-12-05,Referral,Mobile,USA,Free,Sign-up,4.0,14.0,0.0,0.0,Still exploring features,3.9,0,1,0,1.0,1.0,0.0,9.0
5951,2025-10-14,Organic,Desktop,USA,Free,Sign-up,4.0,14.0,0.0,0.0,Meets minimum requirements,3.4,0,1,0,0.0,0.0,0.0,4.0
5952,2026-01-11,Organic,Mobile,USA,Free,Onboarding,4.0,23.0,1.0,0.0,Not blown away but not disappointed,3.5,0,1,1,0.0,0.0,0.0,5.0
5953,2025-04-18,Paid,Desktop,USA,Free,Sign-up,3.0,20.0,0.0,1.0,Will decide after trial ends,3.5,0,1,0,0.0,0.0,0.0,8.0
5954,2025-09-24,Organic,Mobile,India,Free,Landing,1.0,11.0,0.0,1.0,Dashboard loads slowly,2.0,0,1,0,0.0,0.0,0.0,5.0
5955,2025-02-13,Referral,Mobile,USA,Free,First Feature Use,6.0,53.0,3.0,0.0,"Works as expected, nothing special",2.6,0,1,1,1.0,1.0,0.0,7.0
5956,2025-02-06,Paid,Mobile,India,Free,Onboarding,6.0,40.0,1.0,0.0,Average experience so far,3.1,0,1,1,0.0,1.0,0.0,13.0
5957,2025-12-02,Paid,Mobile,Germany,Free,Onboarding,5.0,23.0,2.0,0.0,Still exploring features,3.9,0,1,1,1.0,0.0,0.0,6.0
5958,2025-11-12,Organic,Desktop,USA,Free,First Feature Use,9.0,44.0,6.0,0.0,Very intuitive UI,4.5,0,1,1,0.0,0.0,0.0,11.0
5959,2025-02-14,Organic,Mobile,USA,Premium,Upgrade,18.0,108.0,10.0,1.0,Analytics dashboard is insightful,4.0,1,0,1,0.0,1.0,0.0,28.0
5960,2026-01-12,Paid,Desktop,USA,Free,Landing,1.0,7.0,0.0,0.0,Too many bugs on mobile,1.2,0,1,0,0.0,0.0,0.0,4.0
5961,2025-06-22,Paid,Mobile,USA,Free,Landing,1.0,6.0,0.0,0.0,Mobile app crashes while exporting reports,2.5,0,1,0,0.0,0.0,0.0,4.0
5962,2025-03-27,Paid,Tablet,USA,Basic,First Feature Use,10.0,51.0,4.0,0.0,Customer support was excellent,4.0,0,0,1,0.0,0.0,7.0,16.0
5963,2025-12-18,Organic,Desktop,India,Free,First Feature Use,5.0,49.0,4.0,2.0,Room for improvement in UI,3.9,0,1,1,1.0,0.0,0.0,4.0
5964,2025-06-11,Paid,Mobile,USA,Free,First Feature Use,5.0,60.0,7.0,1.0,Ok for basic use,3.5,0,1,1,0.0,0.0,0.0,19.0
5965,2025-01-07,Organic,Mobile,India,Free,Onboarding,4.0,35.0,1.0,1.0,"Works as expected, nothing special",3.7,0,1,1,0.0,0.0,0.0,8.0
5966,2025-11-01,Paid,Mobile,USA,Free,Onboarding,7.0,27.0,1.0,0.0,Meets minimum requirements,2.7,0,1,1,1.0,0.0,0.0,7.0
5967,2025-11-09,Paid,Desktop,USA,Free,Sign-up,3.0,14.0,1.0,0.0,Still exploring features,2.8,0,1,0,1.0,1.0,0.0,6.0
5968,2026-02-26,Organic,Mobile,USA,Free,Sign-up,4.0,16.0,0.0,0.0,Similar to other tools,2.7,0,1,0,0.0,0.0,0.0,8.0
5969,2025-01-18,Paid,Desktop,USA,Free,First Feature Use,,31.0,,0.0,Real-time sync is fast,4.8,0,1,1,2.0,0.0,0.0,16.0
5970,2026-03-11,Organic,Mobile,USA,Premium,Upgrade,19.0,85.0,17.0,0.0,Feature updates are frequent and useful,4.9,1,0,1,1.0,0.0,0.0,4.0
5971,2025-07-14,Paid,Mobile,UK,Free,First Feature Use,9.0,32.0,6.0,1.0,Easy onboarding experience,4.7,0,1,1,1.0,0.0,0.0,3.0
5972,2025-05-28,Paid,Mobile,India,Free,Landing,1.0,14.0,0.0,0.0,Too many bugs on mobile,1.1,0,1,0,0.0,0.0,0.0,2.0
5973,2025-08-29,Organic,Mobile,USA,Premium,Upgrade,14.0,70.0,16.0,1.0,Automated reports are a lifesaver,4.2,1,0,1,0.0,1.0,0.0,7.0
5974,2025-03-02,Referral,Desktop,India,Free,First Feature Use,6.0,34.0,4.0,0.0,No strong opinion yet,3.7,0,1,1,1.0,0.0,0.0,18.0
5975,2025-02-13,Paid,Mobile,USA,Basic,Upgrade,24.0,64.0,14.0,0.0,The API documentation is clear,4.7,1,0,1,0.0,0.0,0.0,25.0
5976,2025-11-03,Referral,Desktop,USA,Free,First Feature Use,10.0,56.0,7.0,0.0,Saves me hours every week,4.0,0,1,1,0.0,0.0,0.0,11.0
5977,2025-02-09,,Desktop,India,Free,Landing,1.0,9.0,0.0,0.0,Cannot customize reports enough,1.3,0,1,0,0.0,0.0,0.0,3.0
5978,2025-05-25,Referral,Mobile,Germany,Premium,Upgrade,18.0,149.0,15.0,0.0,Simple and effective design,4.5,1,0,1,0.0,2.0,0.0,16.0
5979,2025-10-26,Organic,Mobile,India,Free,Onboarding,5.0,34.0,1.0,0.0,Haven't used all features yet,3.8,0,1,1,0.0,0.0,0.0,7.0
5980,2025-01-20,Paid,Mobile,USA,Basic,Onboarding,5.0,37.0,2.0,1.0,Not blown away but not disappointed,3.5,0,0,1,0.0,0.0,8.0,10.0
5981,2025-09-07,Referral,Desktop,Canada,Basic,First Feature Use,11.0,40.0,,0.0,Support team solved my issue quickly,4.2,0,0,1,0.0,0.0,5.0,4.0
5982,2025-07-14,Organic,Mobile,India,Free,Sign-up,2.0,10.0,1.0,0.0,No offline access,2.4,0,1,0,0.0,0.0,0.0,4.0
5983,2025-11-20,Organic,Mobile,UK,Free,Landing,2.0,10.0,0.0,1.0,Frequent downtime,2.4,0,1,0,0.0,0.0,0.0,4.0
5984,2026-01-25,Paid,Mobile,Canada,Basic,Upgrade,10.0,60.0,19.0,0.0,Analytics dashboard is insightful,4.7,1,0,1,1.0,0.0,0.0,5.0
5985,2026-01-09,Paid,Mobile,India,Free,Sign-up,4.0,,1.0,1.0,"Works as expected, nothing special",2.6,0,1,0,0.0,,0.0,7.0
5986,2025-08-17,Paid,Tablet,India,Free,Landing,1.0,8.0,0.0,0.0,Trial period too short,2.3,0,1,0,0.0,0.0,0.0,2.0
5987,2025-05-31,Organic,Desktop,India,Free,Landing,2.0,13.0,0.0,0.0,Support response time is slow,2.4,0,1,0,0.0,0.0,0.0,
5988,2025-05-03,Paid,Mobile,USA,Premium,Upgrade,11.0,149.0,9.0,0.0,Love how everything is customisable,4.6,1,0,1,1.0,0.0,0.0,15.0
5989,2025-05-26,Organic,Desktop,India,Free,Onboarding,7.0,40.0,2.0,0.0,Still exploring features,2.9,0,1,1,1.0,1.0,0.0,12.0
5990,2025-08-20,Referral,Tablet,USA,Free,First Feature Use,5.0,40.0,3.0,1.0,Decent but not great,2.7,0,1,1,2.0,,0.0,4.0
5991,2026-01-09,Paid,Mobile,Canada,Premium,Upgrade,12.0,95.0,17.0,0.0,Very intuitive UI,4.6,1,0,1,0.0,0.0,0.0,21.0
5992,2025-12-12,Paid,Desktop,UK,Free,Sign-up,4.0,14.0,0.0,0.0,Nothing exceptional,2.8,0,1,0,1.0,0.0,0.0,4.0
5993,2026-01-20,Organic,Mobile,India,Free,First Feature Use,8.0,61.0,7.0,0.0,Good enough for my use case,2.7,0,1,1,0.0,1.0,0.0,14.0
5994,2025-03-19,Referral,Desktop,USA,Free,Landing,2.0,14.0,0.0,0.0,Cannot customize reports enough,1.3,0,1,0,0.0,,0.0,6.0
5995,2025-10-29,Paid,Desktop,India,Free,Onboarding,5.0,29.0,2.0,3.0,Decent but not great,3.5,0,1,1,1.0,1.0,0.0,12.0
5996,2025-08-07,Referral,Tablet,USA,Free,Onboarding,6.0,24.0,1.0,0.0,Similar to other tools,2.9,0,1,1,2.0,0.0,0.0,2.0
5997,2025-05-08,Organic,Mobile,UK,Basic,Onboarding,5.0,42.0,3.0,0.0,Nothing exceptional,3.5,0,0,1,1.0,1.0,6.0,9.0
5998,2025-02-11,Paid,Desktop,India,Free,First Feature Use,10.0,,4.0,2.0,Reporting module saves a lot of time,4.8,0,1,1,0.0,0.0,0.0,2.0
5999,2025-03-02,Paid,Mobile,USA,Free,Sign-up,2.0,16.0,1.0,0.0,Pricing too high for small businesses,1.8,0,1,0,0.0,1.0,0.0,3.0
6000,2025-08-18,Organic,Mobile,USA,Free,Landing,1.0,5.0,0.0,1.0,Dashboard loads slowly,1.4,0,1,0,1.0,0.0,0.0,2.0
